exp,tag,p,q,N,eps,K,nrez,op,route,gauge,b0,field,variant,kind,step,t,s,rezone,minDetJ,errB_rel,errA_rel,normB_ex,E_B,E_ex,E_err_rel,E_over_E0,E_over_Eex,H,H_over_H0,flux_err,flux_x,flux_y,flux_z,div_scaled,div_max,t_rezone,t_setup,t_apply,t_gauge,t_cum_transfer,t_cum_wall,iters,inner_iters,gauge_iters,gauge_resid_before,gauge_resid_after,gauge_grad_before,gauge_grad_after,nnotfound,final_dB,final_E_ratio,final_H_ratio,final_flux_err,final_div,final_errB,a_change_inf,t_transfer_total
exp5_ale,main,3,2,8,5.9999999999999998e-01,100,20,B_l2c,B,none,0,abc,1,step,0,0.0000000000000000e+00,0.0000000000000000e+00,0,9.9999999999998312e-01,1.5153120508749113e-03,nan,8.8857658763167251e+00,3.9478387313158137e+01,3.9478417604357368e+01,-7.6728504000017903e-07,1.0000000000000000e+00,9.9999923271496005e-01,nan,nan,4.3021142204224816e-16,-4.3021142204224816e-16,-8.3266726846886741e-17,-4.8572257327350599e-17,3.1163375205197766e-15,1.7883472480662022e-12,0.0000000000000000e+00,0.0000000000000000e+00,0.0000000000000000e+00,0.0000000000000000e+00,0.0000000000000000e+00,5.4146798890000003e+00,0,0,-1,nan,nan,nan,nan,0,nan,nan,nan,nan,nan,nan,nan,nan
exp5_ale,main,3,2,8,5.9999999999999998e-01,100,20,B_l2c,B,none,0,abc,1,step,5,5.0000000000000003e-02,2.4471741852423214e-02,0,9.9976290980207760e-01,1.5342900364641156e-03,nan,8.8862466040846755e+00,3.9482654634479999e+01,3.9482689354303211e+01,-8.7936824415510179e-07,1.0001080925947661e+00,9.9999912063175589e-01,nan,nan,4.3021142204224816e-16,-4.3021142204224816e-16,-8.3266726846886741e-17,-4.8572257327350599e-17,3.1161678767739434e-15,1.7883472480662022e-12,0.0000000000000000e+00,0.0000000000000000e+00,0.0000000000000000e+00,0.0000000000000000e+00,0.0000000000000000e+00,6.2521615869999998e+00,0,0,-1,nan,nan,nan,nan,0,nan,nan,nan,nan,nan,nan,nan,nan
exp5_ale,main,3,2,8,5.9999999999999998e-01,100,20,B_l2c,B,none,0,abc,1,step,5,5.0000000000000003e-02,2.4471741852423214e-02,1,9.9999999999998312e-01,1.5455764148234767e-03,nan,8.8862466040846027e+00,3.9482770672816969e+01,3.9482689354302565e+01,2.0595991745708984e-06,1.0001110318824338e+00,1.0000020595991745e+00,nan,nan,1.3253287356462806e-15,-3.8857805861880479e-16,-1.0061396160665481e-15,-1.3149203947904198e-15,6.6657820546824900e-16,3.9790393202565610e-13,1.6356999551000001e+01,1.5561657259999997e+00,1.4743376315999999e+01,0.0000000000000000e+00,1.6356999551000001e+01,2.3628768236999999e+01,40,246,-1,nan,nan,nan,nan,0,nan,nan,nan,nan,nan,nan,nan,nan
exp5_ale,main,3,2,8,5.9999999999999998e-01,100,20,B_l2c,B,none,0,abc,1,step,10,1.0000000000000001e-01,9.5491502812526274e-02,0,9.9669006579987618e-01,1.7951434020668199e-03,nan,8.8931731396841371e+00,3.9544319696786310e+01,3.9544264246199710e+01,1.4022409484061341e-06,1.0016700880688254e+00,1.0000014022409485e+00,nan,nan,1.3253287356462806e-15,-3.8857805861880479e-16,-1.0061396160665481e-15,-1.3149203947904198e-15,6.6607164350018076e-16,3.9790393202565610e-13,0.0000000000000000e+00,0.0000000000000000e+00,0.0000000000000000e+00,0.0000000000000000e+00,1.6356999551000001e+01,2.4742616827999999e+01,0,0,-1,nan,nan,nan,nan,0,nan,nan,nan,nan,nan,nan,nan,nan
exp5_ale,main,3,2,8,5.9999999999999998e-01,100,20,B_l2c,B,none,0,abc,1,step,10,1.0000000000000001e-01,9.5491502812526274e-02,1,9.9999999999998312e-01,1.8463552700712870e-03,nan,8.8931731396841336e+00,3.9544087052338874e+01,3.9544264246199674e+01,-4.4808991690167098e-06,1.0016641951116083e+00,9.9999551910083095e-01,nan,nan,2.9490299091605721e-15,-4.4408920985006262e-16,-1.9151347174783950e-15,-2.8865798640254070e-15,1.0214399175465835e-15,3.6948222259525210e-13,1.8280986082999998e+01,3.2857671679999996e+00,1.4921514671000001e+01,0.0000000000000000e+00,3.4637985634000003e+01,4.4077641561000000e+01,40,246,-1,nan,nan,nan,nan,0,nan,nan,nan,nan,nan,nan,nan,nan
exp5_ale,main,3,2,8,5.9999999999999998e-01,100,20,B_l2c,B,none,0,abc,1,step,15,1.4999999999999999e-01,2.0610737385376340e-01,0,9.8713102917087892e-01,2.5781386031207471e-03,nan,8.9210167586304561e+00,3.9791826742433472e+01,3.9792270003882727e+01,-1.1139385845857013e-05,1.0079395195854635e+00,9.9998886061415415e-01,nan,nan,2.9490299091605721e-15,-4.4408920985006262e-16,-1.9151347174783950e-15,-2.8865798640254070e-15,1.0182335778952165e-15,3.6948222259525210e-13,0.0000000000000000e+00,0.0000000000000000e+00,0.0000000000000000e+00,0.0000000000000000e+00,3.4637985634000003e+01,4.5263559595000004e+01,0,0,-1,nan,nan,nan,nan,0,nan,nan,nan,nan,nan,nan,nan,nan
exp5_ale,main,3,2,8,5.9999999999999998e-01,100,20,B_l2c,B,none,0,abc,1,step,15,1.4999999999999999e-01,2.0610737385376340e-01,1,9.9999999999998312e-01,2.6142908589420165e-03,nan,8.9210167586302038e+00,3.9791297615225119e+01,3.9792270003880475e+01,-2.4436621868042353e-05,1.0079261166264177e+00,9.9997556337813198e-01,nan,nan,4.9266146717741321e-15,-8.0491169285323849e-16,-3.1363800445660672e-15,-4.9266146717741321e-15,1.3894481768734601e-15,4.5474735088646412e-13,1.9384795589999996e+01,3.5012490220000032e+00,1.5808994284000008e+01,0.0000000000000000e+00,5.4022781223999999e+01,6.5585506491999993e+01,39,240,-1,nan,nan,nan,nan,0,nan,nan,nan,nan,nan,nan,nan,nan
exp5_ale,main,3,2,8,5.9999999999999998e-01,100,20,B_l2c,B,none,0,abc,1,step,20,2.0000000000000001e-01,3.4549150281252627e-01,0,9.7008666624594697e-01,3.7616326275904935e-03,nan,8.9879998463250352e+00,4.0390306760663414e+01,4.0392070618769431e+01,-4.3668424990256321e-05,1.0230992071756015e+00,9.9995633157500974e-01,nan,nan,4.9266146717741321e-15,-8.0491169285323849e-16,-3.1363800445660672e-15,-4.9266146717741321e-15,1.3790475944984267e-15,4.5474735088646412e-13,0.0000000000000000e+00,0.0000000000000000e+00,0.0000000000000000e+00,0.0000000000000000e+00,5.4022781223999999e+01,6.6754337640999992e+01,0,0,-1,nan,nan,nan,nan,0,nan,nan,nan,nan,nan,nan,nan,nan
exp5_ale,main,3,2,8,5.9999999999999998e-01,100,20,B_l2c,B,none,0,abc,1,step,20,2.0000000000000001e-01,3.4549150281252627e-01,1,9.9999999999998312e-01,3.7255196241354912e-03,nan,8.9879998463202515e+00,4.0390651997279491e+01,4.0392070618726436e+01,-3.5121285569525016e-05,1.0231079521279558e+00,9.9996487871443052e-01,nan,nan,6.7584826624056404e-15,-2.4424906541753444e-15,-4.3992587350771828e-15,-6.5676630800481917e-15,1.2579848437249893e-15,4.2899017671516049e-13,1.9069981835000007e+01,3.3520386170000052e+00,1.5623069221000009e+01,0.0000000000000000e+00,7.3092763059000006e+01,8.6947070871999998e+01,39,240,-1,nan,nan,nan,nan,0,nan,nan,nan,nan,nan,nan,nan,nan
exp5_ale,main,3,2,8,5.9999999999999998e-01,100,20,B_l2c,B,none,0,abc,1,step,25,2.5000000000000000e-01,4.9999999999999989e-01,0,9.4763711158068242e-01,5.1495564155513932e-03,nan,9.1089485585592467e+00,4.1483423712379242e+01,4.1486471921239286e+01,-7.3474767047691336e-05,1.0507882042727927e+00,9.9992652523295233e-01,nan,nan,6.7584826624056404e-15,-2.4424906541753444e-15,-4.3992587350771828e-15,-6.5676630800481917e-15,1.2422573903904338e-15,4.2899017671516049e-13,0.0000000000000000e+00,0.0000000000000000e+00,0.0000000000000000e+00,0.0000000000000000e+00,7.3092763059000006e+01,8.8088515618999992e+01,0,0,-1,nan,nan,nan,nan,0,nan,nan,nan,nan,nan,nan,nan,nan
exp5_ale,main,3,2,8,5.9999999999999998e-01,100,20,B_l2c,B,none,0,abc,1,step,25,2.5000000000000000e-01,4.9999999999999989e-01,1,9.9999999999998312e-01,5.0602157305575301e-03,nan,9.1089485585242915e+00,4.1485798910792880e+01,4.1486471920920884e+01,-1.6222399660472209e-05,1.0508483687976198e+00,9.9998377760033952e-01,nan,nan,8.7221896372113861e-15,-3.7053693446864600e-15,-5.9119376061289586e-15,-8.6181062286527776e-15,1.3707091275670556e-15,6.2527760746888816e-13,1.9171821274999999e+01,3.3934497200000067e+00,1.5675134915000001e+01,0.0000000000000000e+00,9.2264584334000006e+01,1.0839034931600000e+02,40,246,-1,nan,nan,nan,nan,0,nan,nan,nan,nan,nan,nan,nan,nan
exp5_ale,main,3,2,8,5.9999999999999998e-01,100,20,B_l2c,B,none,0,abc,1,step,30,2.9999999999999999e-01,6.5450849718747373e-01,0,9.2431818004258681e-01,6.7284544624023742e-03,nan,9.2873462091043422e+00,4.3123868604429504e+01,4.3127399803882398e+01,-8.1878329529526731e-05,1.0923411906964176e+00,9.9991812167047045e-01,nan,nan,8.7221896372113861e-15,-3.7053693446864600e-15,-5.9119376061289586e-15,-8.6181062286527776e-15,1.3474158721713076e-15,6.2527760746888816e-13,0.0000000000000000e+00,0.0000000000000000e+00,0.0000000000000000e+00,0.0000000000000000e+00,9.2264584334000006e+01,1.0953662408800000e+02,0,0,-1,nan,nan,nan,nan,0,nan,nan,nan,nan,nan,nan,nan,nan
exp5_ale,main,3,2,8,5.9999999999999998e-01,100,20,B_l2c,B,none,0,abc,1,step,30,2.9999999999999999e-01,6.5450849718747373e-01,1,9.9999999999998312e-01,6.6611486071248864e-03,nan,9.2873462089540535e+00,4.3127748785611978e+01,4.3127399802486615e+01,8.0919120318265099e-06,1.0924394769093699e+00,1.0000080919120318e+00,nan,nan,1.0831613383999183e-14,-4.5935477643865852e-15,-6.4948046940571658e-15,-1.0831613383999183e-14,1.8582546483068952e-15,7.8159700933611020e-13,1.9584232195000013e+01,3.3343394760000109e+00,1.6126203382000000e+01,0.0000000000000000e+00,1.1184881652900002e+02,1.3019822858300000e+02,40,246,-1,nan,nan,nan,nan,0,nan,nan,nan,nan,nan,nan,nan,nan
exp5_ale,main,3,2,8,5.9999999999999998e-01,100,20,B_l2c,B,none,0,abc,1,step,35,3.5000000000000003e-01,7.9389262614623646e-01,0,9.0673337500972728e-01,8.6851617315654751e-03,nan,9.5079499908460736e+00,4.5195801480033026e+01,4.5200556514214924e+01,-1.0519857604855396e-04,1.1448239038115235e+00,9.9989480142395148e-01,nan,nan,1.0831613383999183e-14,-4.5935477643865852e-15,-6.4948046940571658e-15,-1.0831613383999183e-14,1.8183022706739570e-15,7.8159700933611020e-13,0.0000000000000000e+00,0.0000000000000000e+00,0.0000000000000000e+00,0.0000000000000000e+00,1.1184881652900002e+02,1.3130595070100000e+02,0,0,-1,nan,nan,nan,nan,0,nan,nan,nan,nan,nan,nan,nan,nan
exp5_ale,main,3,2,8,5.9999999999999998e-01,100,20,B_l2c,B,none,0,abc,1,step,35,3.5000000000000003e-01,7.9389262614623646e-01,1,9.9999999999998312e-01,8.8672265766493244e-03,nan,9.5079499897720812e+00,4.5196914594182914e+01,4.5200556504003458e+01,-8.0572234110030814e-05,1.1448520993439566e+00,9.9991942776588993e-01,nan,nan,1.4058199049316045e-14,-5.5511151231257827e-15,-7.9866668833972199e-15,-1.4058199049316045e-14,4.4236514076649644e-15,1.6857071294396064e-12,1.8104939755999993e+01,3.1751644809999959e+00,1.4808313587999976e+01,0.0000000000000000e+00,1.2995375628500000e+02,1.5046998677799999e+02,39,240,-1,nan,nan,nan,nan,0,nan,nan,nan,nan,nan,nan,nan,nan
exp5_ale,main,3,2,8,5.9999999999999998e-01,100,20,B_l2c,B,none,0,abc,1,step,40,4.0000000000000002e-01,9.0450849718747361e-01,0,9.0364262456201472e-01,1.1304067890342169e-02,nan,9.7326849942880056e+00,4.7349778913141847e+01,4.7362578599019457e+01,-2.7024892343752236e-04,1.1993848314406748e+00,9.9972975107656248e-01,nan,nan,1.4058199049316045e-14,-5.5511151231257827e-15,-7.9866668833972199e-15,-1.4058199049316045e-14,4.3241724721441908e-15,1.6857071294396064e-12,0.0000000000000000e+00,0.0000000000000000e+00,0.0000000000000000e+00,0.0000000000000000e+00,1.2995375628500000e+02,1.5155448403500000e+02,0,0,-1,nan,nan,nan,nan,0,nan,nan,nan,nan,nan,nan,nan,nan
exp5_ale,main,3,2,8,5.9999999999999998e-01,100,20,B_l2c,B,none,0,abc,1,step,40,4.0000000000000002e-01,9.0450849718747361e-01,1,9.9999999999998312e-01,1.2082226321233801e-02,nan,9.7326849694976456e+00,4.7343956894990356e+01,4.7362578357742692e+01,-3.9316826486266197e-04,1.1992373578849465e+00,9.9960683173513731e-01,nan,nan,1.5126788710517758e-14,-5.5094817597023393e-15,-9.0483176506950258e-15,-1.5126788710517758e-14,4.4977780327768597e-15,1.7422729925442582e-12,1.5967243937999996e+01,2.6389223040000047e+00,1.3230993120999983e+01,0.0000000000000000e+00,1.4592100022299999e+02,1.6843303208300000e+02,39,240,-1,nan,nan,nan,nan,0,nan,nan,nan,nan,nan,nan,nan,nan
exp5_ale,main,3,2,8,5.9999999999999998e-01,100,20,B_l2c,B,none,0,abc,1,step,45,4.5000000000000001e-01,9.7552825814757682e-01,0,9.2422206156244857e-01,1.4410529893615751e-02,nan,9.9052102124092958e+00,4.9025720994444164e+01,4.9056594676008700e+01,-6.2934824091316209e-04,1.2418369728619563e+00,9.9937065175908679e-01,nan,nan,1.5126788710517758e-14,-5.5094817597023393e-15,-9.0483176506950258e-15,-1.5126788710517758e-14,4.4231030583899332e-15,1.7422729925442582e-12,0.0000000000000000e+00,0.0000000000000000e+00,0.0000000000000000e+00,0.0000000000000000e+00,1.4592100022299999e+02,1.6939019233400001e+02,0,0,-1,nan,nan,nan,nan,0,nan,nan,nan,nan,nan,nan,nan,nan
exp5_ale,main,3,2,8,5.9999999999999998e-01,100,20,B_l2c,B,none,0,abc,1,step,45,4.5000000000000001e-01,9.7552825814757682e-01,1,9.9999999999998312e-01,1.5646340693539377e-02,nan,9.9052101904036824e+00,4.9018995715285200e+01,4.9056594458038475e+01,-7.6643605551208267e-04,1.2416666194200690e+00,9.9923356394448792e-01,nan,nan,1.7177231859122344e-14,-4.4964032497318840e-15,-1.2496947920936918e-14,-1.7132129048746947e-14,6.7942845606848634e-15,3.4367508838784033e-12,1.5870029994000021e+01,1.9213642469999854e+00,1.3854060081000000e+01,0.0000000000000000e+00,1.6179103021700001e+02,1.8639046908300000e+02,39,240,-1,nan,nan,nan,nan,0,nan,nan,nan,nan,nan,nan,nan,nan
exp5_ale,main,3,2,8,5.9999999999999998e-01,100,20,B_l2c,B,none,0,abc,1,step,50,5.0000000000000000e-01,1.0000000000000000e+00,0,9.7055444102536581e-01,1.6659924185321296e-02,nan,9.9705722881425540e+00,4.9661997774727524e+01,4.9706155876538119e+01,-8.8838295844636259e-04,1.2579540643539711e+00,9.9911161704155360e-01,nan,nan,1.7177231859122344e-14,-4.4964032497318840e-15,-1.2496947920936918e-14,-1.7132129048746947e-14,6.7528375495450765e-15,3.4367508838784033e-12,0.0000000000000000e+00,0.0000000000000000e+00,0.0000000000000000e+00,0.0000000000000000e+00,1.6179103021700001e+02,1.8750168773199999e+02,0,0,-1,nan,nan,nan,nan,0,nan,nan,nan,nan,nan,nan,nan,nan
exp5_ale,main,3,2,8,5.9999999999999998e-01,100,20,B_l2c,B,none,0,abc,1,step,50,5.0000000000000000e-01,1.0000000000000000e+00,1,9.9999999999998312e-01,1.7477912230425642e-02,nan,9.9705724252725698e+00,4.9670531094146767e+01,4.9706157243802870e+01,-7.1673514171214519e-04,1.2581702160258099e+00,9.9928326485828789e-01,nan,nan,1.8030715809302933e-14,-7.1331829332166308e-15,-1.1782241848834474e-14,-1.7888468484272835e-14,1.3028826513949302e-15,7.3896444519050419e-13,1.7780737566000028e+01,1.7571331380000004e+00,1.5928121153000006e+01,0.0000000000000000e+00,1.7957176778300004e+02,2.0645432232900001e+02,40,246,-1,nan,nan,nan,nan,0,nan,nan,nan,nan,nan,nan,nan,nan
exp5_ale,main,3,2,8,5.9999999999999998e-01,100,20,B_l2c,B,none,0,abc,1,step,55,5.5000000000000004e-01,9.7552825814757660e-01,0,9.8675556072180937e-01,1.6450308769451305e-02,nan,9.9052102785115235e+00,4.9027506462274246e+01,4.9056595330765170e+01,-5.9296549821264745e-04,1.2418821993251328e+00,9.9940703450178736e-01,nan,nan,1.8030715809302933e-14,-7.1331829332166308e-15,-1.1782241848834474e-14,-1.7888468484272835e-14,1.3105562703275858e-15,7.3896444519050419e-13,0.0000000000000000e+00,0.0000000000000000e+00,0.0000000000000000e+00,0.0000000000000000e+00,1.7957176778300004e+02,2.0765387986799999e+02,0,0,-1,nan,nan,nan,nan,0,nan,nan,nan,nan,nan,nan,nan,nan
exp5_ale,main,3,2,8,5.9999999999999998e-01,100,20,B_l2c,B,none,0,abc,1,step,55,5.5000000000000004e-01,9.7552825814757660e-01,1,9.9999999999998312e-01,1.5624689681067630e-02,nan,9.9052101904036807e+00,4.9019533560306307e+01,4.9056594458038461e+01,-7.5547228953804771e-04,1.2416802432040608e+00,9.9924452771046191e-01,nan,nan,2.0358714714063808e-14,-8.8123952579621800e-15,-1.4432899320127035e-14,-2.0358714714063808e-14,1.2723539606026311e-15,5.4001247917767614e-13,1.7987531861999997e+01,1.8780731089999847e+00,1.5991216842000000e+01,0.0000000000000000e+00,1.9755929964500004e+02,2.2671812604700000e+02,40,246,-1,nan,nan,nan,nan,0,nan,nan,nan,nan,nan,nan,nan,nan
exp5_ale,main,3,2,8,5.9999999999999998e-01,100,20,B_l2c,B,none,0,abc,1,step,60,5.9999999999999998e-01,9.0450849718747384e-01,0,9.6295186025748336e-01,1.3346793442357228e-02,nan,9.7326849505844528e+00,4.7340289794716945e+01,4.7362578173666549e+01,-4.7059049167209513e-04,1.1991444690786150e+00,9.9952940950832792e-01,nan,nan,2.0358714714063808e-14,-8.8123952579621800e-15,-1.4432899320127035e-14,-2.0358714714063808e-14,1.2933058378646333e-15,5.4001247917767614e-13,0.0000000000000000e+00,0.0000000000000000e+00,0.0000000000000000e+00,0.0000000000000000e+00,1.9755929964500004e+02,2.2782392309899998e+02,0,0,-1,nan,nan,nan,nan,0,nan,nan,nan,nan,nan,nan,nan,nan
exp5_ale,main,3,2,8,5.9999999999999998e-01,100,20,B_l2c,B,none,0,abc,1,step,60,5.9999999999999998e-01,9.0450849718747384e-01,1,9.9999999999998312e-01,1.1797354734085724e-02,nan,9.7326849694976474e+00,4.7344791845237133e+01,4.7362578357742713e+01,-3.7553936298049075e-04,1.1992585074379958e+00,9.9962446063701949e-01,nan,nan,2.2239154962022667e-14,-1.0047518372857667e-14,-1.3232470674751085e-14,-2.1177504194724861e-14,6.2315298131668132e-15,2.4087398742267396e-12,1.6177505975999992e+01,2.7351253820000068e+00,1.3346896590000000e+01,0.0000000000000000e+00,2.1373680562100003e+02,2.4493174615400000e+02,39,240,-1,nan,nan,nan,nan,0,nan,nan,nan,nan,nan,nan,nan,nan
exp5_ale,main,3,2,8,5.9999999999999998e-01,100,20,B_l2c,B,none,0,abc,1,step,65,6.5000000000000002e-01,7.9389262614623668e-01,0,9.4592025885395814e-01,9.9831257809640875e-03,nan,9.5079499837023320e+00,4.5194749787243843e+01,4.5200556446292588e+01,-1.2846432666473276e-04,1.1447972641015263e+00,9.9987153567333531e-01,nan,nan,2.2239154962022667e-14,-1.0047518372857667e-14,-1.3232470674751085e-14,-2.1177504194724861e-14,6.3797170599129303e-15,2.4087398742267396e-12,0.0000000000000000e+00,0.0000000000000000e+00,0.0000000000000000e+00,0.0000000000000000e+00,2.1373680562100003e+02,2.4587520815899998e+02,0,0,-1,nan,nan,nan,nan,0,nan,nan,nan,nan,nan,nan,nan,nan
exp5_ale,main,3,2,8,5.9999999999999998e-01,100,20,B_l2c,B,none,0,abc,1,step,65,6.5000000000000002e-01,7.9389262614623668e-01,1,9.9999999999998312e-01,8.9116612303289100e-03,nan,9.5079499897720812e+00,4.5195283679531904e+01,4.5200556504003458e+01,-1.1665397241484939e-04,1.1448107877615439e+00,9.9988334602758511e-01,nan,nan,2.6860458302024881e-14,-7.8409501114151681e-15,-1.7069679003611782e-14,-2.4716340085717547e-14,5.3440371665429556e-15,2.2204460492503131e-12,1.7474438470999985e+01,2.7492947220000019e+00,1.4651981242000005e+01,0.0000000000000000e+00,2.3121124409200002e+02,2.6445715900099998e+02,39,240,-1,nan,nan,nan,nan,0,nan,nan,nan,nan,nan,nan,nan,nan
exp5_ale,main,3,2,8,5.9999999999999998e-01,100,20,B_l2c,B,none,0,abc,1,step,70,7.0000000000000007e-01,6.5450849718747373e-01,0,9.3865652428520929e-01,8.3053470424121548e-03,nan,9.2873462084202458e+00,4.3128800490384592e+01,4.3127399797528959e+01,3.2478027013188191e-05,1.0924661169229113e+00,1.0000324780270131e+00,nan,nan,2.6860458302024881e-14,-7.8409501114151681e-15,-1.7069679003611782e-14,-2.4716340085717547e-14,5.4753647695668229e-15,2.2204460492503131e-12,0.0000000000000000e+00,0.0000000000000000e+00,0.0000000000000000e+00,0.0000000000000000e+00,2.3121124409200002e+02,2.6562868119100000e+02,0,0,-1,nan,nan,nan,nan,0,nan,nan,nan,nan,nan,nan,nan,nan
exp5_ale,main,3,2,8,5.9999999999999998e-01,100,20,B_l2c,B,none,0,abc,1,step,70,7.0000000000000007e-01,6.5450849718747373e-01,1,9.9999999999998312e-01,7.2061178759619416e-03,nan,9.2873462089540535e+00,4.3128903403252068e+01,4.3127399802486615e+01,3.4864164599282863e-05,1.0924687237382975e+00,1.0000348641645993e+00,nan,nan,2.6964541710583489e-14,-1.0824674490095276e-14,-1.9102774917456600e-14,-2.5368596112684827e-14,4.3991938490275724e-15,1.9326762412674725e-12,1.7055884978999984e+01,3.0494156679999946e+00,1.3911221319999981e+01,0.0000000000000000e+00,2.4826712907100000e+02,2.8378608866399998e+02,39,240,-1,nan,nan,nan,nan,0,nan,nan,nan,nan,nan,nan,nan,nan
exp5_ale,main,3,2,8,5.9999999999999998e-01,100,20,B_l2c,B,none,0,abc,1,step,75,7.5000000000000000e-01,5.0000000000000011e-01,0,9.4236792721170848e-01,7.3795547514852577e-03,nan,9.1089485585092227e+00,4.1491076034578775e+01,4.1486471920783622e+01,1.1097867767460876e-04,1.0509820400072374e+00,1.0001109786776745e+00,nan,nan,2.6964541710583489e-14,-1.0824674490095276e-14,-1.9102774917456600e-14,-2.5368596112684827e-14,4.4841730680181723e-15,1.9326762412674725e-12,0.0000000000000000e+00,0.0000000000000000e+00,0.0000000000000000e+00,0.0000000000000000e+00,2.4826712907100000e+02,2.8490735981900002e+02,0,0,-1,nan,nan,nan,nan,0,nan,nan,nan,nan,nan,nan,nan,nan
exp5_ale,main,3,2,8,5.9999999999999998e-01,100,20,B_l2c,B,none,0,abc,1,step,75,7.5000000000000000e-01,5.0000000000000011e-01,1,9.9999999999998312e-01,6.4732207438787347e-03,nan,9.1089485585242915e+00,4.1492840084625264e+01,4.1486471920920884e+01,1.5349976533359132e-04,1.0510267239512012e+00,1.0001534997653336e+00,nan,nan,2.9753977059954195e-14,-1.1435297153639112e-14,-1.9650947535865271e-14,-2.7762514509532821e-14,2.7839126012362029e-15,1.2327916465437738e-12,1.9736814019000008e+01,3.3461325380000062e+00,1.6316382250000004e+01,0.0000000000000000e+00,2.6800394309000001e+02,3.0568458222999999e+02,40,246,-1,nan,nan,nan,nan,0,nan,nan,nan,nan,nan,nan,nan,nan
exp5_ale,main,3,2,8,5.9999999999999998e-01,100,20,B_l2c,B,none,0,abc,1,step,80,8.0000000000000004e-01,3.4549150281252644e-01,0,9.5531636407385534e-01,6.9391038981072442e-03,nan,8.9879998463233850e+00,4.0400077709095086e+01,4.0392070618754595e+01,1.9823421324614705e-04,1.0233467083806067e+00,1.0001982342132461e+00,nan,nan,2.9753977059954195e-14,-1.1435297153639112e-14,-1.9650947535865271e-14,-2.7762514509532821e-14,2.8206115943633936e-15,1.2327916465437738e-12,0.0000000000000000e+00,0.0000000000000000e+00,0.0000000000000000e+00,0.0000000000000000e+00,2.6800394309000001e+02,3.0662432453700001e+02,0,0,-1,nan,nan,nan,nan,0,nan,nan,nan,nan,nan,nan,nan,nan
exp5_ale,main,3,2,8,5.9999999999999998e-01,100,20,B_l2c,B,none,0,abc,1,step,80,8.0000000000000004e-01,3.4549150281252644e-01,1,9.9999999999998312e-01,6.2259630290694441e-03,nan,8.9879998463202515e+00,4.0403156913165745e+01,4.0392070618726436e+01,2.7446709885106251e-04,1.0234247055907317e+00,1.0002744670988510e+00,nan,nan,3.1932789745781065e-14,-1.0283440765590512e-14,-2.0865253969049036e-14,-2.9663771439203401e-14,3.0526451452916929e-15,1.2286838213526607e-12,1.7136538019000000e+01,2.7852180699999849e+00,1.4277705346999994e+01,0.0000000000000000e+00,2.8514048110900001e+02,3.2486700569499999e+02,40,246,-1,nan,nan,nan,nan,0,nan,nan,nan,nan,nan,nan,nan,nan
exp5_ale,main,3,2,8,5.9999999999999998e-01,100,20,B_l2c,B,none,0,abc,1,step,85,8.4999999999999998e-01,2.0610737385376349e-01,0,9.7255770006356435e-01,6.6712718480678541e-03,nan,8.9210167586302909e+00,3.9804575192271848e+01,3.9792270003881249e+01,3.0923564776270533e-04,1.0082624418400443e+00,1.0003092356477628e+00,nan,nan,3.1932789745781065e-14,-1.0283440765590512e-14,-2.0865253969049036e-14,-2.9663771439203401e-14,3.0755692922259459e-15,1.2286838213526607e-12,0.0000000000000000e+00,0.0000000000000000e+00,0.0000000000000000e+00,0.0000000000000000e+00,2.8514048110900001e+02,3.2597208509600000e+02,0,0,-1,nan,nan,nan,nan,0,nan,nan,nan,nan,nan,nan,nan,nan
exp5_ale,main,3,2,8,5.9999999999999998e-01,100,20,B_l2c,B,none,0,abc,1,step,85,8.4999999999999998e-01,2.0610737385376349e-01,1,9.9999999999998312e-01,6.0744228006291258e-03,nan,8.9210167586302038e+00,3.9806641361358338e+01,3.9792270003880475e+01,3.6115952863361475e-04,1.0083147785545636e+00,1.0003611595286337e+00,nan,nan,3.2807090377673376e-14,-1.1587952819525071e-14,-2.2003232569289821e-14,-3.1072366901696569e-14,2.3674744254327042e-15,8.5398355054167041e-13,1.9002099009000005e+01,3.2221079359999862e+00,1.5701846989000046e+01,0.0000000000000000e+00,3.0414258011800001e+02,3.4608664930800001e+02,40,246,-1,nan,nan,nan,nan,0,nan,nan,nan,nan,nan,nan,nan,nan
exp5_ale,main,3,2,8,5.9999999999999998e-01,100,20,B_l2c,B,none,0,abc,1,step,90,9.0000000000000002e-01,9.5491502812526344e-02,0,9.8782147854342384e-01,6.3982976854467227e-03,nan,8.8931731396841140e+00,3.9559583849245833e+01,3.9544264246199504e+01,3.8740392161428329e-04,1.0020567338641169e+00,1.0003874039216143e+00,nan,nan,3.2807090377673376e-14,-1.1587952819525071e-14,-2.2003232569289821e-14,-3.1072366901696569e-14,2.3741952140063432e-15,8.5398355054167041e-13,0.0000000000000000e+00,0.0000000000000000e+00,0.0000000000000000e+00,0.0000000000000000e+00,3.0414258011800001e+02,3.4724205361700001e+02,0,0,-1,nan,nan,nan,nan,0,nan,nan,nan,nan,nan,nan,nan,nan
exp5_ale,main,3,2,8,5.9999999999999998e-01,100,20,B_l2c,B,none,0,abc,1,step,90,9.0000000000000002e-01,9.5491502812526344e-02,1,9.9999999999998312e-01,5.8911587090353630e-03,nan,8.8931731396841336e+00,3.9559279577540032e+01,3.9544264246199674e+01,3.7970946296720737e-04,1.0020490265658581e+00,1.0003797094629672e+00,nan,nan,3.4729163989055678e-14,-1.3544720900426910e-14,-2.3162027851242328e-14,-3.3188729542388273e-14,1.5368447450184275e-15,5.7837068467847530e-13,1.9840942240999993e+01,3.3100973470000099e+00,1.6432426193000026e+01,0.0000000000000000e+00,3.2398352235900001e+02,3.6813664195000001e+02,40,246,-1,nan,nan,nan,nan,0,nan,nan,nan,nan,nan,nan,nan,nan
exp5_ale,main,3,2,8,5.9999999999999998e-01,100,20,B_l2c,B,none,0,abc,1,step,95,9.5000000000000007e-01,2.4471741852423248e-02,0,9.9688646140594117e-01,6.0774771321268663e-03,nan,8.8862466040846364e+00,3.9498133952260964e+01,3.9482689354302863e+01,3.9117390964701600e-04,1.0005001885955014e+00,1.0003911739096469e+00,nan,nan,3.4729163989055678e-14,-1.3544720900426910e-14,-2.3162027851242328e-14,-3.3188729542388273e-14,1.5379508248174163e-15,5.7837068467847530e-13,0.0000000000000000e+00,0.0000000000000000e+00,0.0000000000000000e+00,0.0000000000000000e+00,3.2398352235900001e+02,3.6919008714000000e+02,0,0,-1,nan,nan,nan,nan,0,nan,nan,nan,nan,nan,nan,nan,nan
exp5_ale,main,3,2,8,5.9999999999999998e-01,100,20,B_l2c,B,none,0,abc,1,step,95,9.5000000000000007e-01,2.4471741852423248e-02,1,9.9999999999998312e-01,5.8513057683194621e-03,nan,8.8862466040846027e+00,3.9496508801303783e+01,3.9482689354302565e+01,3.5001280883395833e-04,1.0004590230092709e+00,1.0003500128088341e+00,nan,nan,3.5568770151428453e-14,-1.4599432773820809e-14,-2.3703261575747092e-14,-3.4330177589581012e-14,1.5002768890883505e-15,5.4711790653527714e-13,1.8835407322000037e+01,3.2334855049999760e+00,1.5523154155999976e+01,0.0000000000000000e+00,3.4281892968100004e+02,3.8903702275799998e+02,40,246,-1,nan,nan,nan,nan,0,nan,nan,nan,nan,nan,nan,nan,nan
exp5_ale,main,3,2,8,5.9999999999999998e-01,100,20,B_l2c,B,none,0,abc,1,step,100,1.0000000000000000e+00,0.0000000000000000e+00,0,9.9978496225111702e-01,5.9080280107398119e-03,nan,8.8857658763167464e+00,3.9492270044339712e+01,3.9478417604357560e+01,3.5088640383152065e-04,1.0003516539586952e+00,1.0003508864038315e+00,nan,nan,3.5568770151428453e-14,-1.4599432773820809e-14,-2.3703261575747092e-14,-3.4330177589581012e-14,1.5003542841927742e-15,5.4711790653527714e-13,0.0000000000000000e+00,0.0000000000000000e+00,0.0000000000000000e+00,0.0000000000000000e+00,3.4281892968100004e+02,3.8980087164600002e+02,0,0,-1,nan,nan,nan,nan,0,nan,nan,nan,nan,nan,nan,nan,nan
exp5_ale,main,3,2,8,5.9999999999999998e-01,100,20,B_l2c,B,none,0,abc,1,step,100,1.0000000000000000e+00,0.0000000000000000e+00,1,9.9999999999998312e-01,5.9748950474487863e-03,nan,8.8857658763167251e+00,3.9493426448844893e+01,3.9478417604357368e+01,3.8017847214495687e-04,1.0003809460494792e+00,1.0003801784721449e+00,nan,nan,3.6980835060873574e-14,-1.5501488981328748e-14,-2.4341639814906557e-14,-3.6980835060873574e-14,7.2949371102777351e-16,3.4106051316484809e-13,1.7014420302000019e+01,1.4685979090000387e+00,1.5499030892000007e+01,0.0000000000000000e+00,3.5983334998300006e+02,4.0770612605399998e+02,41,252,-1,nan,nan,nan,nan,0,nan,nan,nan,nan,nan,nan,nan,nan
exp5_ale,main,3,2,8,5.9999999999999998e-01,100,20,B_l2c,B,none,0,abc,1,final,100,1.0000000000000000e+00,0.0000000000000000e+00,0,9.9999999999998312e-01,5.9748950474487863e-03,nan,8.8857658763167251e+00,3.9493426448844893e+01,3.9478417604357368e+01,3.8017847214495687e-04,1.0003809460494792e+00,1.0003801784721449e+00,nan,nan,3.6980835060873574e-14,nan,nan,nan,7.2949371102777351e-16,3.4106051316484809e-13,0.0000000000000000e+00,0.0000000000000000e+00,0.0000000000000000e+00,0.0000000000000000e+00,3.5983334998300006e+02,4.0967770351600001e+02,0,0,-1,nan,nan,nan,nan,0,5.7800320152197144e-03,1.0003809460494792e+00,nan,3.6980835060873574e-14,7.2949371102777351e-16,5.9748950474487863e-03,0.0000000000000000e+00,3.5983334998300006e+02
