exp,tag,op,route,p,q,N,field,b0,epsA,epsB,fvB,nsteps,nq,np,step,mesh,errB_L2,errB_rel,div_L2,div_max,div_rel_L2,div_rel_max,energy,energy_rel_ex,helicity,hel_scale,flux_err,a_L2,coulomb,grad_frac,E_over_E0,E_over_Eref,dB_first,errB_over_ref,H_over_H0,H_over_Href,H_dev_scaled,a_over_aref,a_over_a0,t_setup,t_cum,t_step_last,iters_last,inner_last,iters_total,inner_total,nnotfound
exp4_repeat,s1_p2,A_pt,A,2,2,8,abc,0,0.0000000000000000e+00,2.9999999999999999e-01,1,100,0,1,0,A,2.0254441727229264e-01,2.2794255452097286e-02,8.3786414868294027e-14,3.8369307731045410e-13,1.1786605684098978e-15,5.3975802796739334e-15,3.9468128469587128e+01,-2.6062682839567288e-04,1.2556590281248958e+01,1.2559878392954451e+01,6.8001160258290838e-16,1.4136671625649608e+00,1.7228396484440912e-15,8.0948539144800970e-11,1.0000000000000000e+00,1.0000000000000000e+00,0.0000000000000000e+00,1.0000000000000000e+00,1.0000000000000000e+00,1.0000000000000000e+00,0.0000000000000000e+00,1.0000000000000000e+00,1.0000000000000000e+00,3.0435545499999961e-01,0.0000000000000000e+00,0.0000000000000000e+00,0,0,0,0,0
exp4_repeat,s1_p2,A_pt,A,2,2,8,abc,0,0.0000000000000000e+00,2.9999999999999999e-01,1,100,0,1,1,B,2.6173194252985915e-01,2.9455192289890891e-02,8.6862978113821258e-14,3.9879211044535623e-13,1.2219399447792372e-15,5.6099850591981603e-15,3.9452848565429242e+01,-6.4767132220029330e-04,1.2547181669076290e+01,1.2553345113063028e+01,8.4654505627668186e-16,1.4132053988849356e+00,1.0328829293018067e-03,1.2641083481807979e-03,9.9961285460571914e-01,9.9954971143204652e-01,0.0000000000000000e+00,1.1783357317866043e+00,9.9925070325925036e-01,9.9929280471914661e-01,-7.0694575949395053e-04,9.9965601489087252e-01,9.9967335756799536e-01,3.0435545499999961e-01,8.7951849999999610e-02,8.7951849999999610e-02,0,0,0,0,0
exp4_repeat,s1_p2,A_pt,A,2,2,8,abc,0,0.0000000000000000e+00,2.9999999999999999e-01,1,100,0,1,2,A,3.0427062915655462e-01,3.4242476494629283e-02,8.6526750905377065e-14,4.3876013933186186e-13,1.2172100878776972e-15,6.1722330049975072e-15,3.9459178863432555e+01,-4.8732300057419662e-04,1.2545158370067346e+01,1.2553461458905005e+01,2.9837243786801082e-16,1.4131051332384290e+00,7.4556018723932914e-03,8.5377464517191366e-03,9.9977324472931450e-01,9.9977324472931450e-01,2.5463712326148726e-02,1.5022414996879687e+00,9.9908956882994870e-01,9.9908956882994870e-01,-9.1019282384331983e-04,9.9960243164627793e-01,9.9960243164627793e-01,3.0435545499999961e-01,1.8466126800000016e-01,9.6709418000000547e-02,0,0,0,0,0
exp4_repeat,s1_p2,A_pt,A,2,2,8,abc,0,0.0000000000000000e+00,2.9999999999999999e-01,1,100,0,1,5,B,6.0456230894832530e-01,6.8037163859974090e-02,8.7694015450874630e-14,4.2632564145606011e-13,1.2336305146836889e-15,5.9973114218599488e-15,3.9625005595294972e+01,3.7131171873859658e-03,1.2554354885598901e+01,1.2586525546426579e+01,5.9674487573602164e-16,1.4138593086360420e+00,1.1752763684771433e-02,1.4330077137640720e-02,1.0039747799500736e+00,1.0039113612439203e+00,6.0204030008928829e-02,2.7217823084163832e+00,9.9982197430990516e-01,9.9986409983918179e-01,-1.3585221084766151e-04,1.0001185696025976e+00,1.0001359203044178e+00,3.0435545499999961e-01,4.4944846599999888e-01,8.8701621000000230e-02,0,0,0,0,0
exp4_repeat,s1_p2,A_pt,A,2,2,8,abc,0,0.0000000000000000e+00,2.9999999999999999e-01,1,100,0,1,10,A,1.2613013384416665e+00,1.4194627182372860e-01,8.5133736961573918e-14,4.1211478674085811e-13,1.1976139444051920e-15,5.7974010411312617e-15,4.0421530700316715e+01,2.3889333797796074e-02,1.2614223080279976e+01,1.2761326309433356e+01,6.1062266354383610e-16,1.4193007693901780e+00,3.1388331826087489e-02,4.7026313920191493e-02,1.0241562563946818e+00,1.0241562563946818e+00,1.4011986532364468e-01,6.2272826643551635e+00,1.0045898446744004e+00,1.0045898446744004e+00,4.5886430766198154e-03,1.0039851012843755e+00,1.0039851012843755e+00,3.0435545499999961e-01,9.0735931299999972e-01,8.2661377999999175e-02,0,0,0,0,0
exp4_repeat,s1_p2,A_pt,A,2,2,8,abc,0,0.0000000000000000e+00,2.9999999999999999e-01,1,100,0,1,15,B,3.2595149079149666e+00,3.6682430679414790e-01,8.8287866374402310e-14,4.6185277824406512e-13,1.2419844783683285e-15,6.4970873736816112e-15,4.5103503417236418e+01,1.4248508816265515e-01,1.2666510860283919e+01,1.3602683441396193e+01,8.6042284408449632e-16,1.4322025908286660e+00,6.0659529610097837e-02,1.0115207190776347e-01,1.1427829280527382e+00,1.1427107411650210e+00,3.6549230374413494e-01,1.4674566837974536e+01,1.0087540149493535e+00,1.0087965168125668e+00,8.7934131170353796e-03,1.0130940170436882e+00,1.0131115928519372e+00,3.0435545499999961e-01,1.3572209029999973e+00,8.7609215999998824e-02,0,0,0,0,0
exp4_repeat,s1_p2,A_pt,A,2,2,8,abc,0,0.0000000000000000e+00,2.9999999999999999e-01,1,100,0,1,20,A,7.0913987080488221e+00,7.9806274515397224e-01,9.3934771636119236e-14,4.4764192352886312e-13,1.3214219931014046e-15,6.2971769929529226e-15,6.5228082459305696e+01,6.5224663037421604e-01,1.2751161211038760e+01,1.6916601769055198e+01,3.0531133177191805e-16,1.4810878599460449e+00,1.2576972255283286e-01,2.1499344822521602e-01,1.6526773624335485e+00,1.6526773624335485e+00,7.9786274371090860e-01,3.5011573281308600e+01,1.0154955227041500e+00,1.0154955227041500e+00,1.5491466055829583e-02,1.0476920587578449e+00,1.0476920587578449e+00,3.0435545499999961e-01,1.8106869239999979e+00,8.9130379000000204e-02,0,0,0,0,0
exp4_repeat,s1_p2,A_pt,A,2,2,8,abc,0,0.0000000000000000e+00,2.9999999999999999e-01,1,100,0,1,25,B,1.6555110750585555e+01,1.8631045405675188e+00,1.1555019977580468e-13,5.9152682752028340e-13,1.6254957842714146e-15,8.3212695978306795e-15,1.7740521016589526e+02,3.4937264695815502e+00,1.2782537800136856e+01,3.1351306567501542e+01,1.0824674490095276e-15,1.6643990597462324e+00,2.7099382902963493e-01,3.9854575085435545e-01,4.4948979605809791e+00,4.4946140285354295e+00,1.8633191588525717e+00,7.4532280441368144e+01,1.0179943371430467e+00,1.0180372283290324e+00,1.8030864211716905e-02,1.1773423258691529e+00,1.1773627511629703e+00,3.0435545499999961e-01,2.2517408920000035e+00,8.7524861000002119e-02,0,0,0,0,0
exp4_repeat,s1_p2,A_pt,A,2,2,8,abc,0,0.0000000000000000e+00,2.9999999999999999e-01,1,100,0,1,30,A,3.8292517419516422e+01,4.3094222774401061e+00,1.9315550786694136e-13,1.3642420526593924e-12,2.7172039888784308e-15,1.9191396549951764e-14,7.7423726639250390e+02,1.8611659062724119e+01,1.2628674437359118e+01,9.2019808848910131e+01,6.1062266354383610e-16,2.3384564874986449e+00,5.7958933785311917e-01,6.1205449629931485e-01,1.9616771719720795e+01,1.9616771719720795e+01,4.3099425980060362e+00,1.8905738274700255e+02,1.0057407428685321e+00,1.0057407428685321e+00,5.7392399715108563e-03,1.6541775528376454e+00,1.6541775528376454e+00,3.0435545499999961e-01,2.7074343059999988e+00,1.0143228700000151e-01,0,0,0,0,0
exp4_repeat,s1_p2,A_pt,A,2,2,8,abc,0,0.0000000000000000e+00,2.9999999999999999e-01,1,100,0,1,35,B,8.8699916473153579e+01,9.9822477553191202e+00,3.9452474459578787e-13,3.6237679523765109e-12,5.5499541357391290e-15,5.0977147085809566e-14,3.9763478769504250e+03,9.9722068366578497e+01,1.2084562083325746e+01,3.8675165408963716e+02,4.0245584642661925e-16,4.3368559364956099e+00,1.3685980712391719e+00,7.2532452729331665e-01,1.0074832608327175e+02,1.0074196205041464e+02,9.9852999364547657e+00,3.9933330252527492e+02,9.6240793182301232e-01,9.6244848098531299e-01,-3.7538269624701560e-02,3.0677523069567707e+00,3.0678055283018733e+00,3.0435545499999961e-01,3.1476133019999990e+00,8.6751008000000240e-02,0,0,0,0,0
exp4_repeat,s1_p2,A_pt,A,2,2,8,abc,0,0.0000000000000000e+00,2.9999999999999999e-01,1,100,0,1,40,A,2.1457557797638108e+02,2.4148236737622167e+01,8.9947717029095135e-13,6.0254023992456496e-12,1.2653343319121364e-14,8.4762001428953627e-14,2.3067993096378879e+04,5.8331909119459613e+02,6.2722574030103493e+00,2.0577830016522230e+03,4.9960036108132044e-16,9.5803124037833456e+00,3.1478492522463517e+00,7.5538931001782128e-01,5.8447142012711174e+02,5.8447142012711174e+02,2.4151387153753426e+01,1.0594001101887407e+03,4.9951915787017864e-01,4.9951915787017864e-01,-5.0034981881383889e-01,6.7769222186648275e+00,6.7769222186648275e+00,3.0435545499999961e-01,3.5888184199999982e+00,8.8382049999999879e-02,0,0,0,0,0
exp4_repeat,s1_p2,A_pt,A,2,2,8,abc,0,0.0000000000000000e+00,2.9999999999999999e-01,1,100,0,1,45,B,5.1237664401772872e+02,5.7662631578373038e+01,2.1995346477562171e-12,2.0122570276726037e-11,3.0941827051996919e-14,2.8307309911178957e-13,1.3132180806684616e+05,3.3254202578461891e+03,4.0811483002405708e+01,1.1877433103043863e+04,7.2164496600635175e-16,2.3176036620276939e+01,8.3090855008444962e+00,7.7144662341954073e-01,3.3272874382183722e+03,3.3270772613607996e+03,5.7681169060997021e+01,2.3067559195993704e+03,3.2502042424168627e+00,3.2503411833698390e+00,2.2495471902446313e+00,1.6393982380106472e+01,1.6394266793483613e+01,3.0435545499999961e-01,4.0141521529999933e+00,8.1969935000000049e-02,0,0,0,0,0
exp4_repeat,s1_p2,A_pt,A,2,2,8,abc,0,0.0000000000000000e+00,2.9999999999999999e-01,1,100,0,1,50,A,1.3391019448077063e+03,1.5070191623851136e+02,5.7166119933355251e-12,5.6843418860808015e-11,8.0418110167802679e-14,7.9964152291465686e-13,8.9668487101580121e+05,2.2712293121374489e+04,2.0109360875871090e+02,8.0159700720764260e+04,1.0547118733938987e-15,5.9857857505747532e+01,2.1263159313146936e+01,7.7028824447768918e-01,2.2719214358156296e+04,2.2719214358156296e+04,1.5072156523023446e+02,6.6113989358071076e+03,1.6014985298915786e+01,1.6014985298915786e+01,1.5011054452822016e+01,4.2342256431238951e+01,4.2342256431238951e+01,3.0435545499999961e-01,4.4622768299999960e+00,8.8108523999999022e-02,0,0,0,0,0
exp4_repeat,s1_p2,A_pt,A,2,2,8,abc,0,0.0000000000000000e+00,2.9999999999999999e-01,1,100,0,1,55,B,3.4595302159039165e+03,3.8933393745210304e+02,1.6039486679709342e-11,1.5938894648570567e-10,2.2563455563323348e-13,2.2421948302527061e-12,5.9843403190710414e+06,1.5158411111171081e+05,6.0733330568364563e+03,5.7261607559934945e+05,4.2188474935755949e-15,1.6551615799758065e+02,6.2781191859889397e+01,7.9085006343140196e-01,1.5162462855775849e+05,1.5161505078951558e+05,3.8945993626460290e+02,1.5575049912488052e+04,4.8367693146011959e+02,4.8369731023480171e+02,4.8252699901767818e+02,1.1708080299895694e+02,1.1708283419222087e+02,3.0435545499999961e-01,4.8984280289999971e+00,8.6298879000000994e-02,0,0,0,0,0
exp4_repeat,s1_p2,A_pt,A,2,2,8,abc,0,0.0000000000000000e+00,2.9999999999999999e-01,1,100,0,1,60,A,1.0064941438704966e+04,1.1327038748039824e+03,4.3894666336469423e-11,4.6247805585153401e-10,6.1748569210930449e-13,6.5058834304336482e-12,5.0651939183011137e+07,1.2830276079505989e+06,3.4688602368384956e+04,4.7797833114537522e+06,9.1038288019262836e-15,4.7489234863367574e+02,1.7664613193228001e+02,7.8579809370079323e-01,1.2833630868015923e+06,1.2833630868015923e+06,1.1328515136482270e+03,4.9692514729616363e+04,2.7625813689394831e+03,2.7625813689394831e+03,2.7608584011096373e+03,3.3592939074288887e+02,3.3592939074288887e+02,3.0435545499999961e-01,5.3009765799999959e+00,8.7664599000000010e-02,0,0,0,0,0
exp4_repeat,s1_p2,A_pt,A,2,2,8,abc,0,0.0000000000000000e+00,2.9999999999999999e-01,1,100,0,1,65,B,2.8525680639895148e+04,3.2102669636980731e+03,1.2977528150847756e-10,1.3678800314664841e-09,1.8256063027494436e-12,1.9242573607418374e-11,4.0685826385441929e+08,1.0305839217099085e+07,5.6025587315634103e+05,4.0782910142317936e+07,4.4853010194856324e-14,1.4296892242483368e+03,5.5374536986688645e+02,8.0280856173376147e-01,1.0308526895769360e+07,1.0307875730569664e+07,3.2113069252617902e+03,1.2842463341167146e+05,4.4618472101696578e+04,4.4620352013121905e+04,4.4603608863144706e+04,1.0113161424179373e+03,1.0113336873824709e+03,3.0435545499999961e-01,5.7171879289999969e+00,8.2053999000002875e-02,0,0,0,0,0
exp4_repeat,s1_p2,A_pt,A,2,2,8,abc,0,0.0000000000000000e+00,2.9999999999999999e-01,1,100,0,1,70,A,8.9805277508165862e+04,1.0106644577202314e+04,3.7583496263434821e-10,3.8562575355172157e-09,5.2870367037812500e-12,5.4247680914530322e-11,4.0324971265710788e+09,1.0214434447462693e+08,2.7654938704987778e+06,3.9001848335879892e+08,6.9277916736609768e-14,4.3429332862994506e+03,1.6479559541664053e+03,7.9316022155813737e-01,1.0217097397152722e+08,1.0217097397152722e+08,1.0107961866867661e+04,4.4338559767576912e+05,2.2024242318621741e+05,2.2024242318621741e+05,2.2018376511191478e+05,3.0721045245329337e+03,3.0721045245329337e+03,3.0435545499999961e-01,6.1531708810000003e+00,8.7526312000001383e-02,0,0,0,0,0
exp4_repeat,s1_p2,A_pt,A,2,2,8,abc,0,0.0000000000000000e+00,2.9999999999999999e-01,1,100,0,1,75,B,2.7039487202008575e+05,3.0430114385612091e+04,1.2045407241082431e-09,1.3504177331924438e-08,1.6944807302974229e-11,1.8996923731578991e-10,3.6556701760236313e+10,9.2599207210176909e+08,4.3813573508523427e+07,3.6755419050882411e+09,4.5030645878796349e-13,1.3593236653179152e+04,5.2690672972958855e+03,8.0344132432109860e-01,9.2623347439455438e+08,9.2617496642232740e+08,3.0439973393923559e+04,1.2173368535511645e+06,3.4892890925931726e+06,3.4894361069153235e+06,3.4882039213927793e+06,9.6154181075924444e+03,9.6155849220657801e+03,3.0435545499999961e-01,6.5806342739999968e+00,8.5542702999994447e-02,0,0,0,0,0
exp4_repeat,s1_p2,A_pt,A,2,2,8,abc,0,0.0000000000000000e+00,2.9999999999999999e-01,1,100,0,1,80,A,8.8310908656570385e+05,9.9384689947712701e+04,3.6266814739765619e-09,3.9115548133850098e-08,5.1018132883215652e-11,5.5025572188021698e-10,3.8994085719622632e+11,9.8773172994073658e+09,1.7789290251749966e+08,3.7489701820670174e+10,9.3791641120333225e-13,4.2451947391535767e+04,1.6199996282403086e+04,7.9150202975016559e-01,9.8798922653933849e+09,9.8798922653933849e+09,9.9397643637693080e+04,4.3600761672857525e+06,1.4167293710550640e+07,1.4167293710550640e+07,1.4163583786026113e+07,3.0029662225803462e+04,3.0029662225803462e+04,3.0435545499999961e-01,7.0058357549999917e+00,8.1473774999999193e-02,0,0,0,0,0
exp4_repeat,s1_p2,A_pt,A,2,2,8,abc,0,0.0000000000000000e+00,2.9999999999999999e-01,1,100,0,1,85,B,2.7467684435070055e+06,3.0912005579935317e+05,1.2595424748564025e-08,1.5448313206434250e-07,1.7718541265720704e-10,2.1731825682590795e-09,3.7723685132816113e+12,9.5555210724194717e+10,3.3811224317775731e+09,3.7172978960800031e+11,3.6664005165221170e-12,1.3533349960076067e+05,5.2056369581274368e+04,7.9709150713432508e-01,9.5580121469110886e+10,9.5574083899484039e+10,3.0922020842098875e+05,1.2366145960800856e+07,2.6927074596251500e+08,2.6928209115494311e+08,2.6918707872738504e+08,9.5730561883557515e+04,9.5732222679071972e+04,3.0435545499999961e-01,7.4351877249999836e+00,8.7890357000006247e-02,0,0,0,0,0
exp4_repeat,s1_p2,A_pt,A,2,2,8,abc,0,0.0000000000000000e+00,2.9999999999999999e-01,1,100,0,1,90,A,9.1101995981034245e+06,1.0252576677025532e+06,4.0467052827005857e-08,4.8638321459293365e-07,5.6926793635851433e-10,6.8421678750462695e-09,4.1497868611322812e+13,1.0511532915823608e+12,1.0455135452917511e+10,3.9123761633179253e+12,9.3223206931725144e-12,4.2945010252257943e+05,1.6365090436459021e+05,7.8450430931114634e-01,1.0514273217515175e+12,1.0514273217515175e+12,1.0253912986502666e+06,4.4978774141456760e+07,8.3264128387866592e+08,8.3264128387866592e+08,8.3242330166395557e+08,3.0378445074962638e+05,3.0378445074962638e+05,3.0435545499999961e-01,7.8493852439999827e+00,8.4287230000001045e-02,0,0,0,0,0
exp4_repeat,s1_p2,A_pt,A,2,2,8,abc,0,0.0000000000000000e+00,2.9999999999999999e-01,1,100,0,1,95,B,2.8864566063846413e+07,3.2484049732594658e+06,1.3267216894546383e-07,1.5050172805786133e-06,1.8663581000242761e-09,2.1171743965677001e-08,4.1658158766766031e+14,1.0552134886521910e+13,2.7474295605141843e+11,3.9940221880526180e+13,5.8207660913467407e-11,1.3837111481763788e+06,5.2636612009430944e+05,7.8741703045616507e-01,1.0554885772925988e+13,1.0554219045820205e+13,3.2494574337778417e+06,1.2995031957807383e+08,2.1880379139367023e+10,2.1881301026038555e+10,2.1873580594593216e+10,9.7879273121762020e+05,9.7880971194504527e+05,3.0435545499999961e-01,8.2702419240000040e+00,7.8389965000006612e-02,0,0,0,0,0
exp4_repeat,s1_p2,A_pt,A,2,2,8,abc,0,0.0000000000000000e+00,2.9999999999999999e-01,1,100,0,1,100,A,9.6393849604654372e+07,1.0848119447033070e+07,4.0778336833231284e-07,3.8892030715942383e-06,5.7364690619856906e-09,5.4711140346947287e-08,4.6458871231436860e+15,1.1768169559640245e+14,6.1858226992216797e+11,4.2780087784318138e+14,8.0035533756017685e-11,4.4380515923987813e+06,1.6826928686478250e+06,7.7505793789294142e-01,1.1771237459925817e+14,1.1771237459925817e+14,1.0849533378902383e+07,4.7591462111279184e+08,4.9263554521318649e+10,4.9263554521318649e+10,4.9250657574567703e+10,3.1393893201468801e+06,3.1393893201468801e+06,3.0435545499999961e-01,8.6833000320000124e+00,8.0749760000003334e-02,0,0,0,0,0
exp4_repeat,s1_p2,A_int,A,2,2,8,abc,0,0.0000000000000000e+00,2.9999999999999999e-01,1,100,4,1,0,A,2.0254441727229264e-01,2.2794255452097286e-02,8.3786414868294027e-14,3.8369307731045410e-13,1.1786605684098978e-15,5.3975802796739334e-15,3.9468128469587128e+01,-2.6062682839567288e-04,1.2556590281248958e+01,1.2559878392954451e+01,6.8001160258290838e-16,1.4136671625649608e+00,1.7228396484440912e-15,8.0948539144800970e-11,1.0000000000000000e+00,1.0000000000000000e+00,0.0000000000000000e+00,1.0000000000000000e+00,1.0000000000000000e+00,1.0000000000000000e+00,0.0000000000000000e+00,1.0000000000000000e+00,1.0000000000000000e+00,1.2039885120000022e+00,0.0000000000000000e+00,0.0000000000000000e+00,0,0,0,0,0
exp4_repeat,s1_p2,A_int,A,2,2,8,abc,0,0.0000000000000000e+00,2.9999999999999999e-01,1,100,4,1,1,B,2.6166756228466725e-01,2.9447946966742834e-02,8.6576167252403239e-14,3.9790393202565610e-13,1.2179052494950854e-15,5.5974906604026189e-15,3.9452390086606364e+01,-6.5928472645253723e-04,1.2547041409354462e+01,1.2553197847076111e+01,2.0122792321330962e-16,1.4131970316252733e+00,7.5353119228236190e-04,9.6982536533390398e-04,9.9960123817391311e-01,9.9953809573402297e-01,0.0000000000000000e+00,1.1780458873656385e+00,9.9923953305151991e-01,9.9928163404078152e-01,-7.1811249648264202e-04,9.9965009616068934e-01,9.9966743873513020e-01,1.2039885120000022e+00,3.2047349300000150e-01,3.2047349300000150e-01,0,0,0,0,0
exp4_repeat,s1_p2,A_int,A,2,2,8,abc,0,0.0000000000000000e+00,2.9999999999999999e-01,1,100,4,1,2,A,2.5943049363932852e-01,2.9196188291522481e-02,8.6559163587990178e-14,3.8369307731045410e-13,1.2176660514246817e-15,5.3975802796739334e-15,3.9437438818255323e+01,-1.0380047780229587e-03,1.2542256953592307e+01,1.2548314966924510e+01,6.9388939039072284e-16,1.4129150848222514e+00,5.6047339926915520e-03,6.4258762497634353e-03,9.9922241939200507e-01,9.9922241939200507e-01,1.8117444540532344e-02,1.2808572911222751e+00,9.9885850160468681e-01,9.9885850160468681e-01,-1.1411995568915085e-03,9.9946799518116780e-01,9.9946799518116780e-01,1.2039885120000022e+00,6.4875894500000442e-01,3.2828545200000292e-01,0,0,0,0,0
exp4_repeat,s1_p2,A_int,A,2,2,8,abc,0,0.0000000000000000e+00,2.9999999999999999e-01,1,100,4,1,5,B,3.0570881027194974e-01,3.4404328735101818e-02,8.7352935017856261e-14,4.0745185003743245e-13,1.2288323853248082e-15,5.7318054474546910e-15,3.9429577784724493e+01,-1.2371270835219036e-03,1.2535470726309255e+01,1.2544265647462229e+01,3.6776137690708310e-16,1.4125999328073351e+00,5.0349671997374059e-03,6.4967739360755998e-03,9.9902324517636198e-01,9.9896013924691895e-01,1.4931318563786310e-02,1.3763227032341083e+00,9.9831805016595609e-01,9.9836011233035160e-01,-1.6393090642593494e-03,9.9922772767461698e-01,9.9924506292153714e-01,1.2039885120000022e+00,1.6817486520000031e+00,3.4515042999999679e-01,0,0,0,0,0
exp4_repeat,s1_p2,A_int,A,2,2,8,abc,0,0.0000000000000000e+00,2.9999999999999999e-01,1,100,4,1,10,A,3.0563877042118609e-01,3.4396446482548727e-02,8.7585499775956016e-14,4.5474735088646412e-13,1.2321039766729337e-15,6.3971321833172543e-15,3.9419829370170866e+01,-1.4840573088243253e-03,1.2532335846546546e+01,1.2541534691096839e+01,4.5102810375396984e-16,1.4124670191528190e+00,9.8096233688600067e-03,1.2930965199770062e-02,9.9877625057764063e-01,9.9877625057764063e-01,2.5619448886942810e-02,1.5089962712242890e+00,9.9806839005182546e-01,9.9806839005182546e-01,-1.9311042626031739e-03,9.9915104244908381e-01,9.9915104244908381e-01,1.2039885120000022e+00,3.3775234830000116e+00,3.1221858800000035e-01,0,0,0,0,0
exp4_repeat,s1_p2,A_int,A,2,2,8,abc,0,0.0000000000000000e+00,2.9999999999999999e-01,1,100,4,1,15,B,3.5688993170765360e-01,4.0164228573574642e-02,8.7853505959830457e-14,4.8272497110701806e-13,1.2358741382381442e-15,6.7907057453768383e-15,3.9423858821744233e+01,-1.3819901081135865e-03,1.2528338036982811e+01,1.2541131352254601e+01,8.6042284408449632e-16,1.4123494113092148e+00,8.8150686077056728e-03,1.5088717541882618e-02,9.9887834438673706e-01,9.9881524761033325e-01,2.5364946972959001e-02,1.6067437347584475e+00,9.9775000667909530e-01,9.9779204491009754e-01,-2.2071760519614320e-03,9.9905051682992807e-01,9.9906784900248014e-01,1.2039885120000022e+00,4.7371753240000061e+00,2.7302616400000090e-01,0,0,0,0,0
exp4_repeat,s1_p2,A_int,A,2,2,8,abc,0,0.0000000000000000e+00,2.9999999999999999e-01,1,100,4,1,20,A,3.6809784357663017e-01,4.1425561814285805e-02,8.8745010090865079e-14,4.1211478674085811e-13,1.2484153212864508e-15,5.7974010411312617e-15,3.9423512489055874e+01,-1.3907628175932293e-03,1.2526951923035663e+01,1.2541363388337574e+01,4.0245584642661925e-16,1.4123817464005408e+00,1.3110748923693882e-02,2.0840688894184421e-02,9.9886956939025795e-01,9.9886956939025795e-01,3.4485352216767434e-02,1.8173684988896737e+00,9.9763961732051132e-01,9.9763961732051132e-01,-2.3597647434167503e-03,9.9909072220218531e-01,9.9909072220218531e-01,1.2039885120000022e+00,6.1190512670000103e+00,2.7099557399999696e-01,0,0,0,0,0
exp4_repeat,s1_p2,A_int,A,2,2,8,abc,0,0.0000000000000000e+00,2.9999999999999999e-01,1,100,4,1,25,B,4.2644821133572619e-01,4.7992285332696200e-02,8.8324200308785601e-14,4.3387515802351118e-13,1.2424956038988827e-15,6.1035138116220524e-15,3.9434695513721408e+01,-1.1074934936398770e-03,1.2523355551501263e+01,1.2542814349175217e+01,1.2767564783189300e-15,1.4123448491595962e+00,1.2538159981817629e-02,2.3812972048801416e-02,9.9915291256104322e-01,9.9908979844081891e-01,3.6470569045780124e-02,1.9199000332794491e+00,9.9735320425344087e-01,9.9739522576595463e-01,-2.6038551854807722e-03,9.9904728971212153e-01,9.9906462182868749e-01,1.2039885120000022e+00,7.4743695470000162e+00,2.7209135399999695e-01,0,0,0,0,0
exp4_repeat,s1_p2,A_int,A,2,2,8,abc,0,0.0000000000000000e+00,2.9999999999999999e-01,1,100,4,1,30,A,4.4829974447649051e-01,5.0451446810155752e-02,8.6244696668628627e-14,3.9790393202565610e-13,1.2132423061372932e-15,5.5974906604025976e-15,3.9440500009207760e+01,-9.6046390535893241e-04,1.2522180486308791e+01,1.2544674412822159e+01,3.3306690738754696e-16,1.4124503485815960e+00,1.6629252480338169e-02,2.9047136438825429e-02,9.9929998047916924e-01,9.9929998047916924e-01,4.4930715610480045e-02,2.2133404144820945e+00,9.9725962270254587e-01,9.9725962270254587e-01,-2.7396598807413268e-03,9.9913925001896697e-01,9.9913925001896697e-01,1.2039885120000022e+00,8.8374593360000162e+00,2.7425555599999996e-01,0,0,0,0,0
exp4_repeat,s1_p2,A_int,A,2,2,8,abc,0,0.0000000000000000e+00,2.9999999999999999e-01,1,100,4,1,35,B,5.0946602750958758e-01,5.7335072136828577e-02,8.9512442144544881e-14,4.5119463720766362e-13,1.2592111275281726e-15,6.3471545881351129e-15,3.9457687112144313e+01,-5.2510950213036133e-04,1.2518632020160604e+01,1.2547537269460529e+01,3.4694469519536142e-16,1.4124649644946490e+00,1.6302780646899249e-02,3.2176533394041570e-02,9.9973544837701489e-01,9.9967229745938446e-01,4.8075949454916909e-02,2.2936521180537133e+00,9.9697702479429962e-01,9.9701903045723284e-01,-2.9799177603348236e-03,9.9913225543420325e-01,9.9914958902480933e-01,1.2039885120000022e+00,1.0542742523999998e+01,3.1339922199998682e-01,0,0,0,0,0
exp4_repeat,s1_p2,A_int,A,2,2,8,abc,0,0.0000000000000000e+00,2.9999999999999999e-01,1,100,4,1,40,A,5.3898653377546635e-01,6.0657296318376949e-02,8.6424673122156686e-14,3.5527136788005009e-13,1.2157741145378463e-15,4.9977595182166051e-15,3.9469670135929739e+01,-2.2157596374195081e-04,1.2517520205849484e+01,1.2550873643065840e+01,4.0245584642661925e-16,1.4126260510193556e+00,2.0190186613024127e-02,3.6979920604599793e-02,1.0000390610450101e+00,1.0000390610450101e+00,5.6152325794002901e-02,2.6610782021746582e+00,9.9688848050909029e-01,9.9688848050909029e-01,-3.1107049110754574e-03,9.9926353842462023e-01,9.9926353842462023e-01,1.2039885120000022e+00,1.2200369900999995e+01,3.2933975999999632e-01,0,0,0,0,0
exp4_repeat,s1_p2,A_int,A,2,2,8,abc,0,0.0000000000000000e+00,2.9999999999999999e-01,1,100,4,1,45,B,6.0127942989120198e-01,6.7667710162586756e-02,8.8157773110965583e-14,4.4053649617126212e-13,1.2401543988731065e-15,6.1972218025886138e-15,3.9492946673315622e+01,3.6802561601623549e-04,1.2514003764891019e+01,1.2555080682249331e+01,1.3183898417423734e-15,1.4126830707464002e+00,1.9993199530141448e-02,4.0079099147060475e-02,1.0006288163308179e+00,1.0005656089812522e+00,6.0001320280679234e-02,2.7070025545248568e+00,9.9660843306948266e-01,9.9665042320252972e-01,-3.3483949584810989e-03,9.9928653677690160e-01,9.9930387304407986e-01,1.2039885120000022e+00,1.3587250818999983e+01,2.7249729099999342e-01,0,0,0,0,0
exp4_repeat,s1_p2,A_int,A,2,2,8,abc,0,0.0000000000000000e+00,2.9999999999999999e-01,1,100,4,1,50,A,6.3679450814609040e-01,7.1664560715395564e-02,8.8311238594167531e-14,3.8369307731045410e-13,1.2423132657245651e-15,5.3975802796739334e-15,3.9511822078229791e+01,8.4614520792424311e-04,1.2512980801005853e+01,1.2559957690984328e+01,5.2735593669694936e-16,1.4128942244846425e+00,2.3714159005291877e-02,4.4529765806182640e-02,1.0011070605660042e+00,1.0011070605660042e+00,6.7896939339747914e-02,3.1439746240451014e+00,9.9652696478372571e-01,9.9652696478372571e-01,-3.4721259934784696e-03,9.9945323899374172e-01,9.9945323899374172e-01,1.2039885120000022e+00,1.4992956446000001e+01,2.7206020900000283e-01,0,0,0,0,0
exp4_repeat,s1_p2,A_int,A,2,2,8,abc,0,0.0000000000000000e+00,2.9999999999999999e-01,1,100,4,1,55,B,6.9960690612335374e-01,7.8733439059881338e-02,8.8162999683706917e-14,5.1159076974727213e-13,1.2402279233843034e-15,7.1967737062319386e-15,3.9541583399277400e+01,1.6000082767500751e-03,1.2509544958175281e+01,1.2565542092518054e+01,4.3021142204224816e-16,1.4129903745597099e+00,2.3590787886421528e-02,4.7542887251892589e-02,1.0018611201629910e+00,1.0017978349717145e+00,7.2232009869157190e-02,3.1496798125653980e+00,9.9625333613505485e-01,9.9629531130679205e-01,-3.7033815592607739e-03,9.9950391360380608e-01,9.9952125364217770e-01,1.2039885120000022e+00,1.6575851031999996e+01,3.4658716100000220e-01,0,0,0,0,0
exp4_repeat,s1_p2,A_int,A,2,2,8,abc,0,0.0000000000000000e+00,2.9999999999999999e-01,1,100,4,1,60,A,7.4017382004035659e-01,8.3298820871833351e-02,8.5676854533872389e-14,4.5474735088646412e-13,1.2052542195916288e-15,6.3971321833172543e-15,3.9568268547570703e+01,2.2759509794372801e-03,1.2508669287896593e+01,1.2572092822078956e+01,4.8572257327350599e-16,1.4132502069299211e+00,2.7184103995448003e-02,5.1705471917950760e-02,1.0025372390804073e+00,1.0025372390804073e+00,8.0083349679284169e-02,3.6543777903554675e+00,9.9618359823176461e-01,9.9618359823176461e-01,-3.8154026538383384e-03,9.9970505388674147e-01,9.9970505388674147e-01,1.2039885120000022e+00,1.8291987315000007e+01,3.4610749800000917e-01,0,0,0,0,0
exp4_repeat,s1_p2,A_int,A,2,2,8,abc,0,0.0000000000000000e+00,2.9999999999999999e-01,1,100,4,1,65,B,8.0334981906318159e-01,9.0408618710555527e-02,8.7504762397810735e-14,3.8724579098925460e-13,1.2309682082531268e-15,5.4475578748561205e-15,3.9605003238796328e+01,3.2064515783663170e-03,1.2505364067878341e+01,1.2579122154737844e+01,3.6082248300317588e-16,1.4133844539768026e+00,2.7112478534611770e-02,5.4624845702382331e-02,1.0034679822559782e+00,1.0034045955630335e+00,8.4791134744425872e-02,3.6167377499918931e+00,9.9592037231260833e-01,9.9596233345557084e-01,-4.0362419251306625e-03,9.9978267269993759e-01,9.9980001757440184e-01,1.2039885120000022e+00,1.9717407604000023e+01,2.7247881799999618e-01,0,0,0,0,0
exp4_repeat,s1_p2,A_int,A,2,2,8,abc,0,0.0000000000000000e+00,2.9999999999999999e-01,1,100,4,1,70,A,8.4844277409534874e-01,9.5483359105455037e-02,8.8511428347233373e-14,4.4764192352886312e-13,1.2451294235528876e-15,6.2971769929529226e-15,3.9640504542013510e+01,4.1057100940688988e-03,1.2504691109851825e+01,1.2587512689580624e+01,6.3837823915946501e-16,1.4136937461457426e+00,3.0613156681068017e-02,5.8558270461426143e-02,1.0043674752036751e+00,1.0043674752036751e+00,9.2694416884980507e-02,4.1889220424907396e+00,9.9586677830249537e-01,9.9586677830249537e-01,-4.1321396412760418e-03,1.0000188046956779e+00,1.0000188046956779e+00,1.2039885120000022e+00,2.1102712029000024e+01,2.7335218899999347e-01,0,0,0,0,0
exp4_repeat,s1_p2,A_int,A,2,2,8,abc,0,0.0000000000000000e+00,2.9999999999999999e-01,1,100,4,1,75,B,9.1205873531891291e-01,1.0264267008765450e-01,8.9017836677959501e-14,4.4053649617126212e-13,1.2522532935964957e-15,6.1972218025886138e-15,3.9684764064330331e+01,5.2268168912150952e-03,1.2501549133319454e+01,1.2596076277474728e+01,2.9143354396410359e-16,1.4138664292626177e+00,3.0596126393548990e-02,6.1401593820502656e-02,1.0054888742675026e+00,1.0054253599196017e+00,9.7717736728424251e-02,4.1061529858617458e+00,9.9561655300550034e-01,9.9565850134763489e-01,-4.3399668312757295e-03,1.0001236065046584e+00,1.0001409572938622e+00,1.2039885120000022e+00,2.2755630049000025e+01,3.4610824099999604e-01,0,0,0,0,0
exp4_repeat,s1_p2,A_int,A,2,2,8,abc,0,0.0000000000000000e+00,2.9999999999999999e-01,1,100,4,1,80,A,9.6148042296034353e-01,1.0820456405710412e-01,8.5850556818215716e-14,3.6237679523765109e-13,1.2076977664783171e-15,5.0977147085809375e-15,3.9730229019185359e+01,6.3784576512543141e-03,1.2501119643561397e+01,1.2606511664918907e+01,1.1102230246251565e-15,1.4142278907009822e+00,3.4037828145338657e-02,6.5166552157512367e-02,1.0066408152542676e+00,1.0066408152542676e+00,1.0575458835026712e-01,4.7470102405625312e+00,9.9558234867546835e-01,9.9558234867546835e-01,-4.4164948060864779e-03,1.0003966479174660e+00,1.0003966479174660e+00,1.2039885120000022e+00,2.4460693048000032e+01,3.2851982199998986e-01,0,0,0,0,0
exp4_repeat,s1_p2,A_int,A,2,2,8,abc,0,0.0000000000000000e+00,2.9999999999999999e-01,1,100,4,1,85,B,1.0258198025876464e+00,1.1544528821334041e-01,8.8619784930655340e-14,4.6540549192286562e-13,1.2466537235531709e-15,6.5470649688637778e-15,3.9782716217297590e+01,7.7079739109546120e-03,1.2498149470273363e+01,1.2616736942372860e+01,4.4408920985006262e-16,1.4144409928076691e+00,3.4102374798087295e-02,6.7972186711848903e-02,1.0079706781119067e+00,1.0079070069943419e+00,1.1107871304851982e-01,4.6183133632052016e+00,9.9534580569512843e-01,9.9538774262985830e-01,-4.6106300166227267e-03,1.0005300342639925e+00,1.0005473921041670e+00,1.2039885120000022e+00,2.6159319673000049e+01,3.3727394100000652e-01,0,0,0,0,0
exp4_repeat,s1_p2,A_int,A,2,2,8,abc,0,0.0000000000000000e+00,2.9999999999999999e-01,1,100,4,1,90,A,1.0797407264113614e+00,1.2151352415093436e-01,8.5411362898504247e-14,4.1211478674085811e-13,1.2015194312927980e-15,5.7974010411312617e-15,3.9839623703545257e+01,9.1494573771355274e-03,1.2497984827992504e+01,1.2629496821362249e+01,4.9960036108132044e-16,1.4148598943417823e+00,3.7522094023115224e-02,7.1638705567502001e-02,1.0094125373652918e+00,1.0094125373652918e+00,1.1934016850036401e-01,5.3308836696288742e+00,9.9533269367369803e-01,9.9533269367369803e-01,-4.6660844494585026e-03,1.0008437147076807e+00,1.0008437147076807e+00,1.2039885120000022e+00,2.7866134921000047e+01,3.4486601300000075e-01,0,0,0,0,0
exp4_repeat,s1_p2,A_int,A,2,2,8,abc,0,0.0000000000000000e+00,2.9999999999999999e-01,1,100,4,1,95,B,1.1453519451398029e+00,1.2889738049395591e-01,8.7031527856982205e-14,4.2632564145606011e-13,1.2243110085894230e-15,5.9973114218599488e-15,3.9901387224018514e+01,1.0713945627202556e-02,1.2495168012424443e+01,1.2641589677913942e+01,7.0776717819853729e-16,1.4151181286892627e+00,3.7723534981126232e-02,7.4468567864729052e-02,1.0109774334692672e+00,1.0109135724220963e+00,1.2499341686566620e-01,5.1564555299762578e+00,9.9510836401851555e-01,9.9515029094910823e-01,-4.8479979167428116e-03,1.0010090183928868e+00,1.0010263845427867e+00,1.2039885120000022e+00,2.9467010057000046e+01,3.0520155399999283e-01,0,0,0,0,0
exp4_repeat,s1_p2,A_int,A,2,2,8,abc,0,0.0000000000000000e+00,2.9999999999999999e-01,1,100,4,1,100,A,1.2044180829133631e+00,1.3554465644019539e-01,8.7450962769456517e-14,5.6843418860808015e-13,1.2302113850779583e-15,7.9964152291465684e-15,3.9971886416298439e+01,1.2499711029110251e-02,1.2495268052563571e+01,1.2657094533388378e+01,9.1593399531575415e-16,1.4156037473366989e+00,4.1167507636416585e-02,7.8124720658404923e-02,1.0127636644108799e+00,1.0127636644108799e+00,1.3360302864858686e-01,5.9464393002458875e+00,9.9511633116062082e-01,9.9511633116062082e-01,-4.8823903199402578e-03,1.0013699015037063e+00,1.0013699015037063e+00,1.2039885120000022e+00,3.1095612747000054e+01,3.1925898000000075e-01,0,0,0,0,0
exp4_repeat,s1_p2,A_l2,A,2,2,8,abc,0,0.0000000000000000e+00,2.9999999999999999e-01,1,100,0,1,0,A,2.0254441727229264e-01,2.2794255452097286e-02,8.3786414868294027e-14,3.8369307731045410e-13,1.1786605684098978e-15,5.3975802796739334e-15,3.9468128469587128e+01,-2.6062682839567288e-04,1.2556590281248958e+01,1.2559878392954451e+01,6.8001160258290838e-16,1.4136671625649608e+00,1.7228396484440912e-15,8.0948539144800970e-11,1.0000000000000000e+00,1.0000000000000000e+00,0.0000000000000000e+00,1.0000000000000000e+00,1.0000000000000000e+00,1.0000000000000000e+00,0.0000000000000000e+00,1.0000000000000000e+00,1.0000000000000000e+00,9.8899844700000017e-01,0.0000000000000000e+00,0.0000000000000000e+00,0,0,0,0,0
exp4_repeat,s1_p2,A_l2,A,2,2,8,abc,0,0.0000000000000000e+00,2.9999999999999999e-01,1,100,0,1,1,B,2.9664189512412897e-01,3.3383942279502435e-02,8.6625804762052437e-14,4.4853010194856324e-13,1.2186035223049382e-15,6.3096713917484877e-15,3.9485732044793934e+01,1.8527694067695081e-04,1.2554975417840158e+01,1.2562209777478650e+01,7.7715611723760958e-16,1.4136143547002538e+00,1.8025113041662244e-05,2.1375704001218833e-05,1.0004460200138543e+00,1.0003828242110986e+00,0.0000000000000000e+00,1.3355028094432100e+00,9.9987139315907980e-01,9.9991352077052231e-01,-8.6448716809559039e-05,9.9994529707230917e-01,9.9996264476808583e-01,9.8899844700000017e-01,7.0336765500000809e-01,7.0336765500000809e-01,36,0,36,0,0
exp4_repeat,s1_p2,A_l2,A,2,2,8,abc,0,0.0000000000000000e+00,2.9999999999999999e-01,1,100,0,1,2,A,2.4995479497196840e-01,2.8129797526870923e-02,8.7782791723201136e-14,4.6096459982436500e-13,1.2348793697846711e-15,6.4845929748860453e-15,3.9472601561562819e+01,-1.4732208501618124e-04,1.2554484955785075e+01,1.2559748612902601e+01,8.0491169285323849e-16,1.4135724544343971e+00,3.8770100222064088e-03,4.5055413191165536e-03,1.0001133342813338e+00,1.0001133342813338e+00,1.6462168643580955e-02,1.2340739791210298e+00,9.9983233302857488e-01,9.9983233302857488e-01,-1.6762307707251701e-04,9.9993300535439200e-01,9.9993300535439200e-01,9.8899844700000017e-01,1.2864337680000091e+00,5.8306611300000100e-01,18,0,54,0,0
exp4_repeat,s1_p2,A_l2,A,2,2,8,abc,0,0.0000000000000000e+00,2.9999999999999999e-01,1,100,0,1,5,B,3.4862531044866146e-01,3.9234131902783451e-02,8.8902617678891052e-14,5.2580162446247414e-13,1.2506324569591111e-15,7.3966840869606035e-15,3.9494106286095430e+01,3.9739895087048227e-04,1.2551896715830170e+01,1.2562317911615127e+01,5.4123372450476381e-16,1.4134766439023199e+00,2.5153799419557125e-03,3.1714967832449713e-03,1.0006581973231470e+00,1.0005949881176537e+00,1.8445794232089082e-02,1.5695358248448816e+00,9.9962620701052918e-01,9.9966832429153629e-01,-3.3155868255037004e-04,9.9984788488609855e-01,9.9986523089190582e-01,9.8899844700000017e-01,3.1183538530000021e+00,5.9315425500000174e-01,36,0,144,0,0
exp4_repeat,s1_p2,A_l2,A,2,2,8,abc,0,0.0000000000000000e+00,2.9999999999999999e-01,1,100,0,1,10,A,3.6990997503248879e-01,4.1629498253877184e-02,8.6272219325560920e-14,4.1566750041965861e-13,1.2136294795294828e-15,5.8473786363134284e-15,3.9494960772687541e+01,4.1904334910027974e-04,1.2549438410185999e+01,1.2561242449302224e+01,3.4000580129145419e-16,1.4133403466187229e+00,5.4794564609236297e-03,6.7327277122014844e-03,1.0006798473639582e+00,1.0006798473639582e+00,3.4815184109070460e-02,1.8263153337630460e+00,9.9943042889010725e-01,9.9943042889010725e-01,-5.6942199909920253e-04,9.9976881690761987e-01,9.9976881690761987e-01,9.8899844700000017e-01,6.3029477519999944e+00,5.9172676800000090e-01,18,0,271,0,0
exp4_repeat,s1_p2,A_l2,A,2,2,8,abc,0,0.0000000000000000e+00,2.9999999999999999e-01,1,100,0,1,15,B,4.4522423306693942e-01,5.0105330172337668e-02,8.7841615370632426e-14,3.8369307731045410e-13,1.2357068680590236e-15,5.3975802796739539e-15,3.9515890723981478e+01,9.4920520876981638e-04,1.2546320367932809e+01,1.2563433849084843e+01,9.2981178312356860e-16,1.4132125049119557e+00,3.3475079715489676e-03,4.8886398236371769e-03,1.0012101474340531e+00,1.0011469033631801e+00,3.5897251411209953e-02,2.0044310121612732e+00,9.9918210970604937e-01,9.9922420827589142e-01,-7.7551799970624702e-04,9.9966104146567780e-01,9.9967838423000488e-01,9.8899844700000017e-01,9.6174940669999387e+00,7.0419838499998377e-01,36,0,416,0,0
exp4_repeat,s1_p2,A_l2,A,2,2,8,abc,0,0.0000000000000000e+00,2.9999999999999999e-01,1,100,0,1,20,A,4.6507592251562729e-01,5.2339430161579673e-02,8.5806245933155357e-14,3.7014835641002719e-13,1.2070744256532671e-15,5.2070406980419251e-15,3.9518387741564140e+01,1.0124554030325876e-03,1.2544132179375229e+01,1.2562711780472441e+01,6.3837823915946501e-16,1.4130866362641559e+00,5.8232686294236290e-03,7.7473694672690928e-03,1.0012734141173110e+00,1.0012734141173110e+00,4.7111213272040063e-02,2.2961675704465248e+00,9.9900784356304650e-01,9.9900784356304650e-01,-9.9189669549014023e-04,9.9958934725501325e-01,9.9958934725501325e-01,9.8899844700000017e-01,1.2801399603999926e+01,5.9334386099999392e-01,18,0,543,0,0
exp4_repeat,s1_p2,A_l2,A,2,2,8,abc,0,0.0000000000000000e+00,2.9999999999999999e-01,1,100,0,1,25,B,5.2685791669814830e-01,5.9292347337485785e-02,8.9733787555308316e-14,4.1389114358025836e-13,1.2623248913534353e-15,5.8223898387223668e-15,3.9539688451342279e+01,1.5520086848183172e-03,1.2541150556270837e+01,1.2565080096602284e+01,7.7715611723760958e-16,1.4129722805775016e+00,3.9399358165481107e-03,6.3400862296804231e-03,1.0018131080578165e+00,1.0017498258993509e+00,4.7777840854443636e-02,2.3719516342536373e+00,9.9877038872557800e-01,9.9881246994836770e-01,-1.1871110526361041e-03,9.9949111450315009e-01,9.9950845431947466e-01,9.8899844700000017e-01,1.6036956795999913e+01,7.0562882300001206e-01,36,0,688,0,0
exp4_repeat,s1_p2,A_l2,A,2,2,8,abc,0,0.0000000000000000e+00,2.9999999999999999e-01,1,100,0,1,30,A,5.4843729817412057e-01,6.1720880991910088e-02,8.6262261809492944e-14,3.6948222259525210e-13,1.2134894027453517e-15,5.1976698989452692e-15,3.9544871064506012e+01,1.6832858098457567e-03,1.2539041960634680e+01,1.2564848398217109e+01,6.8001160258290838e-16,1.4128536346178899e+00,6.2005288148923214e-03,8.8373754858052465e-03,1.0019444194061042e+00,1.0019444194061042e+00,5.7362078680822423e-02,2.7077384089872165e+00,9.9860246131941699e-01,9.9860246131941699e-01,-1.3971728121286399e-03,9.9942452653027969e-01,9.9942452653027969e-01,9.8899844700000017e-01,1.9218813094999945e+01,5.9000997200001848e-01,19,0,817,0,0
exp4_repeat,s1_p2,A_l2,A,2,2,8,abc,0,0.0000000000000000e+00,2.9999999999999999e-01,1,100,0,1,35,B,6.0293045264630440e-01,6.7853515503182429e-02,8.7620177367663742e-14,3.6948222259525210e-13,1.2325918016982432e-15,5.1976698989452890e-15,3.9567212271545472e+01,2.2491951951549155e-03,1.2536153281194473e+01,1.2567472877015884e+01,6.9388939039072284e-16,1.4127497279178949e+00,4.5569801514786061e-03,7.7069872611372258e-03,1.0025104763210320e+00,1.0024471501114667e+00,5.8036458981305654e-02,2.7144355758348486e+00,9.9837240846466058e-01,9.9841447291933594e-01,-1.5849676554483482e-03,9.9933368791464339e-01,9.9935102499982997e-01,9.8899844700000017e-01,2.2363835000999956e+01,7.1522619099999929e-01,36,0,963,0,0
exp4_repeat,s1_p2,A_l2,A,2,2,8,abc,0,0.0000000000000000e+00,2.9999999999999999e-01,1,100,0,1,40,A,6.2604392896281624e-01,7.0454695484540475e-02,8.6459196602233743e-14,3.8369307731045410e-13,1.2162597716066572e-15,5.3975802796739334e-15,3.9575140185911224e+01,2.4500116119931764e-03,1.2534118784176977e+01,1.2567732731075548e+01,5.4123372450476381e-16,1.4126374239481527e+00,6.6169371261707560e-03,9.9226646633323035e-03,1.0027113450896603e+00,1.0027113450896603e+00,6.6675556352689555e-02,3.0908969864184783e+00,9.9821038223206671e-01,9.9821038223206671e-01,-1.7891492551860057e-03,9.9927158340797861e-01,9.9927158340797861e-01,9.8899844700000017e-01,2.5471012119999983e+01,5.5892962000001489e-01,19,0,1092,0,0
exp4_repeat,s1_p2,A_l2,A,2,2,8,abc,0,0.0000000000000000e+00,2.9999999999999999e-01,1,100,0,1,45,B,6.7577172192601553e-01,7.6051038405947124e-02,8.9191981302327900e-14,4.2632564145606011e-13,1.2547030630760257e-15,5.9973114218599488e-15,3.9598752689133484e+01,3.0481233058026577e-03,1.2531313076515668e+01,1.2570637505635357e+01,8.8817841970012523e-16,1.4125425923604042e+00,5.1684162629911587e-03,8.9600063095899418e-03,1.0033096127080616e+00,1.0032462360189458e+00,6.7456579135330028e-02,3.0423721261517116e+00,9.9798693720451814e-01,9.9802898541812135e-01,-1.9703191442093444e-03,9.9918716688797116e-01,9.9920450143121653e-01,9.8899844700000017e-01,2.8684045608999980e+01,6.9716358399998057e-01,36,0,1238,0,0
exp4_repeat,s1_p2,A_l2,A,2,2,8,abc,0,0.0000000000000000e+00,2.9999999999999999e-01,1,100,0,1,50,A,7.0032051952490770e-01,7.8813748783486959e-02,8.8556998954555750e-14,4.2632564145606011e-13,1.2457704854483489e-15,5.9973114218599259e-15,3.9609523196969612e+01,3.3209434563990425e-03,1.2529351010363886e+01,1.2571399562139529e+01,3.7470027081099033e-16,1.4124361514773609e+00,7.0531189090709103e-03,1.0962891721053318e-02,1.0035825039814452e+00,1.0035825039814452e+00,7.5459713304805345e-02,3.4576145270073013e+00,9.9783067932655656e-01,9.9783067932655656e-01,-2.1687527564241737e-03,9.9912920727014243e-01,9.9912920727014243e-01,9.8899844700000017e-01,3.1671556392999946e+01,5.5862363299999629e-01,19,0,1367,0,0
exp4_repeat,s1_p2,A_l2,A,2,2,8,abc,0,0.0000000000000000e+00,2.9999999999999999e-01,1,100,0,1,55,B,7.4688247404095121e-01,8.4053809703857160e-02,9.1003119004913307e-14,5.0803805606847163e-13,1.2801811384579779e-15,7.1467961110497727e-15,3.9634714068787936e+01,3.9590356938028039e-03,1.2526622587404781e+01,1.2574627492313862e+01,3.0531133177191805e-16,1.4123497777007534e+00,5.7651220141804660e-03,1.0109725233737810e-02,1.0042207625661594e+00,1.0041573283218677e+00,7.6406185417521130e-02,3.3625177656992777e+00,9.9761338921053044e-01,9.9765542168542476e-01,-2.3437510715434012e-03,9.9905077600351011e-01,9.9906810818055847e-01,9.8899844700000017e-01,3.4836764034999959e+01,6.6941021700000647e-01,36,0,1513,0,0
exp4_repeat,s1_p2,A_l2,A,2,2,8,abc,0,0.0000000000000000e+00,2.9999999999999999e-01,1,100,0,1,60,A,7.7283428749828664e-01,8.6974414840044922e-02,8.7251677268052501e-14,5.2491344604277401e-13,1.2274079477578397e-15,7.3841896881650344e-15,3.9648475339839344e+01,4.3076127616407198e-03,1.2524731222770754e+01,1.2575913269235455e+01,1.9428902930940239e-16,1.4122490459443593e+00,7.5001914954160526e-03,1.1951533512022022e-02,1.0045694305062167e+00,1.0045694305062167e+00,8.3951746855176104e-02,3.8156286799024381e+00,9.9746276196287298e-01,9.9746276196287298e-01,-2.5365738012301073e-03,9.9899685254198833e-01,9.9899685254198833e-01,9.8899844700000017e-01,3.7951769535999972e+01,5.8711812100000316e-01,19,0,1642,0,0
exp4_repeat,s1_p2,A_l2,A,2,2,8,abc,0,0.0000000000000000e+00,2.9999999999999999e-01,1,100,0,1,65,B,8.1733735289587384e-01,9.1982769327102087e-02,8.7143022684311838e-14,4.7073456244106637e-13,1.2258794556552354e-15,6.6220313616370266e-15,3.9675599612595505e+01,4.9946786169136909e-03,1.2522075913216037e+01,1.2579518063168141e+01,5.4123372450476381e-16,1.4121708930090189e+00,6.3484809671086164e-03,1.1176307637634462e-02,1.0052566754759666e+00,1.0051931757955126e+00,8.5102698367909915e-02,3.6797106174047234e+00,9.9725129455848682e-01,9.9729331177723624e-01,-2.7057332156489224e-03,9.9892423873001435e-01,9.9894156871181250e-01,9.8899844700000017e-01,4.1188982152999984e+01,6.8157797500001038e-01,36,0,1788,0,0
exp4_repeat,s1_p2,A_l2,A,2,2,8,abc,0,0.0000000000000000e+00,2.9999999999999999e-01,1,100,0,1,70,A,8.4467880364490366e-01,9.5059763604196421e-02,8.7156166168035855e-14,4.1033842990145786e-13,1.2260643508559788e-15,5.7724122435401788e-15,3.9692529429163336e+01,5.4235158802887736e-03,1.2520253496688646e+01,1.2581355374388624e+01,3.8857805861880479e-16,1.4120759102159419e+00,7.9556365701483108e-03,1.2894970572453025e-02,1.0056856245349743e+00,1.0056856245349743e+00,9.2306515942285478e-02,4.1703386102681419e+00,9.9710615830042848e-01,9.9710615830042848e-01,-2.8930841066658387e-03,9.9887437977541205e-01,9.9887437977541205e-01,9.8899844700000017e-01,4.4208378387999971e+01,5.8096831499997847e-01,19,0,1917,0,0
exp4_repeat,s1_p2,A_l2,A,2,2,8,abc,0,0.0000000000000000e+00,2.9999999999999999e-01,1,100,0,1,75,B,8.8792535651284243e-01,9.9926710749766320e-02,8.8677563650898092e-14,5.3956838996782608e-13,1.2474665223744401e-15,7.5903472682914973e-15,3.9721967481278163e+01,6.1691904513885469e-03,1.2517667895475856e+01,1.2585396407120585e+01,5.6898930012039273e-16,1.4120059463138677e+00,6.9233834252756775e-03,1.2180076567918419e-02,1.0064314934995369e+00,1.0063679196086142e+00,9.3688340269824630e-02,3.9975028062120455e+00,9.9690024243036535e-01,9.9694224485822502e-01,-3.0566762669007952e-03,9.9880756074670463e-01,9.9882488870429798e-01,9.8899844700000017e-01,4.7466566992999986e+01,7.3051201900000251e-01,36,0,2063,0,0
exp4_repeat,s1_p2,A_l2,A,2,2,8,abc,0,0.0000000000000000e+00,2.9999999999999999e-01,1,100,0,1,80,A,9.1665088285863183e-01,1.0315946825718032e-01,8.6280728672786101e-14,3.6948222259525210e-13,1.2137491842817747e-15,5.1976698989452692e-15,3.9742267057302719e+01,6.6833847189499479e-03,1.2515912721195235e+01,1.2587817690008054e+01,6.7307270867900115e-16,1.4119168717067707e+00,8.4200871256936063e-03,1.3803740760661706e-02,1.0069458218148559e+00,1.0069458218148559e+00,1.0063204172301279e-01,4.5256783435621575e+00,9.9676046130815721e-01,9.9676046130815721e-01,-3.2386905972386949e-03,9.9876187910100822e-01,9.9876187910100822e-01,9.8899844700000017e-01,5.0577864643999931e+01,5.8897635599998921e-01,19,0,2192,0,0
exp4_repeat,s1_p2,A_l2,A,2,2,8,abc,0,0.0000000000000000e+00,2.9999999999999999e-01,1,100,0,1,85,B,9.5924760677754017e-01,1.0795328395205984e-01,8.8075446735771577e-14,4.4542147747961280e-13,1.2389962773287747e-15,6.2659409959640922e-15,3.9774419860471234e+01,7.4978247375632034e-03,1.2513393888531422e+01,1.2592358490757395e+01,6.9388939039072284e-16,1.4118551889635453e+00,7.4954958231965947e-03,1.3139135514572381e-02,1.0077604741537245e+00,1.0076968163142452e+00,1.0226329458413611e-01,4.3186006254005926e+00,9.9655986284891029e-01,9.9660185093554676e-01,-3.3969500875978558e-03,9.9870091984924014e-01,9.9871824595675840e-01,9.8899844700000017e-01,5.3775106579999971e+01,6.9510058000000186e-01,36,0,2338,0,0
exp4_repeat,s1_p2,A_l2,A,2,2,8,abc,0,0.0000000000000000e+00,2.9999999999999999e-01,1,100,0,1,90,A,9.8936060722682229e-01,1.1134218715617630e-01,8.5075260107618547e-14,3.9790393202565610e-13,1.1967913246281052e-15,5.5974906604025976e-15,3.9798316377012171e+01,8.1031305727773100e-03,1.2511704324273879e+01,1.2595400847652561e+01,6.2450045135165055e-16,1.4117722644996871e+00,8.8956133462927047e-03,1.4689127454479077e-02,1.0083659377890055e+00,1.0083659377890055e+00,1.0900839649129214e-01,4.8846599701475126e+00,9.9642530687314779e-01,9.9642530687314779e-01,-3.5737572905370288e-03,9.9865958684232603e-01,9.9865958684232603e-01,9.8899844700000017e-01,5.6902670767000018e+01,5.6794481500000416e-01,19,0,2467,0,0
exp4_repeat,s1_p2,A_l2,A,2,2,8,abc,0,0.0000000000000000e+00,2.9999999999999999e-01,1,100,0,1,95,B,1.0317865399894535e+00,1.1611678209297439e-01,8.7608302671825446e-14,4.5474735088646412e-13,1.2324247550980459e-15,6.3971321833172787e-15,3.9833609927310988e+01,8.9971266455814505e-03,1.2509249649643129e+01,1.2600509432603769e+01,8.6042284408449632e-16,1.4117190423810995e+00,8.0702701079007049e-03,1.4069032752438197e-02,1.0092601669219123e+00,1.0091964143503971e+00,1.1090316225797747e-01,4.6451760373395778e+00,9.9622981792465393e-01,9.9627179210549777e-01,-3.7268924622205156e-03,9.9860461413872126e-01,9.9862193857546588e-01,9.8899844700000017e-01,6.0020560216000064e+01,5.7701802100001487e-01,36,0,2613,0,0
exp4_repeat,s1_p2,A_l2,A,2,2,8,abc,0,0.0000000000000000e+00,2.9999999999999999e-01,1,100,0,1,100,A,1.0633032198573285e+00,1.1966365473249245e-01,8.6177663379755522e-14,4.1211478674085811e-13,1.2122993192045100e-15,5.7974010411312617e-15,3.9861363149910893e+01,9.7001239865093722e-03,1.2507624134738089e+01,1.2604215490226345e+01,4.9960036108132044e-16,1.4116425763333313e+00,9.3848553363208714e-03,1.5561885320123611e-02,1.0099633475305720e+00,1.0099633475305720e+00,1.1749885042987059e-01,5.2497285986799920e+00,9.9610036280438397e-01,9.9610036280438397e-01,-3.8986162906113147e-03,9.9856784801596721e-01,9.9856784801596721e-01,9.8899844700000017e-01,6.2829557883000092e+01,5.6144919899998058e-01,19,0,2742,0,0
exp4_repeat,s1_p2,B_pt,B,2,2,8,abc,0,0.0000000000000000e+00,2.9999999999999999e-01,1,100,0,1,0,A,2.0254441727229264e-01,2.2794255452097286e-02,8.3786414868294027e-14,3.8369307731045410e-13,1.1786605684098978e-15,5.3975802796739334e-15,3.9468128469587128e+01,-2.6062682839567288e-04,nan,nan,6.8001160258290838e-16,nan,nan,nan,1.0000000000000000e+00,1.0000000000000000e+00,0.0000000000000000e+00,1.0000000000000000e+00,nan,nan,nan,nan,nan,2.0368865499997924e-01,0.0000000000000000e+00,0.0000000000000000e+00,0,0,0,0,0
exp4_repeat,s1_p2,B_pt,B,2,2,8,abc,0,0.0000000000000000e+00,2.9999999999999999e-01,1,100,0,1,1,B,3.0257762035293229e-01,3.4051946063467065e-02,1.6276238554614078e+00,7.6023911956038717e+00,2.2896504900600724e-02,1.0694620055017690e-01,3.9716325436257371e+01,6.0262757814710374e-03,nan,nan,4.1772141301521515e-15,nan,nan,nan,1.0062885415725120e+00,1.0062249767115237e+00,0.0000000000000000e+00,1.3622258645795475e+00,nan,nan,nan,nan,nan,2.0368865499997924e-01,5.4770773000001327e-02,5.4770773000001327e-02,0,0,0,0,0
exp4_repeat,s1_p2,B_pt,B,2,2,8,abc,0,0.0000000000000000e+00,2.9999999999999999e-01,1,100,0,1,2,A,3.7035744736227583e-01,4.1679856583819196e-02,4.6461569043577962e+00,5.1875588192004145e+01,6.5359544819051790e-02,7.2975685092981635e-01,4.0153821430935004e+01,1.7108178786350955e-02,nan,nan,1.4973331170129445e-03,nan,nan,nan,1.0173733335715740e+00,1.0173733335715740e+00,3.4815837901036727e-02,1.8285245890751065e+00,nan,nan,nan,nan,nan,2.0368865499997924e-01,1.0585940400000027e-01,5.1088630999998941e-02,0,0,0,0,0
exp4_repeat,s1_p2,B_pt,B,2,2,8,abc,0,0.0000000000000000e+00,2.9999999999999999e-01,1,100,0,1,5,B,9.4151414072032069e-01,1.0595756784789322e-01,1.5157760206748215e+01,8.7372454387655409e+01,2.1323091922706844e-01,1.2291069729359219e+00,4.3472769565446370e+01,1.0117811714540609e-01,nan,nan,3.8002675459611751e-03,nan,nan,nan,1.1014651885240794e+00,1.1013956115799926e+00,9.4848595341641487e-02,4.2387633059596812e+00,nan,nan,nan,nan,nan,2.0368865499997924e-01,2.6136380299999473e-01,5.6577992999990556e-02,0,0,0,0,0
exp4_repeat,s1_p2,B_pt,B,2,2,8,abc,0,0.0000000000000000e+00,2.9999999999999999e-01,1,100,0,1,10,A,4.6669206357993041e+00,5.2521309932755122e-01,6.5373775731186200e+01,5.2820348278549000e+02,9.1964182718097476e-01,7.4304720906685278e+00,6.3604463661909314e+01,6.1111988579017840e-01,nan,nan,3.5851788014949516e-02,nan,nan,nan,1.6115398963221899e+00,1.6115398963221899e+00,5.2474624825591276e-01,2.3041467637813398e+01,nan,nan,nan,nan,nan,2.0368865499997924e-01,5.4273990400000116e-01,5.4858974000012495e-02,0,0,0,0,0
exp4_repeat,s1_p2,B_pt,B,2,2,8,abc,0,0.0000000000000000e+00,2.9999999999999999e-01,1,100,0,1,15,B,3.5214323351506167e+01,3.9630037344741647e+00,4.4687417591618424e+02,4.9852612119106898e+03,6.2863767476031738e+00,7.0129875146693124e+01,6.9876525587041783e+02,1.6699930703232937e+01,nan,nan,1.8648247709435808e-03,nan,nan,nan,1.7704544982639952e+01,1.7703426628515672e+01,3.9493708116588997e+00,1.5853737635036020e+02,nan,nan,nan,nan,nan,2.0368865499997924e-01,8.2177590000000578e-01,5.7044614000005822e-02,0,0,0,0,0
exp4_repeat,s1_p2,B_pt,B,2,2,8,abc,0,0.0000000000000000e+00,2.9999999999999999e-01,1,100,0,1,20,A,3.8037838429530541e+02,4.2807608211817680e+01,5.0525892820590152e+03,4.9974994588832211e+04,7.1077008898097660e+01,7.0302035981544884e+02,7.2621040857584449e+04,1.8385124542572571e+03,nan,nan,4.8677887977322087e-01,nan,nan,nan,1.8399920055379339e+03,1.8399920055379339e+03,4.2813178800841612e+01,1.8779998452583359e+03,nan,nan,nan,nan,nan,2.0368865499997924e-01,1.0905932819999862e+00,5.4516816999978346e-02,0,0,0,0,0
exp4_repeat,s1_p2,B_pt,B,2,2,8,abc,0,0.0000000000000000e+00,2.9999999999999999e-01,1,100,0,1,25,B,4.1036096442571688e+03,4.6181833973305021e+02,5.8621463276520670e+04,6.4796262673498911e+05,8.2465406038838080e+02,9.1151769548364009e+03,8.4211468803066425e+06,2.1330914238466229e+05,nan,nan,7.4397586773017697e+00,nan,nan,nan,2.1336575122369200e+05,2.1335227341513519e+05,4.6043247449827157e+02,1.8474741089657782e+04,nan,nan,nan,nan,nan,2.0368865499997924e-01,1.3560668209999847e+00,5.0461374000008163e-02,0,0,0,0,0
exp4_repeat,s1_p2,B_pt,B,2,2,8,abc,0,0.0000000000000000e+00,2.9999999999999999e-01,1,100,0,1,30,A,4.9146202519864899e+04,5.5308910007244822e+03,7.3433488497175148e+05,6.6466126750188209e+06,1.0330213725990930e+04,9.3500841226501143e+04,1.2076930252441459e+09,3.0591220698583145e+07,nan,nan,7.0968405356511937e+01,nan,nan,nan,3.0599196670162745e+07,3.0599196670162745e+07,5.5316118909642155e+03,2.4264407373813071e+05,nan,nan,nan,nan,nan,2.0368865499997924e-01,1.6202951889999895e+00,5.0458085999991908e-02,0,0,0,0,0
exp4_repeat,s1_p2,B_pt,B,2,2,8,abc,0,0.0000000000000000e+00,2.9999999999999999e-01,1,100,0,1,35,B,5.5036229090539250e+05,6.1937518787466317e+04,8.5912367230470311e+06,9.0213194586549729e+07,1.2085672808949032e+05,1.2690689221707336e+06,1.5144944965945547e+11,3.8362593743691697e+09,nan,nan,1.2491424799891208e+03,nan,nan,nan,3.8372594681340809e+09,3.8370170775526605e+09,6.1751731355204858e+04,2.4777699906757600e+06,nan,nan,nan,nan,nan,2.0368865499997924e-01,1.8924210839999773e+00,5.4434659999998303e-02,0,0,0,0,0
exp4_repeat,s1_p2,B_pt,B,2,2,8,abc,0,0.0000000000000000e+00,2.9999999999999999e-01,1,100,0,1,40,A,6.7038103343318477e+06,7.5444372805269854e+05,1.0643815196243159e+08,9.0959371905435526e+08,1.4973125761466667e+06,1.2795657286541544e+07,2.2470538551862016e+13,5.6918539078786060e+11,nan,nan,1.7059280455107120e+04,nan,nan,nan,5.6933377444479260e+11,5.6933377444479260e+11,7.5454206141270441e+05,3.3097976358042553e+07,nan,nan,nan,nan,nan,2.0368865499997924e-01,2.1534258169999987e+00,5.0772192000010818e-02,0,0,0,0,0
exp4_repeat,s1_p2,B_pt,B,2,2,8,abc,0,0.0000000000000000e+00,2.9999999999999999e-01,1,100,0,1,45,B,7.5617894485100284e+07,8.5100030247978140e+06,1.2317566064808366e+09,1.2582696888885593e+10,1.7327665161703270e+07,1.7700636422379687e+08,2.8590329976165415e+15,7.2420151847751266e+13,nan,nan,1.8929190872647474e+05,nan,nan,nan,7.2439031402758828e+13,7.2434455600917672e+13,8.4844765263920594e+06,3.4043711353304809e+08,nan,nan,nan,nan,nan,2.0368865499997924e-01,2.4204256540000131e+00,5.4198065000008455e-02,0,0,0,0,0
exp4_repeat,s1_p2,B_pt,B,2,2,8,abc,0,0.0000000000000000e+00,2.9999999999999999e-01,1,100,0,1,50,A,9.2379259901671648e+08,1.0396319370499113e+08,1.5116705822328606e+10,1.2499033430023746e+11,2.1265338903733701e+08,1.7582943333192964e+09,4.2669638324877459e+17,1.0808345651667606e+16,nan,nan,2.8986075702965092e+06,nan,nan,nan,1.0811163330877802e+16,1.0811163330877802e+16,1.0397674415247874e+08,4.5609383435871572e+09,nan,nan,nan,nan,nan,2.0368865499997924e-01,2.6822139050000260e+00,4.8246859000016684e-02,0,0,0,0,0
exp4_repeat,s1_p2,B_pt,B,2,2,8,abc,0,0.0000000000000000e+00,2.9999999999999999e-01,1,100,0,1,55,B,1.0423560501207018e+10,1.1730626989609323e+09,1.7342973368930011e+11,1.7469972687937839e+12,2.4397127960509253e+09,2.4575783521514862e+10,5.4325306762955694e+19,1.3760760957389422e+18,nan,nan,2.7434357079407319e+07,nan,nan,nan,1.3764348315835912e+18,1.3763478854591798e+18,1.1695439948425987e+09,4.6927607201060287e+10,nan,nan,nan,nan,nan,2.0368865499997924e-01,2.9434603849999803e+00,5.1199544999974478e-02,0,0,0,0,0
exp4_repeat,s1_p2,B_pt,B,2,2,8,abc,0,0.0000000000000000e+00,2.9999999999999999e-01,1,100,0,1,60,A,1.2729026704042601e+11,1.4325188038061333e+10,2.1156709303025767e+12,1.7189113037323846e+13,2.9762079033917084e+10,2.4180685824642953e+11,8.1014060416431859e+21,2.0521101232661850e+20,nan,nan,4.4465393306352305e+08,nan,nan,nan,2.0526450976478069e+20,2.0526450976478069e+20,1.4327055167199499e+10,6.2845606289558716e+11,nan,nan,nan,nan,nan,2.0368865499997924e-01,3.1521782229999928e+00,4.0625734000002467e-02,0,0,0,0,0
exp4_repeat,s1_p2,B_pt,B,2,2,8,abc,0,0.0000000000000000e+00,2.9999999999999999e-01,1,100,0,1,65,B,1.4347436107213284e+12,1.6146538527932208e+11,2.4135830584717285e+13,2.4167793887591666e+14,3.3952940749101190e+11,3.3997904941438809e+12,1.0292446142530613e+24,2.6071070643405382e+22,nan,nan,3.8780594146458111e+09,nan,nan,nan,2.6077867235234225e+22,2.6076219958198664e+22,1.6098105574041452e+11,6.4593172928161104e+12,nan,nan,nan,nan,nan,2.0368865499997924e-01,3.4010905280000259e+00,4.9028145000022505e-02,0,0,0,0,0
exp4_repeat,s1_p2,B_pt,B,2,2,8,abc,0,0.0000000000000000e+00,2.9999999999999999e-01,1,100,0,1,70,A,1.7504687218271924e+13,1.9699694389796204e+12,2.9334196313025069e+14,2.3643886348487855e+15,4.1265711815581396e+12,3.3260901026418559e+13,1.5320703730477031e+26,3.8807795905137821e+24,nan,nan,6.5142999197672760e+10,nan,nan,nan,3.8817912894660496e+24,3.8817912894660496e+24,1.9702262026137876e+12,8.6423943221991250e+13,nan,nan,nan,nan,nan,2.0368865499997924e-01,3.6564647799999932e+00,4.9430717999996432e-02,0,0,0,0,0
exp4_repeat,s1_p2,B_pt,B,2,2,8,abc,0,0.0000000000000000e+00,2.9999999999999999e-01,1,100,0,1,75,B,1.9709927124763444e+14,2.2181461225865145e+13,3.3350001237738745e+15,3.3356678590334848e+16,4.6914922278431234e+13,4.6924315605760931e+14,1.9424061363174348e+28,4.9201722211455653e+26,nan,nan,5.4035559612209863e+11,nan,nan,nan,4.9214548843231590e+26,4.9211440076882187e+26,2.2114925993751930e+13,8.8735487069443988e+14,nan,nan,nan,nan,nan,2.0368865499997924e-01,3.9050290319999874e+00,4.9263491000004933e-02,0,0,0,0,0
exp4_repeat,s1_p2,B_pt,B,2,2,8,abc,0,0.0000000000000000e+00,2.9999999999999999e-01,1,100,0,1,80,A,2.4028856021996440e+15,2.7041963918991669e+14,4.0438928679702872e+16,3.2524564085881235e+17,5.6887230153515688e+14,4.5753743316275480e+15,2.8869296086291726e+30,7.3126781259604684e+28,nan,nan,9.3193659618900098e+12,nan,nan,nan,7.3145845029204962e+28,7.3145845029204962e+28,2.7045488538609344e+14,1.1863499545234566e+16,nan,nan,nan,nan,nan,2.0368865499997924e-01,4.1691826439999602e+00,4.9074047999994264e-02,0,0,0,0,0
exp4_repeat,s1_p2,B_pt,B,2,2,8,abc,0,0.0000000000000000e+00,2.9999999999999999e-01,1,100,0,1,85,B,2.7036213353214672e+16,3.0426430011254865e+15,4.5883916637895661e+17,4.5975244156952607e+18,6.4546935622328320e+15,6.4675410084080072e+16,3.6547841624027165e+32,9.2576764322978322e+30,nan,nan,7.4659754623203062e+13,nan,nan,nan,9.2600898601487416e+30,9.2595049222304578e+30,3.0335163274471330e+15,1.2171894625610915e+17,nan,nan,nan,nan,nan,2.0368865499997924e-01,4.3874532639999586e+00,4.7414328999991540e-02,0,0,0,0,0
exp4_repeat,s1_p2,B_pt,B,2,2,8,abc,0,0.0000000000000000e+00,2.9999999999999999e-01,1,100,0,1,90,A,3.2943493045671085e+17,3.7074455375282304e+16,5.5554338605371679e+18,4.4741542627952288e+19,7.8150746062082400e+16,6.2939907559350208e+17,5.4263686702508967e+34,1.3745152413737984e+33,nan,nan,1.3158978688726252e+15,nan,nan,nan,1.3748735703118739e+33,1.3748735703118739e+33,3.7079287618721504e+16,1.6264824026911178e+18,nan,nan,nan,nan,nan,2.0368865499997924e-01,4.6531103669999254e+00,5.4786347999993268e-02,0,0,0,0,0
exp4_repeat,s1_p2,B_pt,B,2,2,8,abc,0,0.0000000000000000e+00,2.9999999999999999e-01,1,100,0,1,95,B,3.7049636204481772e+18,4.1695489978225133e+17,6.2967706452076421e+19,6.3314267768982077e+20,8.8579458609055782e+17,8.9066981746804306e+18,6.8633777144222322e+36,1.7385138845242588e+35,nan,nan,1.0264400458473002e+16,nan,nan,nan,1.7389671060057815e+35,1.7388572595772570e+35,4.1570420710897498e+17,1.6680008472582588e+19,nan,nan,nan,nan,nan,2.0368865499997924e-01,4.9227999639999780e+00,5.4366737000009380e-02,0,0,0,0,0
exp4_repeat,s1_p2,B_pt,B,2,2,8,abc,0,0.0000000000000000e+00,2.9999999999999999e-01,1,100,0,1,100,A,4.5130579740456886e+19,5.0789746622453350e+18,7.6163279349425963e+20,6.1547055054350954e+21,1.0714225482862465e+19,8.6580965432581014e+19,1.0183846138548687e+39,2.5795983619730098e+37,nan,nan,1.8442156371661962e+17,nan,nan,nan,2.5802708497809905e+37,2.5802708497809905e+37,5.0796366501758669e+18,2.2281818649084330e+20,nan,nan,nan,nan,nan,2.0368865499997924e-01,5.1877759739999760e+00,4.9778871999990315e-02,0,0,0,0,0
exp4_repeat,s1_p2,B_int,B,2,2,8,abc,0,0.0000000000000000e+00,2.9999999999999999e-01,1,100,4,1,0,A,2.0254441727229264e-01,2.2794255452097286e-02,8.3786414868294027e-14,3.8369307731045410e-13,1.1786605684098978e-15,5.3975802796739334e-15,3.9468128469587128e+01,-2.6062682839567288e-04,nan,nan,6.8001160258290838e-16,nan,nan,nan,1.0000000000000000e+00,1.0000000000000000e+00,0.0000000000000000e+00,1.0000000000000000e+00,nan,nan,nan,nan,nan,2.9682866100000069e+00,0.0000000000000000e+00,0.0000000000000000e+00,0,0,0,0,0
exp4_repeat,s1_p2,B_int,B,2,2,8,abc,0,0.0000000000000000e+00,2.9999999999999999e-01,1,100,4,1,1,B,2.6227696499365455e-01,2.9516528866994286e-02,3.4497714244248845e-01,2.2140570229415406e+00,4.8529460944098067e-03,3.1146119729007885e-02,3.9456681461682955e+01,-5.5058292589919291e-04,nan,nan,1.8075818619678330e-15,nan,nan,nan,9.9970996831245762e-01,9.9964681900434249e-01,0.0000000000000000e+00,1.1807894614976548e+00,nan,nan,nan,nan,nan,2.9682866100000069e+00,8.3711091499998247e-01,8.3711091499998247e-01,0,0,0,0,0
exp4_repeat,s1_p2,B_int,B,2,2,8,abc,0,0.0000000000000000e+00,2.9999999999999999e-01,1,100,4,1,2,A,2.5190131469668531e-01,2.8348857960356456e-02,8.7093451056430937e-01,3.8009947847975383e+00,1.2251821096333613e-02,5.3470275349707684e-02,3.9442506012107927e+01,-9.0965125830021307e-04,nan,nan,2.0657584983602706e-03,nan,nan,nan,9.9935080637281937e-01,9.9935080637281937e-01,1.6715104052059549e-02,1.2436843142313778e+00,nan,nan,nan,nan,nan,2.9682866100000069e+00,1.7144369429999813e+00,8.7732602799999881e-01,0,0,0,0,0
exp4_repeat,s1_p2,B_int,B,2,2,8,abc,0,0.0000000000000000e+00,2.9999999999999999e-01,1,100,4,1,5,B,2.9501771552866513e-01,3.3201157855731737e-02,1.3393191357680183e+00,6.2584926217861616e+00,1.8840794851146654e-02,8.8040984717858858e-02,3.9455580358841267e+01,-5.7847418670712040e-04,nan,nan,3.0436327305228966e-03,nan,nan,nan,9.9968206978054386e-01,9.9961892223471271e-01,1.3273316321141827e-02,1.3281906379379858e+00,nan,nan,nan,nan,nan,2.9682866100000069e+00,4.2410820589999787e+00,8.4016174799998566e-01,0,0,0,0,0
exp4_repeat,s1_p2,B_int,B,2,2,8,abc,0,0.0000000000000000e+00,2.9999999999999999e-01,1,100,4,1,10,A,3.2992640030588499e-01,3.7129765165796143e-02,2.5146525193084717e+00,1.3226238264102204e+01,3.5374729571859206e-02,1.8605934547738520e-01,3.9535673373088756e+01,1.4503055645524133e-03,nan,nan,5.7955025345688416e-03,nan,nan,nan,1.0017113784240790e+00,1.0017113784240790e+00,2.9178359740392890e-02,1.6289088820569420e+00,nan,nan,nan,nan,nan,2.9682866100000069e+00,8.2717790020000450e+00,8.2447390100003304e-01,0,0,0,0,0
exp4_repeat,s1_p2,B_int,B,2,2,8,abc,0,0.0000000000000000e+00,2.9999999999999999e-01,1,100,4,1,15,B,4.0819889779470375e-01,4.5938515990240028e-02,3.6027044585072487e+00,2.0194659110496552e+01,5.0680837598219376e-02,2.8408720463141979e-01,3.9663887988665927e+01,4.6980197171839922e-03,nan,nan,3.6404005261197955e-03,nan,nan,nan,1.0049599392388124e+00,1.0048964583024831e+00,3.4071059788292363e-02,1.8377403319525443e+00,nan,nan,nan,nan,nan,2.9682866100000069e+00,1.2258641627999936e+01,7.6830671900000880e-01,0,0,0,0,0
exp4_repeat,s1_p2,B_int,B,2,2,8,abc,0,0.0000000000000000e+00,2.9999999999999999e-01,1,100,4,1,20,A,5.0963138755942439e-01,5.7353681680691937e-02,5.0035557350049933e+00,2.8008810975567901e+01,7.0387232297288396e-02,3.9401233621037524e-01,3.9850177939863300e+01,9.4167993061818021e-03,nan,nan,1.1072069525673217e-02,nan,nan,nan,1.0096799489889816e+00,1.0096799489889816e+00,5.2550039768858928e-02,2.5161463071791124e+00,nan,nan,nan,nan,nan,2.9682866100000069e+00,1.6524595908999942e+01,8.8333465400000932e-01,0,0,0,0,0
exp4_repeat,s1_p2,B_int,B,2,2,8,abc,0,0.0000000000000000e+00,2.9999999999999999e-01,1,100,4,1,25,B,6.6513213250128100e-01,7.4853663911409490e-02,6.6606902297556800e+00,3.6473147344795812e+01,9.3698876417457583e-02,5.1308390087690670e-01,4.0108920377956110e+01,1.5970821827698753e-02,nan,nan,5.3173848308324181e-03,nan,nan,nan,1.0162356801099084e+00,1.0161714869117660e+00,6.8069242835975069e-02,2.9944719414454708e+00,nan,nan,nan,nan,nan,2.9682866100000069e+00,2.0731581403999911e+01,8.3978177199998072e-01,0,0,0,0,0
exp4_repeat,s1_p2,B_int,B,2,2,8,abc,0,0.0000000000000000e+00,2.9999999999999999e-01,1,100,4,1,30,A,8.5623646658635721e-01,9.6360457669550800e-02,8.7200525647988556e+00,4.7031138233390386e+01,1.2266883752868797e-01,6.6160782998377599e-01,4.0475585859549462e+01,2.5258566976655291e-02,nan,nan,1.3854130017915377e-02,nan,nan,nan,1.0255258465254731e+00,1.0255258465254731e+00,9.3582137098250404e-02,4.2274009726729078e+00,nan,nan,nan,nan,nan,2.9682866100000069e+00,2.4921033305999885e+01,8.4160282499999539e-01,0,0,0,0,0
exp4_repeat,s1_p2,B_int,B,2,2,8,abc,0,0.0000000000000000e+00,2.9999999999999999e-01,1,100,4,1,35,B,1.1282937101487696e+00,1.2697765458304724e-01,1.1402720147323816e+01,6.8076071032729345e+01,1.6040710933139110e-01,9.5765621079119689e-01,4.1007807725850640e+01,3.8739904340147645e-02,nan,nan,9.7799359406037858e-03,nan,nan,nan,1.0390106984031415e+00,1.0389450665610993e+00,1.2299364536503449e-01,5.0796581485910881e+00,nan,nan,nan,nan,nan,2.9682866100000069e+00,2.8986390895999904e+01,8.0972308999997722e-01,0,0,0,0,0
exp4_repeat,s1_p2,B_int,B,2,2,8,abc,0,0.0000000000000000e+00,2.9999999999999999e-01,1,100,4,1,40,A,1.4661295911755348e+00,1.6499754906701022e-01,1.4849806447989923e+01,8.1508060341394739e+01,2.0889879745156764e-01,1.1466099472449316e+00,4.1789564707334172e+01,5.8542040011290805e-02,nan,nan,1.4391690376777268e-02,nan,nan,nan,1.0588179963875375e+00,1.0588179963875375e+00,1.6339872376900605e-01,7.2385583908961983e+00,nan,nan,nan,nan,nan,2.9682866100000069e+00,3.3205403344999837e+01,8.4788729199999580e-01,0,0,0,0,0
exp4_repeat,s1_p2,B_int,B,2,2,8,abc,0,0.0000000000000000e+00,2.9999999999999999e-01,1,100,4,1,45,B,1.9586611110642544e+00,2.2042681951419513e-01,1.9755230817699214e+01,1.3632945444266932e+02,2.7790557241600561e-01,1.9178067532426957e+00,4.3042466295289294e+01,9.0278407981035202e-02,nan,nan,1.7708001312594361e-02,nan,nan,nan,1.0905626378625082e+00,1.0904937496066938e+00,2.1808023298824528e-01,8.8180309645031691e+00,nan,nan,nan,nan,nan,2.9682866100000069e+00,3.7244922283999898e+01,7.2509380600001805e-01,0,0,0,0,0
exp4_repeat,s1_p2,B_int,B,2,2,8,abc,0,0.0000000000000000e+00,2.9999999999999999e-01,1,100,4,1,50,A,2.5827134116064046e+00,2.9065737805337877e-01,2.6262642869317020e+01,1.6147504336811650e+02,3.6944821688520607e-01,2.2715408780701813e+00,4.4998791454724000e+01,1.3983270316683757e-01,nan,nan,1.3680638215941260e-02,nan,nan,nan,1.1401298515940177e+00,1.1401298515940177e+00,2.8977304402033249e-01,1.2751343366498753e+01,nan,nan,nan,nan,nan,2.9682866100000069e+00,4.1237482675999871e+01,8.5528214300001082e-01,0,0,0,0,0
exp4_repeat,s1_p2,B_int,B,2,2,8,abc,0,0.0000000000000000e+00,2.9999999999999999e-01,1,100,4,1,55,B,3.5333901706157005e+00,3.9764610274430862e-01,3.6216701985490467e+01,2.7164755419631609e+02,5.0947637054588513e-01,3.8213863326111883e+00,4.8557263060103963e+01,2.2996984192052453e-01,nan,nan,3.0808318645277832e-02,nan,nan,nan,1.2302904886285813e+00,1.2302127740957665e+00,3.9631691702877453e-01,1.5907572656727062e+01,nan,nan,nan,nan,nan,2.9682866100000069e+00,4.5394875264999854e+01,8.2008978499999330e-01,0,0,0,0,0
exp4_repeat,s1_p2,B_int,B,2,2,8,abc,0,0.0000000000000000e+00,2.9999999999999999e-01,1,100,4,1,60,A,4.7544185724607688e+00,5.3506007682835088e-01,4.9483062659390697e+01,3.2309789707120586e+02,6.9610013571365448e-01,4.5451610695196232e+00,5.4486189928578462e+01,3.8015131393119833e-01,nan,nan,1.3663273365028566e-02,nan,nan,nan,1.3805111121639266e+00,1.3805111121639266e+00,5.3462449902473141e-01,2.3473461458427252e+01,nan,nan,nan,nan,nan,2.9682866100000069e+00,4.9530440266999761e+01,8.2416429699998162e-01,0,0,0,0,0
exp4_repeat,s1_p2,B_int,B,2,2,8,abc,0,0.0000000000000000e+00,2.9999999999999999e-01,1,100,4,1,65,B,6.6867801173720123e+00,7.5252715527812197e-01,7.0742395582754284e+01,5.4518213241867295e+02,9.9516457792491120e-01,7.6693182670915174e+00,6.6607876958915838e+01,6.8719723334513771e-01,nan,nan,5.2682973936235139e-02,nan,nan,nan,1.6876370768439586e+00,1.6875304728116589e+00,7.5187166147840312e-01,3.0104357407582285e+01,nan,nan,nan,nan,nan,2.9682866100000069e+00,5.3760442516999746e+01,8.4698944399997345e-01,0,0,0,0,0
exp4_repeat,s1_p2,B_int,B,2,2,8,abc,0,0.0000000000000000e+00,2.9999999999999999e-01,1,100,4,1,70,A,9.1822287164325314e+00,1.0333637915113163e+00,9.8748889155478466e+01,6.5291594503357089e+02,1.3891443142041684e+00,9.1848574748884388e+00,8.7857406710711487e+01,1.2254541099188896e+00,nan,nan,1.8784574114921265e-02,nan,nan,nan,2.2260342741716670e+00,2.2260342741716670e+00,1.0332325339255284e+00,4.5334395487624363e+01,nan,nan,nan,nan,nan,2.9682866100000069e+00,5.7922740670999787e+01,8.0931628199999750e-01,0,0,0,0,0
exp4_repeat,s1_p2,B_int,B,2,2,8,abc,0,0.0000000000000000e+00,2.9999999999999999e-01,1,100,4,1,75,B,1.3232170789982087e+01,1.4891424075497981e+00,1.4481124249147109e+02,1.1070024971097450e+03,2.0371238184071117e+00,1.5572693908977609e+01,1.3506009254659472e+02,2.4211121099161650e+00,nan,nan,9.0558657213448135e-02,nan,nan,nan,3.4220039759591763e+00,3.4217878160825133e+00,1.4890185778302816e+00,5.9572169526690843e+01,nan,nan,nan,nan,nan,2.9682866100000069e+00,6.2041589714999787e+01,8.1652143399998067e-01,0,0,0,0,0
exp4_repeat,s1_p2,B_int,B,2,2,8,abc,0,0.0000000000000000e+00,2.9999999999999999e-01,1,100,4,1,80,A,1.8465336183931697e+01,2.0780804312149881e+00,2.0470243289093023e+02,1.3735387424728626e+03,2.8796396920118679e+00,1.9322177198784871e+01,2.2050936823890837e+02,4.5855675485475800e+00,nan,nan,3.9377909800335800e-02,nan,nan,nan,5.5870236768086379e+00,5.5870236768086379e+00,2.0782151057141016e+00,9.1166848400998560e+01,nan,nan,nan,nan,nan,2.9682866100000069e+00,6.6074049286999838e+01,7.6037460100002363e-01,0,0,0,0,0
exp4_repeat,s1_p2,B_int,B,2,2,8,abc,0,0.0000000000000000e+00,2.9999999999999999e-01,1,100,4,1,85,B,2.7081043963323548e+01,3.0476882173435240e+00,3.0458983207639290e+02,2.3228904903407006e+03,4.2847999305301663e+00,3.2677128267186269e+01,4.1992016999240360e+02,9.6367021647305044e+00,nan,nan,1.5893449502820306e-01,nan,nan,nan,1.0639475097380931e+01,1.0638803026968107e+01,3.0481734944381982e+00,1.2192077683612351e+02,nan,nan,nan,nan,nan,2.9682866100000069e+00,6.9450610854999837e+01,6.7498319600002787e-01,0,0,0,0,0
exp4_repeat,s1_p2,B_int,B,2,2,8,abc,0,0.0000000000000000e+00,2.9999999999999999e-01,1,100,4,1,90,A,3.8202897207818317e+01,4.2993364600839490e+00,4.3326841306763350e+02,3.0237173970851577e+03,6.0949784618794869e+00,4.2535970438185359e+01,7.8747393107542439e+02,1.8946947696011680e+01,nan,nan,9.9053749453437145e-02,nan,nan,nan,1.9952147761002312e+01,1.9952147761002312e+01,4.2998274153063338e+00,1.8861491085414548e+02,nan,nan,nan,nan,nan,2.9682866100000069e+00,7.3786768620999823e+01,8.2240673799998376e-01,0,0,0,0,0
exp4_repeat,s1_p2,B_int,B,2,2,8,abc,0,0.0000000000000000e+00,2.9999999999999999e-01,1,100,4,1,95,B,5.6653572022137872e+01,6.3757669075140830e+00,6.4947873947154483e+02,4.9769389049054535e+03,9.1365047834903805e+00,7.0012801571929316e+01,1.6684275736865511e+03,4.1261764146858773e+01,nan,nan,2.8722276477903402e-01,nan,nan,nan,4.2272781567846266e+01,4.2270111296474838e+01,6.3772646784541376e+00,2.5505839142815017e+02,nan,nan,nan,nan,nan,2.9682866100000069e+00,7.7971728941999828e+01,8.3849172700001873e-01,0,0,0,0,0
exp4_repeat,s1_p2,B_int,B,2,2,8,abc,0,0.0000000000000000e+00,2.9999999999999999e-01,1,100,4,1,100,A,8.0447443621972369e+01,9.0535182607488327e+00,9.2647514068851297e+02,6.6867675061388600e+03,1.3033135713684665e+01,9.4065717001968409e+01,3.3079201916893057e+03,8.2790597304087342e+01,nan,nan,2.5085172225378882e-01,nan,nan,nan,8.3812441074784758e+01,8.3812441074784758e+01,9.0546619917027300e+00,3.9718420633545298e+02,nan,nan,nan,nan,nan,2.9682866100000069e+00,8.2139267607999869e+01,8.3286788200001638e-01,0,0,0,0,0
exp4_repeat,s1_p2,B_l2,B,2,2,8,abc,0,0.0000000000000000e+00,2.9999999999999999e-01,1,100,0,1,0,A,2.0254441727229264e-01,2.2794255452097286e-02,8.3786414868294027e-14,3.8369307731045410e-13,1.1786605684098978e-15,5.3975802796739334e-15,3.9468128469587128e+01,-2.6062682839567288e-04,nan,nan,6.8001160258290838e-16,nan,nan,nan,1.0000000000000000e+00,1.0000000000000000e+00,0.0000000000000000e+00,1.0000000000000000e+00,nan,nan,nan,nan,nan,9.9914554499997621e-01,0.0000000000000000e+00,0.0000000000000000e+00,0,0,0,0,0
exp4_repeat,s1_p2,B_l2,B,2,2,8,abc,0,0.0000000000000000e+00,2.9999999999999999e-01,1,100,0,1,1,B,2.4362939834201550e-01,2.7417940302857054e-02,2.0375476373343688e+00,6.9014030428498812e+00,2.8663084106867204e-02,9.7085090060219870e-02,3.9448645057627942e+01,-7.5414741866967449e-04,nan,nan,1.2927533246787082e-03,nan,nan,nan,9.9950635075148797e-01,9.9944321430541139e-01,0.0000000000000000e+00,1.0968367964766790e+00,nan,nan,nan,nan,nan,9.9914554499997621e-01,5.2974864599997318e-01,5.2974864599997318e-01,24,0,24,0,0
exp4_repeat,s1_p2,B_l2,B,2,2,8,abc,0,0.0000000000000000e+00,2.9999999999999999e-01,1,100,0,1,2,A,2.3515248652126602e-01,2.6463952550001228e-02,1.3675712156735484e+00,6.2952415685502974e+00,1.9238229359026630e-02,8.8557948411191967e-02,3.9418502069619421e+01,-1.5176782245547070e-03,nan,nan,2.2962462992667312e-03,nan,nan,nan,9.9874262089711330e-01,9.9874262089711330e-01,1.3287191863010498e-02,1.1609921897039324e+00,nan,nan,nan,nan,nan,9.9914554499997621e-01,9.9199215099997673e-01,4.6224350500000355e-01,6,0,30,0,0
exp4_repeat,s1_p2,B_l2,B,2,2,8,abc,0,0.0000000000000000e+00,2.9999999999999999e-01,1,100,0,1,5,B,2.6410918184615501e-01,2.9722725707874809e-02,2.6726483881179059e+00,1.0335037099636502e+01,3.7597327362086715e-02,1.4538753951393427e-01,3.9347540542745598e+01,-3.3151546985355413e-03,nan,nan,1.0367475435475726e-04,nan,nan,nan,9.9694467583041213e-01,9.9688170119926578e-01,8.9744291845973781e-03,1.1890382314598331e+00,nan,nan,nan,nan,nan,9.9914554499997621e-01,2.4726490309999463e+00,5.3494769799999631e-01,24,0,84,0,0
exp4_repeat,s1_p2,B_l2,B,2,2,8,abc,0,0.0000000000000000e+00,2.9999999999999999e-01,1,100,0,1,10,A,2.7585620581918263e-01,3.1044730376525376e-02,3.2346486081255637e+00,1.4030660216709533e+01,4.5503233108286224e-02,1.9737550499312487e-01,3.9218403422647469e+01,-6.5862361636618259e-03,nan,nan,2.6401752415323165e-03,nan,nan,nan,9.9367274161144759e-01,9.9367274161144759e-01,2.0943470794608638e-02,1.3619541310207159e+00,nan,nan,nan,nan,nan,9.9914554499997621e-01,4.4308366339999452e+00,3.5870154600002024e-01,6,0,150,0,0
exp4_repeat,s1_p2,B_l2,B,2,2,8,abc,0,0.0000000000000000e+00,2.9999999999999999e-01,1,100,0,1,15,B,3.1282911163031729e-01,3.5205644171213565e-02,4.4523614320708456e+00,1.8406175359402560e+01,6.2633338167531499e-02,2.5892781240811052e-01,3.9111322534523595e+01,-9.2986267462077613e-03,nan,nan,1.7476719776564342e-04,nan,nan,nan,9.9095964392285596e-01,9.9089704735198314e-01,2.0729470547240014e-02,1.4083788039551584e+00,nan,nan,nan,nan,nan,9.9914554499997621e-01,6.8032869549999759e+00,5.5738442500000929e-01,24,0,234,0,0
exp4_repeat,s1_p2,B_l2,B,2,2,8,abc,0,0.0000000000000000e+00,2.9999999999999999e-01,1,100,0,1,20,A,3.3660262494772270e-01,3.7881104412718219e-02,4.9292628673517802e+00,1.8951891186234270e+01,6.9342121657877634e-02,2.6660463839063697e-01,3.8998786840032295e+01,-1.2149189188175502e-02,nan,nan,5.0477327900251556e-04,nan,nan,nan,9.8810833835416101e-01,9.8810833835416101e-01,3.0174435264691053e-02,1.6618706626468380e+00,nan,nan,nan,nan,nan,9.9914554499997621e-01,9.1419895369999153e+00,4.3877239799996914e-01,6,0,300,0,0
exp4_repeat,s1_p2,B_l2,B,2,2,8,abc,0,0.0000000000000000e+00,2.9999999999999999e-01,1,100,0,1,25,B,3.7892704404052874e-01,4.2644275047858962e-02,5.8905065415164737e+00,2.3512759866499010e+01,8.2864361714960422e-02,3.3076439602645497e-01,3.8906958126993246e+01,-1.4475237662542773e-02,nan,nan,1.2789155233042804e-03,nan,nan,nan,9.8578168349111606e-01,9.8571941399972529e-01,3.1746285464804964e-02,1.7059563743630293e+00,nan,nan,nan,nan,nan,9.9914554499997621e-01,1.1702280087999952e+01,5.4553983900001413e-01,24,0,384,0,0
exp4_repeat,s1_p2,B_l2,B,2,2,8,abc,0,0.0000000000000000e+00,2.9999999999999999e-01,1,100,0,1,30,A,4.0824797596635914e-01,4.5944039225078413e-02,6.3191176214909675e+00,2.3927774125549945e+01,8.8893823411628159e-02,3.3660258522741326e-01,3.8807667139594741e+01,-1.6990307754600996e-02,nan,nan,4.8775479349115330e-03,nan,nan,nan,9.8326595773343251e-01,9.8326595773343251e-01,3.9839799944612675e-02,2.0155972772013104e+00,nan,nan,nan,nan,nan,9.9914554499997621e-01,1.3963167454999905e+01,3.6813136600000007e-01,6,0,450,0,0
exp4_repeat,s1_p2,B_l2,B,2,2,8,abc,0,0.0000000000000000e+00,2.9999999999999999e-01,1,100,0,1,35,B,4.5167970295162635e-01,5.0831825780543231e-02,7.1593283341671361e+00,2.8397622101261781e+01,1.0071343924963393e-01,3.9948191434108943e-01,3.8728368869302372e+01,-1.8998956406304220e-02,nan,nan,2.7132160903644981e-03,nan,nan,nan,9.8125678543752615e-01,9.8119480177321561e-01,4.2110527322873195e-02,2.0334939945281700e+00,nan,nan,nan,nan,nan,9.9914554499997621e-01,1.6269585685999857e+01,5.4261560299994471e-01,24,0,534,0,0
exp4_repeat,s1_p2,B_l2,B,2,2,8,abc,0,0.0000000000000000e+00,2.9999999999999999e-01,1,100,0,1,40,A,4.8311252192420773e-01,5.4369260753521491e-02,7.5656392926619471e+00,2.8350592569773269e+01,1.0642919527098216e-01,3.9882032911389520e-01,3.8640552908597726e+01,-2.1223360676625148e-02,nan,nan,9.8157715529013922e-03,nan,nan,nan,9.7903180127664013e-01,9.7903180127664013e-01,4.9327810759766548e-02,2.3852176645023517e+00,nan,nan,nan,nan,nan,9.9914554499997621e-01,1.8699801182999806e+01,4.4041118500001630e-01,6,0,600,0,0
exp4_repeat,s1_p2,B_l2,B,2,2,8,abc,0,0.0000000000000000e+00,2.9999999999999999e-01,1,100,0,1,45,B,5.2605395481724315e-01,5.9201869837617375e-02,8.3366780709678867e+00,3.2656210947237732e+01,1.1727573890377446e-01,4.5938936780728978e-01,3.8572202254062972e+01,-2.2954702981672601e-02,nan,nan,4.3573922185693309e-03,nan,nan,nan,9.7730000761970437e-01,9.7723827389566609e-01,5.1911627771961864e-02,2.3683321409579081e+00,nan,nan,nan,nan,nan,9.9914554499997621e-01,2.1275870196999904e+01,5.6003639499999736e-01,24,0,684,0,0
exp4_repeat,s1_p2,B_l2,B,2,2,8,abc,0,0.0000000000000000e+00,2.9999999999999999e-01,1,100,0,1,50,A,5.5807694876125014e-01,6.2805722830115859e-02,8.7304175059639029e+00,3.2115332010805929e+01,1.2281464574192079e-01,4.5178058450204972e-01,3.8494687133261714e+01,-2.4918183929113186e-02,nan,nan,1.5057622118104970e-02,nan,nan,nan,9.7533601480304499e-01,9.7533601480304499e-01,5.8503303652202791e-02,2.7553311825474491e+00,nan,nan,nan,nan,nan,9.9914554499997621e-01,2.3636934950999944e+01,3.7426835399998026e-01,6,0,750,0,0
exp4_repeat,s1_p2,B_l2,B,2,2,8,abc,0,0.0000000000000000e+00,2.9999999999999999e-01,1,100,0,1,55,B,6.0000500286937986e-01,6.7524286732399519e-02,9.4559537442256385e+00,3.6472036670370265e+01,1.3302108501176960e-01,5.1306827652835574e-01,3.8436217803459861e+01,-2.6399229354687654e-02,nan,nan,6.0785073059696493e-03,nan,nan,nan,9.7385458327667029e-01,9.7379306719191772e-01,6.1238767740252588e-02,2.7012649938631657e+00,nan,nan,nan,nan,nan,9.9914554499997621e-01,2.6185539324999866e+01,5.4769218299998101e-01,24,0,834,0,0
exp4_repeat,s1_p2,B_l2,B,2,2,8,abc,0,0.0000000000000000e+00,2.9999999999999999e-01,1,100,0,1,60,A,6.3194443506966624e-01,7.1118735724738188e-02,9.8413793444060573e+00,3.5425960499318876e+01,1.3844303745719214e-01,4.9835266020428010e-01,3.8368141295016777e+01,-2.8123627458110385e-02,nan,nan,2.0484299368628917e-02,nan,nan,nan,9.7212973563167637e-01,9.7212973563167637e-01,6.7355811653347530e-02,3.1200288982544766e+00,nan,nan,nan,nan,nan,9.9914554499997621e-01,2.8641261460999772e+01,4.6165822099999332e-01,6,0,900,0,0
exp4_repeat,s1_p2,B_l2,B,2,2,8,abc,0,0.0000000000000000e+00,2.9999999999999999e-01,1,100,0,1,65,B,6.7274697546237550e-01,7.5710634831765419e-02,1.0534423091771071e+01,3.9938148434731971e+01,1.4819239048162061e-01,5.6182760426396439e-01,3.8318773512749559e+01,-2.9374127991388329e-02,nan,nan,7.7657653739095639e-03,nan,nan,nan,9.7087890909944652e-01,9.7081758098097559e-01,7.0167865813283312e-02,3.0287545034677872e+00,nan,nan,nan,nan,nan,9.9914554499997621e-01,3.1242748677999884e+01,5.6004528800002618e-01,24,0,984,0,0
exp4_repeat,s1_p2,B_l2,B,2,2,8,abc,0,0.0000000000000000e+00,2.9999999999999999e-01,1,100,0,1,70,A,7.0431290453744300e-01,7.9263049954382797e-02,1.0914115259624966e+01,3.8402531737855597e+01,1.5353368819780636e-01,5.4022540477082037e-01,3.8259469417886855e+01,-3.0876318262969979e-02,nan,nan,2.6034689478956707e-02,nan,nan,nan,9.6937632721471378e-01,9.6937632721471378e-01,7.5910495776061696e-02,3.4773256850155136e+00,nan,nan,nan,nan,nan,9.9914554499997621e-01,3.3706615875999887e+01,4.4809659800000645e-01,6,0,1050,0,0
exp4_repeat,s1_p2,B_l2,B,2,2,8,abc,0,0.0000000000000000e+00,2.9999999999999999e-01,1,100,0,1,75,B,7.4403764720241317e-01,8.3733654201434984e-02,1.1582969873331914e+01,4.3108996761546742e+01,1.6294276197682767e-01,6.0643333058725823e-01,3.8218609076939480e+01,-3.1911322790174369e-02,nan,nan,9.3407759591090864e-03,nan,nan,nan,9.6834105286723970e-01,9.6827988505912910e-01,7.8762635740003417e-02,3.3497101539030507e+00,nan,nan,nan,nan,nan,9.9914554499997621e-01,3.6310735128999852e+01,5.5043109700000059e-01,24,0,1134,0,0
exp4_repeat,s1_p2,B_l2,B,2,2,8,abc,0,0.0000000000000000e+00,2.9999999999999999e-01,1,100,0,1,80,A,7.7512243682094539e-01,8.7231922111169119e-02,1.1958966908638336e+01,4.1417102568184191e+01,1.6823207862859380e-01,5.8263270640763454e-01,3.8167551013857548e+01,-3.3204638636660996e-02,nan,nan,3.1674365713794700e-02,nan,nan,nan,9.6704739986007282e-01,9.6704739986007282e-01,8.4202191144382488e-02,3.8269257047894918e+00,nan,nan,nan,nan,nan,9.9914554499997621e-01,3.8782746134999854e+01,4.7844504900001539e-01,6,0,1200,0,0
exp4_repeat,s1_p2,B_l2,B,2,2,8,abc,0,0.0000000000000000e+00,2.9999999999999999e-01,1,100,0,1,85,B,8.1387820750755635e-01,9.1593478697969355e-02,1.2609526834206404e+01,4.6020483491014154e+01,1.7738379293526452e-01,6.4739050256873343e-01,3.8134737939551748e+01,-3.4035803518562897e-02,nan,nan,1.0753992952598018e-02,nan,nan,nan,9.6621601829783121e-01,9.6615498472311523e-01,8.7076980650222638e-02,3.6641373000132691e+00,nan,nan,nan,nan,nan,9.9914554499997621e-01,4.1299323233999928e+01,5.6078461800001378e-01,24,0,1284,0,0
exp4_repeat,s1_p2,B_l2,B,2,2,8,abc,0,0.0000000000000000e+00,2.9999999999999999e-01,1,100,0,1,90,A,8.4446461935405870e-01,9.5035659402732384e-02,1.2983668612883694e+01,4.4316956654945614e+01,1.8264701087118893e-01,6.2342623685741849e-01,3.8091507073975968e+01,-3.5130854136068090e-02,nan,nan,3.7382232444047162e-02,nan,nan,nan,9.6512068220635439e-01,9.6512068220635439e-01,9.2266962354448007e-02,4.1692811420163416e+00,nan,nan,nan,nan,nan,9.9914554499997621e-01,4.3609106621999899e+01,4.1461221200000864e-01,6,0,1350,0,0
exp4_repeat,s1_p2,B_l2,B,2,2,8,abc,0,0.0000000000000000e+00,2.9999999999999999e-01,1,100,0,1,95,B,8.8238098027956169e-01,9.9302749201549287e-02,1.3620440458119548e+01,4.9541263348880925e+01,1.9160476215142883e-01,6.9691887056302659e-01,3.8066384585595408e+01,-3.5767214200757902e-02,nan,nan,1.1977915553879386e-02,nan,nan,nan,9.6448415624592232e-01,9.6442323206882552e-01,9.5157136320831823e-02,3.9725416319549227e+00,nan,nan,nan,nan,nan,9.9914554499997621e-01,4.5827257125999893e+01,4.5219785699998738e-01,24,0,1434,0,0
exp4_repeat,s1_p2,B_l2,B,2,2,8,abc,0,0.0000000000000000e+00,2.9999999999999999e-01,1,100,0,1,100,A,9.1249802069424923e-01,1.0269210706151218e-01,1.3994479718220877e+01,4.7088181573062514e+01,1.9686653791318681e-01,6.6241028388119638e-01,3.8030648698608175e+01,-3.6672414792771717e-02,nan,nan,4.3144037576902973e-02,nan,nan,nan,9.6357871967284614e-01,9.6357871967284614e-01,1.0013933476430574e-01,4.5051748795797382e+00,nan,nan,nan,nan,nan,9.9914554499997621e-01,4.8214004327999987e+01,4.4900042500000836e-01,6,0,1500,0,0
exp4_repeat,s1_p2,B_l2c,B,2,2,8,abc,0,0.0000000000000000e+00,2.9999999999999999e-01,1,100,0,1,0,A,2.0254441727229264e-01,2.2794255452097286e-02,8.3786414868294027e-14,3.8369307731045410e-13,1.1786605684098978e-15,5.3975802796739334e-15,3.9468128469587128e+01,-2.6062682839567288e-04,nan,nan,6.8001160258290838e-16,nan,nan,nan,1.0000000000000000e+00,1.0000000000000000e+00,0.0000000000000000e+00,1.0000000000000000e+00,nan,nan,nan,nan,nan,9.5047405299999355e-01,0.0000000000000000e+00,0.0000000000000000e+00,0,0,0,0,0
exp4_repeat,s1_p2,B_l2c,B,2,2,8,abc,0,0.0000000000000000e+00,2.9999999999999999e-01,1,100,0,1,1,B,2.4606659326268179e-01,2.7692221096948442e-02,9.4825526982046333e-13,3.9621639302822587e-12,1.3339526426583210e-14,5.5737513026910902e-14,3.9447982209945366e+01,-7.7093754661298846e-04,nan,nan,1.3364309658925322e-14,nan,nan,nan,9.9948955624644609e-01,9.9942642086123856e-01,0.0000000000000000e+00,1.1078092205247001e+00,nan,nan,nan,nan,nan,9.5047405299999355e-01,5.0093164770000271e+00,5.0093164770000271e+00,30,918,30,918,0
exp4_repeat,s1_p2,B_l2c,B,2,2,8,abc,0,0.0000000000000000e+00,2.9999999999999999e-01,1,100,0,1,2,A,2.3542492550388139e-01,2.6494612707651959e-02,6.8519873278455537e-13,2.5579538487363607e-12,9.6389937333766909e-15,3.5983868531159554e-14,3.9415373183870486e+01,-1.5969338264456609e-03,nan,nan,9.6173069508154185e-15,nan,nan,nan,9.9866334463370121e-01,9.9866334463370121e-01,1.3351066323799050e-02,1.1623372723593042e+00,nan,nan,nan,nan,nan,9.5047405299999355e-01,6.5097864329999879e+00,1.5004699559999608e+00,29,180,59,1098,0
exp4_repeat,s1_p2,B_l2c,B,2,2,8,abc,0,0.0000000000000000e+00,2.9999999999999999e-01,1,100,0,1,5,B,2.6320287032278999e-01,2.9620729826373968e-02,1.3770938417286553e-12,5.1185722327318217e-12,1.9372188352934133e-14,7.2005220258706015e-14,3.9330401130064978e+01,-3.7493010934692840e-03,nan,nan,2.4598378889351125e-14,nan,nan,nan,9.9651041625578274e-01,9.9644746905578396e-01,7.9811390405491473e-03,1.1849579528290004e+00,nan,nan,nan,nan,nan,9.5047405299999355e-01,1.7872641176999991e+01,4.9251254779999840e+00,30,917,148,3112,0
exp4_repeat,s1_p2,B_l2c,B,2,2,8,abc,0,0.0000000000000000e+00,2.9999999999999999e-01,1,100,0,1,10,A,2.6554365683307923e-01,2.9884160862355586e-02,6.3424149519945821e-13,2.3412383143295301e-12,8.9221557267492365e-15,3.2935235225047428e-14,3.9173684187846654e+01,-7.7189876140613973e-03,nan,nan,2.2495894036467234e-14,nan,nan,nan,9.9253969485866644e-01,9.9253969485866644e-01,1.9188496120757285e-02,1.3110391311160796e+00,nan,nan,nan,nan,nan,9.5047405299999355e-01,3.2648021975999939e+01,1.4885691000000065e+00,29,180,295,5488,0
exp4_repeat,s1_p2,B_l2c,B,2,2,8,abc,0,0.0000000000000000e+00,2.9999999999999999e-01,1,100,0,1,15,B,2.9472039984599779e-01,3.3167698085712391e-02,6.3098749526437543e-13,2.5295321393059567e-12,8.8763802699628755e-15,3.5584047769702366e-14,3.9032427697356511e+01,-1.1297056317467377e-02,nan,nan,3.6290415117434804e-14,nan,nan,nan,9.8896069337145398e-01,9.8889822306954744e-01,1.6853989148088083e-02,1.3268521016893295e+00,nan,nan,nan,nan,nan,9.5047405299999355e-01,4.9743764647000035e+01,4.4530695070000093e+00,31,948,445,8662,0
exp4_repeat,s1_p2,B_l2c,B,2,2,8,abc,0,0.0000000000000000e+00,2.9999999999999999e-01,1,100,0,1,20,A,3.0743250415600004e-01,3.4598312451085529e-02,6.2960954161231349e-13,2.3021584638627246e-12,8.8569959862775351e-15,3.2385481678043600e-14,3.8885611228120133e+01,-1.5015960927772028e-02,nan,nan,4.1792957983233237e-14,nan,nan,nan,9.8524081926215823e-01,9.8524081926215823e-01,2.5943637741993753e-02,1.5178522730779591e+00,nan,nan,nan,nan,nan,9.5047405299999355e-01,6.3772792435000042e+01,1.4685586269999931e+00,29,180,594,11098,0
exp4_repeat,s1_p2,B_l2c,B,2,2,8,abc,0,0.0000000000000000e+00,2.9999999999999999e-01,1,100,0,1,25,B,3.4230366191909195e-01,3.8522696488260698e-02,6.2221892146055710e-13,2.5011104298755527e-12,8.7530288626971655e-15,3.5184227008245033e-14,3.8753637827390975e+01,-1.8358886220567756e-02,nan,nan,5.5309923308044517e-14,nan,nan,nan,9.8189702248621402e-01,9.8183499837964738e-01,2.5851165446444502e-02,1.5410753156911767e+00,nan,nan,nan,nan,nan,9.5047405299999355e-01,8.2788289557000041e+01,5.4841942580000023e+00,31,948,745,14302,0
exp4_repeat,s1_p2,B_l2c,B,2,2,8,abc,0,0.0000000000000000e+00,2.9999999999999999e-01,1,100,0,1,30,A,3.6156351473998904e-01,4.0690191455940314e-02,6.2839310239848287e-13,2.3883117705736367e-12,8.8398837976552692e-15,3.3597438361211126e-14,3.8615724298640387e+01,-2.1852276713893035e-02,nan,nan,6.0902671794593743e-14,nan,nan,nan,9.7840272128424899e-01,9.7840272128424899e-01,3.3656567362458298e-02,1.7851072846600231e+00,nan,nan,nan,nan,nan,9.5047405299999355e-01,9.8065147020000097e+01,1.5127872300000718e+00,29,180,894,16738,0
exp4_repeat,s1_p2,B_l2c,B,2,2,8,abc,0,0.0000000000000000e+00,2.9999999999999999e-01,1,100,0,1,35,B,3.9852704939971922e-01,4.4850050625564714e-02,6.1293816447651451e-13,2.4158453015843406e-12,8.6224723480249387e-15,3.3984764723873046e-14,3.8492080607538426e+01,-2.4984207996982602e-02,nan,nan,7.4454331588924560e-14,nan,nan,nan,9.7526997352304623e-01,9.7520836803144806e-01,3.4588341269199747e-02,1.7941969858631268e+00,nan,nan,nan,nan,nan,9.5047405299999355e-01,1.1480937285400006e+02,4.7735281760000134e+00,31,948,1045,19942,0
exp4_repeat,s1_p2,B_l2c,B,2,2,8,abc,0,0.0000000000000000e+00,2.9999999999999999e-01,1,100,0,1,40,A,4.2104937562290357e-01,4.7384702847632777e-02,6.2674347578522553e-13,2.3323565301325289e-12,8.8166777702258547e-15,3.2810291237092012e-14,3.8362145027114103e+01,-2.8275514698444255e-02,nan,nan,8.0067896757185508e-14,nan,nan,nan,9.7197780879513296e-01,9.7197780879513296e-01,4.1514434181359611e-02,2.0788002024112151e+00,nan,nan,nan,nan,nan,9.5047405299999355e-01,1.2938802397999979e+02,1.2536561659999279e+00,29,180,1194,22378,0
exp4_repeat,s1_p2,B_l2c,B,2,2,8,abc,0,0.0000000000000000e+00,2.9999999999999999e-01,1,100,0,1,45,B,4.5821811846702154e-01,5.1567656051833867e-02,6.0381078416849391e-13,2.5011104298755527e-12,8.4940734509142809e-15,3.5184227008245033e-14,3.8246033978850981e+01,-3.1216641909437279e-02,nan,nan,9.3869356732056985e-14,nan,nan,nan,9.6903591484765095e-01,9.6897470314675671e-01,4.2949703122775053e-02,2.0629304039957654e+00,nan,nan,nan,nan,nan,9.5047405299999355e-01,1.4792519940799974e+02,4.6266264729999875e+00,31,948,1345,25582,0
exp4_repeat,s1_p2,B_l2c,B,2,2,8,abc,0,0.0000000000000000e+00,2.9999999999999999e-01,1,100,0,1,50,A,4.8220555685594363e-01,5.4267191322378651e-02,6.2497837495458059e-13,2.2701840407535201e-12,8.7918473158900410e-15,3.1935683321404105e-14,3.8123338060126358e+01,-3.4324565837753014e-02,nan,nan,9.9118629970362804e-14,nan,nan,nan,9.6592718069981398e-01,9.6592718069981398e-01,4.9235500337219178e-02,2.3807398068527639e+00,nan,nan,nan,nan,nan,9.5047405299999355e-01,1.6246578014599976e+02,1.4752771519999897e+00,29,180,1494,28018,0
exp4_repeat,s1_p2,B_l2c,B,2,2,8,abc,0,0.0000000000000000e+00,2.9999999999999999e-01,1,100,0,1,55,B,5.1875986886868175e-01,5.8380996763749603e-02,5.9554795932203111e-13,2.3590018827235326e-12,8.3778366379952373e-15,3.3185123200958386e-14,3.8014101584075028e+01,-3.7091558100362652e-02,nan,nan,1.1296519275560968e-13,nan,nan,nan,9.6315946709678602e-01,9.6309862659716150e-01,5.0936084730327881e-02,2.3354936497105818e+00,nan,nan,nan,nan,nan,9.5047405299999355e-01,1.8066417784699973e+02,5.2371416349999436e+00,31,948,1645,31222,0
exp4_repeat,s1_p2,B_l2c,B,2,2,8,abc,0,0.0000000000000000e+00,2.9999999999999999e-01,1,100,0,1,60,A,5.4326815041358312e-01,6.1139147483230231e-02,6.2401981482965564e-13,2.2239987629291136e-12,8.7783628265074221e-15,3.1285974584035946e-14,3.7898042549563975e+01,-4.0031367787624374e-02,nan,nan,1.1831161050857020e-13,nan,nan,nan,9.6021889101650693e-01,9.6021889101650693e-01,5.6729766020148863e-02,2.6822173512846570e+00,nan,nan,nan,nan,nan,9.5047405299999355e-01,1.9481341935199981e+02,1.2385299300000270e+00,29,180,1794,33658,0
exp4_repeat,s1_p2,B_l2c,B,2,2,8,abc,0,0.0000000000000000e+00,2.9999999999999999e-01,1,100,0,1,65,B,5.7888139011027728e-01,6.5147045079498950e-02,5.8656713645426898e-13,2.3874235921539366e-12,8.2514994292395627e-15,3.3584943962415713e-14,3.7795129890020220e+01,-4.2638175906812910e-02,nan,nan,1.3186673974985297e-13,nan,nan,nan,9.5761140331606887e-01,9.5755091327447750e-01,5.8574930853212394e-02,2.6061649940011526e+00,nan,nan,nan,nan,nan,9.5047405299999355e-01,2.1142069262699994e+02,5.1272045140000273e+00,31,948,1945,36862,0
exp4_repeat,s1_p2,B_l2c,B,2,2,8,abc,0,0.0000000000000000e+00,2.9999999999999999e-01,1,100,0,1,70,A,6.0341014711590668e-01,6.7907500097901335e-02,6.2091512088015219e-13,2.2488677586807171e-12,8.7346877230791067e-15,3.1635817750311110e-14,3.7685204557243715e+01,-4.5422617114111261e-02,nan,nan,1.3757051053886471e-13,nan,nan,nan,9.5482623621950358e-01,9.5482623621950358e-01,6.3974658236193735e-02,2.9791497353625211e+00,nan,nan,nan,nan,nan,9.5047405299999355e-01,2.2608372713099999e+02,1.5452342920000319e+00,29,180,2094,39298,0
exp4_repeat,s1_p2,B_l2c,B,2,2,8,abc,0,0.0000000000000000e+00,2.9999999999999999e-01,1,100,0,1,75,B,6.3797710190388235e-01,7.1797649272336547e-02,5.8068794702991153e-13,2.3021584638627246e-12,8.1687942704188228e-15,3.2385481678043727e-14,3.7588150212677625e+01,-4.7881032381378127e-02,nan,nan,1.5146217613448698e-13,nan,nan,nan,9.5236718005622811e-01,9.5230702127978450e-01,6.5898189737845767e-02,2.8722180715456478e+00,nan,nan,nan,nan,nan,9.5047405299999355e-01,2.4511640488199993e+02,5.4379624929999864e+00,31,948,2245,42502,0
exp4_repeat,s1_p2,B_l2c,B,2,2,8,abc,0,0.0000000000000000e+00,2.9999999999999999e-01,1,100,0,1,80,A,6.6225915463343399e-01,7.4530340305111589e-02,6.1993170418504128e-13,2.2613022565565188e-12,8.7208535653261433e-15,3.1810739333448695e-14,3.7483932786622056e+01,-5.0520890622405161e-02,nan,nan,1.5677389941792796e-13,nan,nan,nan,9.4972663361795762e-01,9.4972663361795762e-01,7.0972867250678986e-02,3.2696983879003643e+00,nan,nan,nan,nan,nan,9.5047405299999355e-01,2.6053786684299990e+02,1.5792340630000581e+00,29,180,2394,44938,0
exp4_repeat,s1_p2,B_l2c,B,2,2,8,abc,0,0.0000000000000000e+00,2.9999999999999999e-01,1,100,0,1,85,B,6.9577458508285017e-01,7.8302151414691643e-02,5.7229760948336533e-13,2.2737367544323206e-12,8.0507636799309928e-15,3.1985660916586394e-14,3.7392340207183167e+01,-5.2840957762805917e-02,nan,nan,1.7000983953963100e-13,nan,nan,nan,9.4740596164818158e-01,9.4734611626014043e-01,7.2936386358430347e-02,3.1324264319728177e+00,nan,nan,nan,nan,nan,9.5047405299999355e-01,2.7814148778499981e+02,4.4582027229999994e+00,31,948,2545,48142,0
exp4_repeat,s1_p2,B_l2c,B,2,2,8,abc,0,0.0000000000000000e+00,2.9999999999999999e-01,1,100,0,1,90,A,7.1966914666693893e-01,8.0991234372388338e-02,6.1905157128961510e-13,2.1955770534987096e-12,8.7084723464802246e-15,3.0886153822578619e-14,3.7293466916177657e+01,-5.5345447481628826e-02,nan,nan,1.7608831059945373e-13,nan,nan,nan,9.4490081902198131e-01,9.4490081902198131e-01,7.7736693018345099e-02,3.5531423495096606e+00,nan,nan,nan,nan,nan,9.5047405299999355e-01,2.9312925082299984e+02,1.5441308150000168e+00,29,180,2694,50578,0
exp4_repeat,s1_p2,B_l2c,B,2,2,8,abc,0,0.0000000000000000e+00,2.9999999999999999e-01,1,100,0,1,95,B,7.5217246170838303e-01,8.4649142480014511e-02,5.6602588065905943e-13,2.1884716261411086e-12,7.9625364956960641e-15,3.0786198632214407e-14,3.7206995885961867e+01,-5.7535784264687882e-02,nan,nan,1.8947343694009078e-13,nan,nan,nan,9.4270991122957304e-01,9.4265036247990119e-01,7.9717120375816339e-02,3.3863336646262279e+00,nan,nan,nan,nan,nan,9.5047405299999355e-01,3.1194580949099992e+02,5.2628838709999854e+00,31,948,2845,53782,0
exp4_repeat,s1_p2,B_l2c,B,2,2,8,abc,0,0.0000000000000000e+00,2.9999999999999999e-01,1,100,0,1,100,A,7.7560947295470062e-01,8.7286732933391356e-02,6.1958708375179869e-13,2.1955770534987096e-12,8.7160056372178716e-15,3.0886153822578619e-14,3.7113153561442161e+01,-5.9912838113709121e-02,nan,nan,1.9527088279680527e-13,nan,nan,nan,9.4033223769503960e-01,9.4033223769503960e-01,8.4281745146921924e-02,3.8293302940658305e+00,nan,nan,nan,nan,nan,9.5047405299999355e-01,3.2664845829299981e+02,1.3792033369999217e+00,29,180,2994,56218,0
