exp,tag,op,route,p,q,field,b0,N1,eps1,fv1,N2,eps2,fv2,m2,gauge,gauge_k,nq,np,min_detJ1,min_detJ2,ndofs_nd1,ndofs_rt1,ndofs_nd2,ndofs_rt2,b1_gauge_dev,m1_errB_L2,m1_errB_rel,m1_div_L2,m1_div_max,m1_div_rel_L2,m1_div_rel_max,m1_energy,m1_energy_rel_ex,m1_helicity,m1_hel_scale,m1_flux_err,m1_a_L2,m1_coulomb,m1_grad_frac,ref_A_errB_L2,ref_A_errB_rel,ref_A_div_L2,ref_A_div_max,ref_A_div_rel_L2,ref_A_div_rel_max,ref_A_energy,ref_A_energy_rel_ex,ref_A_helicity,ref_A_hel_scale,ref_A_flux_err,ref_A_a_L2,ref_A_coulomb,ref_A_grad_frac,ref_B_errB_L2,ref_B_errB_rel,ref_B_div_L2,ref_B_div_max,ref_B_div_rel_L2,ref_B_div_rel_max,ref_B_energy,ref_B_energy_rel_ex,ref_B_helicity,ref_B_hel_scale,ref_B_flux_err,ref_B_a_L2,ref_B_coulomb,ref_B_grad_frac,m2_errB_L2,m2_errB_rel,m2_div_L2,m2_div_max,m2_div_rel_L2,m2_div_rel_max,m2_energy,m2_energy_rel_ex,m2_helicity,m2_hel_scale,m2_flux_err,m2_a_L2,m2_coulomb,m2_grad_frac,m2_dE_rel1,m2_dH_rel1,m2_dH_scaled,m2_aratio,energy_exact,helicity_exact,pollution_B,pollution_A,gfix,gfix_iters,gfix_time,gfix_setup,gfix_resid_before,gfix_resid_after,gfix_gf_before,gfix_gf_after,gfix_dB_rel,gfix_dH_scaled,pre_grad_frac,pre_helicity,t_setup,t_locate,t_collect,t_eval,t_dofs,t_solve,t_apply,t_oneshot,t_total_op,iters,iters_l2,inner_iters,div_before_clean,npoints,nnotfound,nshifted,rss_mb,peak_rss_mb
exp3_remap,e3,A_pt,A,1,1,abc,1,8,2.9999999999999999e-01,1,8,0.0000000000000000e+00,1,uniform,0.0000000000000000e+00,2.0000000000000000e+00,0,1,8.7664045879113228e-01,9.9999999999999756e-01,1536,1536,1536,1536,0.0000000000000000e+00,2.0744160449229567e+00,2.3289406796722623e-01,1.4336828827059505e-14,6.0396132539608516e-14,2.0119893472283748e-16,8.4758196355203644e-16,3.7695369808696057e+01,-4.9738505209359310e-02,1.1269531761367238e+01,1.1625607299134952e+01,4.4408920985006262e-16,1.3423208792334611e+00,4.7510811659157255e-03,1.0517242565809382e-02,1.9940339026590537e+00,2.2386958893392134e-01,1.0434915276310956e-14,4.2632564145606011e-14,1.4644060153345952e-16,5.9829315074261653e-16,3.7680332008120700e+01,-5.0117592692135650e-02,1.1313708498984756e+01,1.1632731522625619e+01,6.1062266354383610e-16,1.3434053201191207e+00,9.4658665712614442e-17,4.9531482977069434e-11,1.9940339026590537e+00,2.2386958893392134e-01,1.0434915276310956e-14,4.2632564145606011e-14,1.4644060153345952e-16,5.9829315074261653e-16,3.7680332008120700e+01,-5.0117592692135650e-02,1.1313708498984756e+01,1.1632731522625619e+01,6.1062266354383610e-16,1.3434053201191207e+00,9.4658665712614442e-17,4.9531482977069434e-11,2.0718360115360968e+00,2.3260440839173974e-01,1.1967900383613700e-14,4.2632564145606011e-14,1.6795407388190134e-16,5.9829315074261653e-16,3.5209341293044162e+01,-1.1240872665471423e-01,1.0536408498089834e+01,1.0853109447563055e+01,7.7715611723760958e-16,1.2968364193539708e+00,9.6605573871792407e-16,1.1281411025530043e-11,-6.5950500771540022e-02,-6.5053569110173973e-02,-6.3061072373565827e-02,9.6611506191763596e-01,3.9668417604357430e+01,1.2566370614359172e+01,nan,nan,coulomb,10,1.5200657000000062e-02,9.7728203999999999e-02,2.0031317078405234e-02,9.6605573871792407e-16,2.9402054196887066e-02,1.6480469968420494e-15,1.5922143033113279e-16,1.1452129992323026e-15,2.9402054196887038e-02,1.0536408498089822e+01,6.3650435999999866e-02,5.0193614999999969e-02,1.3456055999999883e-02,1.4995450000000021e-02,7.8810800000006509e-04,0.0000000000000000e+00,1.5783725999999998e-02,7.9434161999999864e-02,6.2063676800000001e-01,0,0,0,nan,6144,0,576,4.1339843750000000e+01,4.1339843750000000e+01
exp3_remap,e3,A_int,A,1,1,abc,1,8,2.9999999999999999e-01,1,8,0.0000000000000000e+00,1,uniform,0.0000000000000000e+00,2.0000000000000000e+00,3,1,8.7664045879113228e-01,9.9999999999999756e-01,1536,1536,1536,1536,0.0000000000000000e+00,2.0744160449229567e+00,2.3289406796722623e-01,1.4336828827059505e-14,6.0396132539608516e-14,2.0119893472283748e-16,8.4758196355203644e-16,3.7695369808696057e+01,-4.9738505209359310e-02,1.1269531761367238e+01,1.1625607299134952e+01,4.4408920985006262e-16,1.3423208792334611e+00,4.7510811659157255e-03,1.0517242565809382e-02,1.9940339026590537e+00,2.2386958893392134e-01,1.0434915276310956e-14,4.2632564145606011e-14,1.4644060153345952e-16,5.9829315074261653e-16,3.7680332008120700e+01,-5.0117592692135650e-02,1.1313708498984756e+01,1.1632731522625619e+01,6.1062266354383610e-16,1.3434053201191207e+00,9.4658665712614442e-17,4.9531482977069434e-11,1.9940339026590537e+00,2.2386958893392134e-01,1.0434915276310956e-14,4.2632564145606011e-14,1.4644060153345952e-16,5.9829315074261653e-16,3.7680332008120700e+01,-5.0117592692135650e-02,1.1313708498984756e+01,1.1632731522625619e+01,6.1062266354383610e-16,1.3434053201191207e+00,9.4658665712614442e-17,4.9531482977069434e-11,2.0495048491192560e+00,2.3009729547655397e-01,1.1769035019847968e-14,4.2632564145606011e-14,1.6516325452947823e-16,5.9829315074261653e-16,3.5221767837792285e+01,-1.1209546624508401e-01,1.0553922964306937e+01,1.0860943598633671e+01,8.3266726846886741e-16,1.2975423261311021e+00,4.9365177479912921e-16,2.4493384403083015e-11,-6.5620843712564644e-02,-6.3499425904584600e-02,-6.1554530326647920e-02,9.6664094718698701e-01,3.9668417604357430e+01,1.2566370614359172e+01,nan,nan,coulomb,10,1.7255170000001208e-03,9.7728203999999999e-02,1.1695198348464103e-02,4.9365177479912921e-16,1.7006260067272707e-02,8.5848493376506704e-16,1.6000525170255318e-16,-1.3082472490940931e-15,1.7006260067272704e-02,1.0553922964306951e+01,1.9146339100000009e-01,1.7524134299999994e-01,1.6221148999999935e-02,3.2979971999999913e-02,2.4738429999999756e-03,0.0000000000000000e+00,3.5454035999999967e-02,2.2691742700000006e-01,8.1325023900000004e-01,0,0,0,nan,18432,0,2160,4.4496093750000000e+01,4.4496093750000000e+01
exp3_remap,e3,A_l2,A,1,1,abc,1,8,2.9999999999999999e-01,1,8,0.0000000000000000e+00,1,uniform,0.0000000000000000e+00,2.0000000000000000e+00,0,1,8.7664045879113228e-01,9.9999999999999756e-01,1536,1536,1536,1536,0.0000000000000000e+00,2.0744160449229567e+00,2.3289406796722623e-01,1.4336828827059505e-14,6.0396132539608516e-14,2.0119893472283748e-16,8.4758196355203644e-16,3.7695369808696057e+01,-4.9738505209359310e-02,1.1269531761367238e+01,1.1625607299134952e+01,4.4408920985006262e-16,1.3423208792334611e+00,4.7510811659157255e-03,1.0517242565809382e-02,1.9940339026590537e+00,2.2386958893392134e-01,1.0434915276310956e-14,4.2632564145606011e-14,1.4644060153345952e-16,5.9829315074261653e-16,3.7680332008120700e+01,-5.0117592692135650e-02,1.1313708498984756e+01,1.1632731522625619e+01,6.1062266354383610e-16,1.3434053201191207e+00,9.4658665712614442e-17,4.9531482977069434e-11,1.9940339026590537e+00,2.2386958893392134e-01,1.0434915276310956e-14,4.2632564145606011e-14,1.4644060153345952e-16,5.9829315074261653e-16,3.7680332008120700e+01,-5.0117592692135650e-02,1.1313708498984756e+01,1.1632731522625619e+01,6.1062266354383610e-16,1.3434053201191207e+00,9.4658665712614442e-17,4.9531482977069434e-11,2.0150306649618259e+00,2.2622688914802336e-01,1.1361103349361184e-14,4.9737991503207013e-14,1.5943845872339741e-16,6.9800867586638603e-16,3.7548193939082282e+01,-5.3448657479149085e-02,1.1261569208489124e+01,1.1586351275412927e+01,9.9920072216264089e-16,1.3404133892737080e+00,7.4669451892115608e-16,4.5671736657316750e-11,-3.9043487399299383e-03,-7.0655578658646522e-04,-6.8491500471605179e-04,9.9857896126830537e-01,3.9668417604357430e+01,1.2566370614359172e+01,nan,nan,coulomb,10,1.7657859999999914e-03,9.7728203999999999e-02,8.7653691042018055e-03,7.4669451892115608e-16,1.3600608950045001e-02,1.3526203143441018e-15,1.5940297119877388e-16,8.1249223643936506e-15,1.3600608950044975e-02,1.1261569208489030e+01,2.9484934599999990e-01,2.7936653499999986e-01,1.3681950000000054e-02,6.8940412999999978e-02,4.6057590999999842e-02,5.0732750999999965e-02,1.6573449500000015e-01,4.6058384100000005e-01,9.8732671099999969e-01,15,15,0,nan,32768,0,2160,4.8093750000000000e+01,4.8093750000000000e+01
exp3_remap,e3,A_pt,A,2,2,abc,1,8,2.9999999999999999e-01,1,8,0.0000000000000000e+00,1,uniform,0.0000000000000000e+00,2.0000000000000000e+00,0,1,9.0102538012759037e-01,9.9999999999998312e-01,12288,12288,12288,12288,0.0000000000000000e+00,2.2214277755491782e-01,2.4939903092691812e-02,9.2386329250841116e-14,5.1336712658667238e-13,1.2965231888058334e-15,7.2044466901923223e-15,3.9660626792931822e+01,-1.9639834145417906e-04,1.2556061256342881e+01,1.2560493004367755e+01,7.2164496600635175e-16,1.4136916877744272e+00,7.6816079662152270e-04,8.7057280168882580e-04,2.0254441727229264e-01,2.2739601054497086e-02,8.4790861886317085e-14,4.4053649617126212e-13,1.1899305830839918e-15,6.1823625576736998e-15,3.9658128469587318e+01,-2.5937850288692903e-04,1.2556590281248958e+01,1.2559878392954451e+01,8.8817841970012523e-16,1.4136671625649608e+00,1.7228396484440912e-15,8.0948539144800970e-11,2.0254441727229264e-01,2.2739601054497086e-02,8.4790861886317085e-14,4.4053649617126212e-13,1.1899305830839918e-15,6.1823625576736998e-15,3.9658128469587318e+01,-2.5937850288692903e-04,1.2556590281248958e+01,1.2559878392954451e+01,8.8817841970012523e-16,1.4136671625649608e+00,1.7228396484440912e-15,8.0948539144800970e-11,3.0915304436957536e-01,3.4708519683840533e-02,8.7945171159314422e-14,3.4816594052244909e-13,1.2341972527338102e-15,4.8860607310646982e-15,3.9663584528003589e+01,-1.2183688298444582e-04,1.2549489577505064e+01,1.2557354814235088e+01,1.4988010832439613e-15,1.4132854405279520e+00,9.2077876562607016e-16,2.5631568360307978e-11,7.4576105093085627e-05,-5.2338696854456587e-04,-5.2320230070045462e-04,9.9971263377298714e-01,3.9668417604357430e+01,1.2566370614359172e+01,nan,nan,coulomb,14,1.2835385800000054e-01,2.2294928150000000e+00,7.3126288888047042e-03,9.2077876562607016e-16,8.4161414706431896e-03,1.6411131571083207e-15,5.7961277442614063e-16,-3.5363616653536103e-15,8.4161414706431931e-03,1.2549489577505108e+01,4.4722815000000082e-01,3.9859039899999971e-01,4.8636681999999709e-02,1.7458521700000063e-01,4.5704133999999286e-02,0.0000000000000000e+00,2.2029042700000012e-01,6.6751857700000095e-01,5.0300314499999992e+00,0,0,0,nan,27648,0,2496,9.6152343750000000e+01,9.6152343750000000e+01
exp3_remap,e3,A_int,A,2,2,abc,1,8,2.9999999999999999e-01,1,8,0.0000000000000000e+00,1,uniform,0.0000000000000000e+00,2.0000000000000000e+00,4,1,9.0102538012759037e-01,9.9999999999998312e-01,12288,12288,12288,12288,0.0000000000000000e+00,2.2214277755491782e-01,2.4939903092691812e-02,9.2386329250841116e-14,5.1336712658667238e-13,1.2965231888058334e-15,7.2044466901923223e-15,3.9660626792931822e+01,-1.9639834145417906e-04,1.2556061256342881e+01,1.2560493004367755e+01,7.2164496600635175e-16,1.4136916877744272e+00,7.6816079662152270e-04,8.7057280168882580e-04,2.0254441727229264e-01,2.2739601054497086e-02,8.4790861886317085e-14,4.4053649617126212e-13,1.1899305830839918e-15,6.1823625576736998e-15,3.9658128469587318e+01,-2.5937850288692903e-04,1.2556590281248958e+01,1.2559878392954451e+01,8.8817841970012523e-16,1.4136671625649608e+00,1.7228396484440912e-15,8.0948539144800970e-11,2.0254441727229264e-01,2.2739601054497086e-02,8.4790861886317085e-14,4.4053649617126212e-13,1.1899305830839918e-15,6.1823625576736998e-15,3.9658128469587318e+01,-2.5937850288692903e-04,1.2556590281248958e+01,1.2559878392954451e+01,8.8817841970012523e-16,1.4136671625649608e+00,1.7228396484440912e-15,8.0948539144800970e-11,2.5958225729626211e-01,2.9143222268167138e-02,8.6943482195694250e-14,3.8724579098925460e-13,1.2201398377478954e-15,5.4344961192454295e-15,3.9641450801389482e+01,-6.7980536145676135e-04,1.2546916330103645e+01,1.2552503725782106e+01,6.1062266354383610e-16,1.4131357118875960e+00,8.9211662656074573e-16,3.1787352634166344e-11,-4.8350197898934560e-04,-7.2832762221639198e-04,-7.2807064468373493e-04,9.9960672055184363e-01,3.9668417604357430e+01,1.2566370614359172e+01,nan,nan,coulomb,14,9.4606109000000771e-02,2.2294928150000000e+00,5.5840306249395656e-03,8.9211662656074573e-16,6.4114031916872724e-03,1.7431942207608617e-15,5.7672421243900169e-16,-1.1462410195707288e-14,6.4114031916872819e-03,1.2546916330103789e+01,1.3492424310000004e+00,1.1678880369999991e+00,1.8135295799999973e-01,4.5915674599999790e-01,1.4627294299999960e-01,0.0000000000000000e+00,6.0543075100000010e-01,1.9546731820000005e+00,5.9427306880000010e+00,0,0,0,nan,110592,0,9792,1.1330078125000000e+02,1.1330078125000000e+02
exp3_remap,e3,A_l2,A,2,2,abc,1,8,2.9999999999999999e-01,1,8,0.0000000000000000e+00,1,uniform,0.0000000000000000e+00,2.0000000000000000e+00,0,1,9.0102538012759037e-01,9.9999999999998312e-01,12288,12288,12288,12288,0.0000000000000000e+00,2.2214277755491782e-01,2.4939903092691812e-02,9.2386329250841116e-14,5.1336712658667238e-13,1.2965231888058334e-15,7.2044466901923223e-15,3.9660626792931822e+01,-1.9639834145417906e-04,1.2556061256342881e+01,1.2560493004367755e+01,7.2164496600635175e-16,1.4136916877744272e+00,7.6816079662152270e-04,8.7057280168882580e-04,2.0254441727229264e-01,2.2739601054497086e-02,8.4790861886317085e-14,4.4053649617126212e-13,1.1899305830839918e-15,6.1823625576736998e-15,3.9658128469587318e+01,-2.5937850288692903e-04,1.2556590281248958e+01,1.2559878392954451e+01,8.8817841970012523e-16,1.4136671625649608e+00,1.7228396484440912e-15,8.0948539144800970e-11,2.0254441727229264e-01,2.2739601054497086e-02,8.4790861886317085e-14,4.4053649617126212e-13,1.1899305830839918e-15,6.1823625576736998e-15,3.9658128469587318e+01,-2.5937850288692903e-04,1.2556590281248958e+01,1.2559878392954451e+01,8.8817841970012523e-16,1.4136671625649608e+00,1.7228396484440912e-15,8.0948539144800970e-11,2.6910494837844601e-01,3.0212331943419102e-02,8.7287423904556448e-14,4.4231285301066237e-13,1.2249666168260703e-15,6.2072914389546422e-15,3.9671238274467825e+01,7.1106191795399475e-05,1.2555852114688365e+01,1.2561579623663642e+01,5.5511151231257827e-16,1.4136238867998883e+00,4.1934431507027867e-16,4.8689393162761519e-11,2.6755708101653449e-04,-1.6656629037224999e-05,-1.6650752039975678e-05,9.9995203977279823e-01,3.9668417604357430e+01,1.2566370614359172e+01,nan,nan,coulomb,14,9.8005206999999928e-02,2.2294928150000000e+00,4.2276084422757888e-03,4.1934431507027867e-16,4.9460062850274992e-03,8.3996448029583776e-16,5.7704380383471194e-16,-1.4141017013750450e-16,4.9460062850274940e-03,1.2555852114688367e+01,1.2296998249999973e+00,1.1674300019999997e+00,4.5683827000001287e-02,4.9416220400000199e-01,3.8458183899999909e-01,2.6865246499999884e-01,1.1474001400000020e+00,2.3770999649999993e+00,7.3016802009999999e+00,18,18,0,nan,110592,0,8592,1.1600781250000000e+02,1.1600781250000000e+02
exp3_remap,e3,A_pt,A,3,3,abc,1,8,2.9999999999999999e-01,1,8,0.0000000000000000e+00,1,uniform,0.0000000000000000e+00,2.0000000000000000e+00,0,1,9.0977720054037048e-01,9.9999999999996692e-01,41472,41472,41472,41472,0.0000000000000000e+00,1.7649500889531839e-02,1.9815041779176297e-03,2.3294829563109238e-13,1.7671419882958617e-12,3.2691294212856078e-15,2.4799562709297072e-14,3.9668444320879388e+01,6.7349603467311972e-07,1.2566329582044686e+01,1.2566363386562230e+01,1.2212453270876722e-15,1.4142122709952341e+00,6.4570412734713838e-05,8.9503416399397100e-05,1.3464715461453914e-02,1.5116795714698106e-03,2.2862620972623772e-13,1.8287593661625579e-12,3.2084745100548095e-15,2.5664283278730243e-14,3.9668387313158419e+01,-7.6360996580583265e-07,1.2566332157433365e+01,1.2566346644016324e+01,1.1934897514720433e-15,1.4142114073134975e+00,2.7932756189736299e-15,0.0000000000000000e+00,1.3464715461453914e-02,1.5116795714698106e-03,2.2862620972623772e-13,1.8287593661625579e-12,3.2084745100548095e-15,2.5664283278730243e-14,3.9668387313158419e+01,-7.6360996580583265e-07,1.2566332157433365e+01,1.2566346644016324e+01,1.1934897514720433e-15,1.4142114073134975e+00,2.7932756189736299e-15,0.0000000000000000e+00,3.8757699157624725e-02,4.3513152744653356e-03,2.3042127914162347e-13,1.6379814171685325e-12,3.2336659982483137e-15,2.2986960380534027e-14,3.9668899453414689e+01,1.2146919044382782e-05,1.2566285169705226e+01,1.2566405497341226e+01,1.4432899320127035e-15,1.4142088576364749e+00,4.7613907923604999e-16,0.0000000000000000e+00,1.1473415282409965e-05,-3.5342332197666515e-06,-3.5342237123980352e-06,9.9999758638867076e-01,3.9668417604357430e+01,1.2566370614359172e+01,nan,nan,coulomb,21,1.2078073469999993e+00,2.5217404953000003e+01,6.9116251862252182e-04,4.7613907923604999e-16,1.0008989093239834e-03,1.2039285151370805e-15,9.5102704002223871e-16,3.2088157639826630e-14,1.0008989093239812e-03,1.2566285169704823e+01,1.6782834600000029e+00,1.4225799140000106e+00,2.5570254999999520e-01,6.5432389899999066e-01,1.7700787799999773e-01,0.0000000000000000e+00,8.3133324399999253e-01,2.5096167039999955e+00,2.6849699826999995e+01,0,0,0,nan,73728,0,6480,4.3022656250000000e+02,4.3022656250000000e+02
exp3_remap,e3,A_int,A,3,3,abc,1,8,2.9999999999999999e-01,1,8,0.0000000000000000e+00,1,uniform,0.0000000000000000e+00,2.0000000000000000e+00,5,1,9.0977720054037048e-01,9.9999999999996692e-01,41472,41472,41472,41472,0.0000000000000000e+00,1.7649500889531839e-02,1.9815041779176297e-03,2.3294829563109238e-13,1.7671419882958617e-12,3.2691294212856078e-15,2.4799562709297072e-14,3.9668444320879388e+01,6.7349603467311972e-07,1.2566329582044686e+01,1.2566363386562230e+01,1.2212453270876722e-15,1.4142122709952341e+00,6.4570412734713838e-05,8.9503416399397100e-05,1.3464715461453914e-02,1.5116795714698106e-03,2.2862620972623772e-13,1.8287593661625579e-12,3.2084745100548095e-15,2.5664283278730243e-14,3.9668387313158419e+01,-7.6360996580583265e-07,1.2566332157433365e+01,1.2566346644016324e+01,1.1934897514720433e-15,1.4142114073134975e+00,2.7932756189736299e-15,0.0000000000000000e+00,1.3464715461453914e-02,1.5116795714698106e-03,2.2862620972623772e-13,1.8287593661625579e-12,3.2084745100548095e-15,2.5664283278730243e-14,3.9668387313158419e+01,-7.6360996580583265e-07,1.2566332157433365e+01,1.2566346644016324e+01,1.1934897514720433e-15,1.4142114073134975e+00,2.7932756189736299e-15,0.0000000000000000e+00,2.1662500707792208e-02,2.4320424654100947e-03,2.2558076107956521e-13,1.9437784715137241e-12,3.1657355591434943e-15,2.7278428341671265e-14,3.9668263206930966e+01,-3.8922002889912089e-06,1.2566247173954482e+01,1.2566284443444333e+01,9.9920072216264089e-16,1.4142066301740657e+00,2.0609548242397852e-16,0.0000000000000000e+00,-4.5656932486880307e-06,-6.5578488663833461e-06,-6.5578312252480199e-06,9.9999601133345817e-01,3.9668417604357430e+01,1.2566370614359172e+01,nan,nan,coulomb,21,1.1125074619999964e+00,2.5217404953000003e+01,5.6614279362142731e-04,2.0609548242397852e-16,7.6917056964923513e-04,4.6953973802732175e-16,9.5918057900277473e-16,-1.3853173509553573e-14,7.6917056964922982e-04,1.2566247173954656e+01,6.8262721469999974e+00,5.7044376779999908e+00,1.1218331750000061e+00,2.9211726660000039e+00,9.0562794899999233e-01,0.0000000000000000e+00,3.8268015280000043e+00,1.0653073675000002e+01,3.6574662799999999e+01,0,0,0,nan,368640,0,32016,4.3023437500000000e+02,4.3023437500000000e+02
exp3_remap,e3,A_l2,A,3,3,abc,1,8,2.9999999999999999e-01,1,8,0.0000000000000000e+00,1,uniform,0.0000000000000000e+00,2.0000000000000000e+00,0,1,9.0977720054037048e-01,9.9999999999996692e-01,41472,41472,41472,41472,0.0000000000000000e+00,1.7649500889531839e-02,1.9815041779176297e-03,2.3294829563109238e-13,1.7671419882958617e-12,3.2691294212856078e-15,2.4799562709297072e-14,3.9668444320879388e+01,6.7349603467311972e-07,1.2566329582044686e+01,1.2566363386562230e+01,1.2212453270876722e-15,1.4142122709952341e+00,6.4570412734713838e-05,8.9503416399397100e-05,1.3464715461453914e-02,1.5116795714698106e-03,2.2862620972623772e-13,1.8287593661625579e-12,3.2084745100548095e-15,2.5664283278730243e-14,3.9668387313158419e+01,-7.6360996580583265e-07,1.2566332157433365e+01,1.2566346644016324e+01,1.1934897514720433e-15,1.4142114073134975e+00,2.7932756189736299e-15,0.0000000000000000e+00,1.3464715461453914e-02,1.5116795714698106e-03,2.2862620972623772e-13,1.8287593661625579e-12,3.2084745100548095e-15,2.5664283278730243e-14,3.9668387313158419e+01,-7.6360996580583265e-07,1.2566332157433365e+01,1.2566346644016324e+01,1.1934897514720433e-15,1.4142114073134975e+00,2.7932756189736299e-15,0.0000000000000000e+00,2.7652671148496944e-02,3.1045571064181776e-03,2.2430293150252795e-13,1.3358203432289883e-12,3.1478028661638596e-15,1.8746518723268716e-14,3.9668681961958121e+01,6.6641831627467851e-06,1.2566333016163698e+01,1.2566394279617603e+01,1.1102230246251565e-15,1.4142114906970247e+00,1.4885772158798507e-16,0.0000000000000000e+00,5.9906830933723570e-06,2.7327940030919478e-07,2.7327866516586027e-07,9.9999944824534093e-01,3.9668417604357430e+01,1.2566370614359172e+01,nan,nan,coulomb,21,9.1487064800000439e-01,2.5217404953000003e+01,4.4528190265816128e-04,1.4885772158798507e-16,6.1831771148359747e-04,2.9165093460610602e-16,9.5099785724863387e-16,-1.2298119257349975e-14,6.1831771148359736e-04,1.2566333016163853e+01,5.3010218499999837e+00,4.9747938339999962e+00,2.5963800200000264e-01,2.5775097180000159e+00,2.1676847539999926e+00,4.6232261000000108e-01,5.2075231750000057e+00,1.0508545024999989e+01,3.4580556279000007e+01,15,15,0,nan,262144,0,21024,4.3051562500000000e+02,4.3051562500000000e+02
