exp,tag,op,route,p,q,N,field,b0,epsA,epsB,fvB,nsteps,nq,np,step,mesh,errB_L2,errB_rel,div_L2,div_max,div_rel_L2,div_rel_max,energy,energy_rel_ex,helicity,hel_scale,flux_err,a_L2,coulomb,grad_frac,E_over_E0,E_over_Eref,dB_first,errB_over_ref,H_over_H0,H_over_Href,H_dev_scaled,a_over_aref,a_over_a0,t_setup,t_cum,t_step_last,iters_last,inner_last,iters_total,inner_total,nnotfound,gauge,t_transfer_last,gauge_iters_last,gauge_iters_total,gauge_time_last,gauge_time_total,gauge_resid_before,gauge_resid_after,gauge_gf_before,gauge_gf_after,gauge_dB_rel,gauge_dH_scaled
exp4_repeat,g_p3,A_pt,A,3,3,8,abc,0,0.0000000000000000e+00,2.9999999999999999e-01,1,100,0,1,0,A,1.3464715461453933e-02,1.5153128777949955e-03,2.2709910013873703e-13,1.7674750552032492e-12,3.1947035193672450e-15,2.4863853603127879e-14,3.9478387313157270e+01,-7.6728506357789540e-07,1.2566332157433365e+01,1.2566346644016324e+01,7.4940054162198066e-16,1.4142114073134975e+00,2.7932756189736299e-15,0.0000000000000000e+00,1.0000000000000000e+00,1.0000000000000000e+00,0.0000000000000000e+00,1.0000000000000000e+00,1.0000000000000000e+00,1.0000000000000000e+00,0.0000000000000000e+00,1.0000000000000000e+00,1.0000000000000000e+00,2.4668453439999922e+00,0.0000000000000000e+00,0.0000000000000000e+00,0,0,0,0,0,coulomb,0.0000000000000000e+00,0,0,0.0000000000000000e+00,0.0000000000000000e+00,nan,nan,nan,nan,nan,nan
exp4_repeat,g_p3,A_pt,A,3,3,8,abc,0,0.0000000000000000e+00,2.9999999999999999e-01,1,100,0,1,1,B,1.9366356643817393e-02,2.1794808588683151e-03,2.3128131961395557e-13,1.6839862837514374e-12,3.2535366511061303e-15,2.3689380116346892e-14,3.9478297671435634e+01,-3.0379363985703550e-06,1.2566273163950697e+01,1.2566311694700852e+01,5.2041704279304213e-16,1.4142090797221296e+00,1.2590689838498898e-16,2.2853947895120020e-11,9.9999772934692277e-01,9.9999628612090619e-01,0.0000000000000000e+00,1.0973852097194174e+00,9.9999530543344484e-01,9.9999551037607126e-01,-4.4896118513433711e-06,9.9999774342708669e-01,9.9999835414185190e-01,2.4668453439999922e+00,2.0359565450000048e+00,2.0359565450000048e+00,0,0,0,0,0,coulomb,8.0128486299999224e-01,22,22,1.2220165849999916e+00,1.2220165849999916e+00,9.1871573497462683e-05,1.2590689838498898e-16,1.2872852459412180e-04,1.8031294940940923e-16,9.9647359034901134e-16,2.5585915189662715e-14
exp4_repeat,g_p3,A_pt,A,3,3,8,abc,0,0.0000000000000000e+00,2.9999999999999999e-01,1,100,0,1,2,A,3.8804301516207583e-02,4.3670182240152493e-03,2.2403485948715876e-13,1.5480949855373183e-12,3.1515974903789978e-15,2.1777737100629091e-14,3.9478714698068650e+01,7.5254716183284594e-06,1.2566226041103249e+01,1.2566346479533239e+01,2.9143354396410359e-16,1.4142055249791390e+00,4.6958801364626348e-16,0.0000000000000000e+00,1.0000082927630449e+00,1.0000082927630449e+00,4.0977303692880463e-03,2.8819251047149463e+00,9.9999155550491692e-01,9.9999155550491692e-01,-8.4444853482100227e-06,9.9999584055514745e-01,9.9999584055514745e-01,2.4668453439999922e+00,4.3469219379999799e+00,2.3109653929999752e+00,0,0,0,0,0,coulomb,1.0138059359999829e+00,21,43,1.2844265569999891e+00,2.5064431419999806e+00,6.9610071352929604e-04,4.6958801364626348e-16,9.9994648255916324e-04,1.1900728741308288e-15,9.6256864337894057e-16,-2.1486444372665513e-14
exp4_repeat,g_p3,A_pt,A,3,3,8,abc,0,0.0000000000000000e+00,2.9999999999999999e-01,1,100,0,1,5,B,5.1921619421433161e-02,5.8432351408020449e-03,2.3246182706909455e-13,1.8993695505287178e-12,3.2701433717812358e-15,2.6719271824265734e-14,3.9479937030222040e+01,3.8487506764706790e-05,1.2566425662209999e+01,1.2566651628943553e+01,5.6898930012039273e-16,1.4142179730249707e+00,1.3820936892461101e-16,8.4620788499558700e-11,1.0000392548219479e+00,1.0000378115360005e+00,5.2736500737671273e-03,2.9421133910570183e+00,1.0000074408964734e+00,1.0000076458415870e+00,7.6458210190179053e-06,1.0000040319475749e+00,1.0000046426661808e+00,2.4668453439999922e+00,9.7813908439999864e+00,1.7744074299999966e+00,0,0,0,0,0,coulomb,7.9591700899999296e-01,22,108,9.7787309000000278e-01,5.3921008709999825e+00,1.3369420722672762e-04,1.3820936892461101e-16,1.7833881782284525e-04,2.3406385686032546e-16,9.9960922009124205e-16,2.9684512737087290e-14
exp4_repeat,g_p3,A_pt,A,3,3,8,abc,0,0.0000000000000000e+00,2.9999999999999999e-01,1,100,0,1,10,A,1.1417838890311457e-01,1.2849583310250828e-02,2.2599098743930074e-13,1.3358203432289883e-12,3.1791152077509417e-15,1.8791575788494639e-14,3.9488304399139281e+01,2.5043543743145892e-04,1.2567439970078812e+01,1.2568495721710848e+01,7.6327832942979512e-16,1.4142756396928078e+00,4.5511756355059996e-16,0.0000000000000000e+00,1.0002512029152393e+00,1.0002512029152393e+00,1.2760561864214984e-02,8.4798218892911894e+00,1.0000881571990592e+00,1.0000881571990592e+00,8.8157097430909210e-05,1.0000454192201944e+00,1.0000454192201944e+00,2.4668453439999922e+00,1.9171809521000029e+01,1.9566827870000338e+00,0,0,0,0,0,coulomb,9.2181450699999345e-01,21,215,1.0342513010000118e+00,1.0583307292999947e+01,7.2671395221164084e-04,4.5511756355059996e-16,1.0359881066690411e-03,1.1311433616087462e-15,9.5161901448618299e-16,-8.4800405337692259e-15
exp4_repeat,g_p3,A_pt,A,3,3,8,abc,0,0.0000000000000000e+00,2.9999999999999999e-01,1,100,0,1,15,B,1.5675803934190985e-01,1.7641477563540026e-02,2.3032543259803861e-13,1.5205614545266144e-12,3.2400897655306184e-15,2.1390410737967237e-14,3.9498785658811052e+01,5.1592884643308630e-04,1.2568937494833511e+01,1.2570940131497810e+01,8.7430063189231078e-16,1.4143630054385001e+00,1.6374595497203820e-16,5.8627516501956560e-11,1.0005166965279502e+00,1.0005152525529448e+00,1.7440662513002695e-02,8.8826182974041306e+00,1.0002073267973108e+00,1.0002075317833898e+00,2.0753122511274615e-04,1.0001065854443194e+00,1.0001071962255563e+00,2.4668453439999922e+00,2.7733441686999953e+01,1.7105644979998829e+00,0,0,0,0,0,coulomb,7.5559756099994502e-01,22,323,9.5432976299997563e-01,1.5448808141000015e+01,2.4844544843679353e-04,1.6374595497203820e-16,3.3308707230709963e-04,3.1220967648593026e-16,9.9999630142358919e-16,-5.9348769730565990e-15
exp4_repeat,g_p3,A_pt,A,3,3,8,abc,0,0.0000000000000000e+00,2.9999999999999999e-01,1,100,0,1,20,A,2.3939464756962511e-01,2.6941363400951990e-02,2.2621563882000040e-13,1.4104273304837989e-12,3.1822754781179906e-15,1.9841105287320137e-14,3.9521473845590023e+01,1.0906273312190427e-03,1.2570940979683849e+01,1.2575587191818405e+01,2.9837243786801082e-16,1.4144796668594155e+00,4.7530139117637413e-16,0.0000000000000000e+00,1.0010913954536940e+00,1.0010913954536940e+00,2.6898736391853511e-02,1.7779406349502988e+01,1.0003667595438943e+00,1.0003667595438943e+00,3.6675912109096845e-04,1.0001896884330947e+00,1.0001896884330947e+00,2.4668453439999922e+00,3.6973173093999975e+01,1.9913896710000358e+00,0,0,0,0,0,coulomb,9.2924097500002745e-01,21,430,1.0494733200000042e+00,2.0515428857999993e+01,8.0294362440790459e-04,4.7530139117637413e-16,1.1317252839455000e-03,1.1705776313247276e-15,9.6010904099853393e-16,1.1159089297635962e-14
exp4_repeat,g_p3,A_pt,A,3,3,8,abc,0,0.0000000000000000e+00,2.9999999999999999e-01,1,100,0,1,25,B,3.1718320327898175e-01,3.5695651640380729e-02,2.3057832143526581e-13,1.6182610806936282e-12,3.2436472646920191e-15,2.2764794605476812e-14,3.9549497447786393e+01,1.8004734673336049e-03,1.2572961471498434e+01,1.2581123821246267e+01,9.1593399531575415e-16,1.4146009784177362e+00,2.0022249291114079e-16,1.1068056893561844e-10,1.0018012421344633e+00,1.0017997963055643e+00,3.5591613622457996e-02,1.7973032432039929e+01,1.0005275456658329e+00,1.0005277507175385e+00,5.2774929784700150e-04,1.0002748579053331e+00,1.0002754687893367e+00,2.4668453439999922e+00,4.6712618024000079e+01,1.9625309540000444e+00,0,0,0,0,0,coulomb,8.6658924300002127e-01,22,538,1.0952635250000071e+00,2.5816635909999988e+01,4.4660516818518202e-04,2.0022249291114079e-16,5.8744374254363183e-04,4.1823427595989025e-16,9.9921642626449724e-16,5.3653035459482400e-15
exp4_repeat,g_p3,A_pt,A,3,3,8,abc,0,0.0000000000000000e+00,2.9999999999999999e-01,1,100,0,1,30,A,4.4975601635235529e-01,5.0615334976481505e-02,2.2095448325692305e-13,1.3997691894473974e-12,3.1082644750667512e-15,1.9691172501773637e-14,3.9608872953307447e+01,3.3044725920224338e-03,1.2575657043716076e+01,1.2592026568270585e+01,6.9388939039072284e-16,1.4147652729669669e+00,5.1008014433620547e-16,0.0000000000000000e+00,1.0033052424131492e+00,1.0033052424131492e+00,5.0592663763199965e-02,3.3402563733328989e+01,1.0007420531437405e+00,1.0007420531437405e+00,7.4205228829580833e-04,1.0003916427562423e+00,1.0003916427562423e+00,2.4668453439999922e+00,5.6184129180000042e+01,1.8743748689999506e+00,0,0,0,0,0,coulomb,8.8095420399997693e-01,21,645,9.9280048800000031e-01,3.0752478372999960e+01,1.0042685229701427e-03,5.1008014433620547e-16,1.3833711677756265e-03,1.2546369491777683e-15,9.6180229728093900e-16,2.9342526165257875e-14
exp4_repeat,g_p3,A_pt,A,3,3,8,abc,0,0.0000000000000000e+00,2.9999999999999999e-01,1,100,0,1,35,B,6.0548264978707322e-01,6.8140738594168207e-02,2.3171621695330301e-13,1.7053025658242404e-12,3.2596545443946901e-15,2.3989245687439893e-14,3.9698968944190284e+01,5.5866307014420117e-03,1.2578144688216470e+01,1.2607786828028626e+01,3.4694469519536142e-16,1.4149276894522702e+00,2.6994078057570523e-16,1.7076404945773176e-11,1.0055874022736360e+00,1.0055859509804395e+00,6.8082781292324285e-02,3.4309380790535904e+01,1.0009400142090084e+00,1.0009402193452468e+00,9.4021681598186336e-04,1.0005058777042946e+00,1.0005064887293855e+00,2.4668453439999922e+00,6.5984975455000182e+01,2.1503151240000307e+00,0,0,0,0,0,coulomb,8.8036394000005203e-01,22,753,1.2693310359999828e+00,3.6128754112999999e+01,8.3490754607538247e-04,2.6994078057570523e-16,1.0787339556739238e-03,6.0579480518270842e-16,9.9870218655274158e-16,1.6907225638431885e-14
exp4_repeat,g_p3,A_pt,A,3,3,8,abc,0,0.0000000000000000e+00,2.9999999999999999e-01,1,100,0,1,40,A,8.5649960033163275e-01,9.6390070620077206e-02,2.2652409657309866e-13,1.5218937221561646e-12,3.1866146898048582e-15,2.1409152336160612e-14,3.9894120681785672e+01,1.0529881962197927e-02,1.2581760731401660e+01,1.2640950006510961e+01,1.9428902930940239e-16,1.4151753893787211e+00,5.9381204869233733e-16,0.0000000000000000e+00,1.0105306573272776e+00,1.0105306573272776e+00,9.6378481744262987e-02,6.3610672114355040e+01,1.0012277706633093e+00,1.0012277706633093e+00,1.2277692479255046e-03,1.0006816392939828e+00,1.0006816392939828e+00,2.4668453439999922e+00,7.5766750738000297e+01,1.9029549750000569e+00,0,0,0,0,0,coulomb,8.9594490100000712e-01,21,860,1.0063691999999946e+00,4.1326330718999984e+01,1.5345778027525355e-03,5.9381204869233733e-16,2.0634630661285625e-03,1.4431541009650000e-15,9.5450606599907116e-16,3.9206112105979642e-14
exp4_repeat,g_p3,A_pt,A,3,3,8,abc,0,0.0000000000000000e+00,2.9999999999999999e-01,1,100,0,1,45,B,1.2039915243251937e+00,1.3549665173310582e-01,2.2920234323723169e-13,1.5347723092418164e-12,3.2242907705925415e-15,2.1590321118695904e-14,4.0263518791579173e+01,1.9886845392077867e-02,1.2585176650453100e+01,1.2701841898906835e+01,7.2164496600635175e-16,1.4154542651882467e+00,4.2197044252344845e-16,1.0119252487070632e-11,1.0198876279366214e+00,1.0198861560049204e+00,1.3546508424680945e-01,6.8223595987725631e+01,1.0014996016963142e+00,1.0014998069472365e+00,1.4998029126364520e-03,1.0008782233180162e+00,1.0008788345705046e+00,2.4668453439999922e+00,8.5266585181000352e+01,1.8679747600000383e+00,0,0,0,0,0,coulomb,8.4520253400000911e-01,22,968,1.0221730490000027e+00,4.6553235880999964e+01,1.6667841728883988e-03,4.2197044252344845e-16,2.1346194790563648e-03,9.9962590828228139e-16,9.7721659782702264e-16,3.3564003831119247e-15
exp4_repeat,g_p3,A_pt,A,3,3,8,abc,0,0.0000000000000000e+00,2.9999999999999999e-01,1,100,0,1,50,A,1.7540485411083695e+00,1.9739981511143131e-01,2.2709969216286062e-13,1.6768808563938364e-12,3.1947118476325265e-15,2.3589424925982629e-14,4.1095249761533985e+01,4.0954836979030670e-02,1.2590361461585134e+01,1.2836794229830613e+01,8.8817841970012523e-16,1.4159429963027337e+00,7.7707876781729349e-16,0.0000000000000000e+00,1.0409556356887417e+00,1.0409556356887417e+00,1.9739480232948636e-01,1.3027000430345268e+02,1.0019121971193126e+00,1.0019121971193126e+00,1.9121949149167501e-03,1.0012244201823584e+00,1.0012244201823584e+00,2.4668453439999922e+00,9.5381002598000379e+01,1.8727720289998615e+00,0,0,0,0,0,coulomb,8.8946701099996517e-01,21,1075,9.8265274099992439e-01,5.1994089233999929e+01,2.8756524764753503e-03,7.7707876781729349e-16,3.8469980070759183e-03,1.8445191400989019e-15,9.3444311236531392e-16,-1.2454116633336997e-15
exp4_repeat,g_p3,A_pt,A,3,3,8,abc,0,0.0000000000000000e+00,2.9999999999999999e-01,1,100,0,1,55,B,2.6275640297707823e+00,2.9570484596877145e-01,2.2701828087452237e-13,1.4779288903810084e-12,3.1935665990198563e-15,2.0790679595781238e-14,4.3030303639347665e+01,8.9970324306975089e-02,1.2595705487486777e+01,1.3142458530882807e+01,9.4368957093138306e-16,1.4166886424145362e+00,2.5374366687836119e-15,2.8507703290432308e-11,1.0899711606255664e+00,1.0899695875472581e+00,2.9568959848118914e-01,1.4888964180992369e+02,1.0023374624898831e+00,1.0023376679125195e+00,2.3376616240068284e-03,1.0017510606222921e+00,1.0017516724078366e+00,2.4668453439999922e+00,1.0605481020900041e+02,2.1759480529999564e+00,0,0,0,0,0,coulomb,1.1658203470000217e+00,21,1182,9.9742611599992870e-01,5.7711015681999797e+01,3.6477735448494867e-03,2.5374366687836119e-15,4.6782841486295353e-03,6.0528107664394050e-15,9.5225034560040379e-16,-6.8931704979911048e-15
exp4_repeat,g_p3,A_pt,A,3,3,8,abc,0,0.0000000000000000e+00,2.9999999999999999e-01,1,100,0,1,60,A,4.0229046868081957e+00,4.5273584098479380e-01,2.2589332235574825e-13,1.4144241333724494e-12,3.1777413098096739e-15,1.9897330081900073e-14,4.7704955328342386e+01,2.0838063486812475e-01,1.2602556761826319e+01,1.3852787969143115e+01,3.8857805861880479e-16,1.4182096703482978e+00,4.0904885675476525e-15,0.0000000000000000e+00,1.2083815620412484e+00,1.2083815620412484e+00,4.5273466689496283e-01,2.9877383583223514e+02,1.0028826712471965e+00,1.0028826712471965e+00,2.8826679240304990e-03,1.0028272032131289e+00,1.0028272032131289e+00,2.4668453439999922e+00,1.1556027419900036e+02,1.7911514759998681e+00,0,0,0,0,0,coulomb,9.1305446699993809e-01,20,1285,8.6535738199995649e-01,6.2658815993999823e+01,6.3451117900218089e-03,4.0904885675476525e-15,8.5852332545188811e-03,1.0012806529381551e-14,8.7412428522836962e-16,1.8336357059320835e-14
exp4_repeat,g_p3,A_pt,A,3,3,8,abc,0,0.0000000000000000e+00,2.9999999999999999e-01,1,100,0,1,65,B,6.5306382452347966e+00,7.3495502088806874e-01,2.3192021478133430e-13,1.4637180356658064e-12,3.2625242720983961e-15,2.0590769215052574e-14,6.0988710319013109e+01,5.4486207958551702e-01,1.2608368056080280e+01,1.5699528777230565e+01,7.0776717819853729e-16,1.4215000997499243e+00,5.0777135632577750e-15,5.5782128766654916e-11,1.5448632649360254e+00,1.5448610353441068e+00,7.3495068926744256e-01,3.7005544987918739e+02,1.0033451207655728e+00,1.0033453263947223e+00,3.3453173955281432e-03,1.0051532778382424e+00,1.0051538917015759e+00,2.4668453439999922e+00,1.2533735896100009e+02,1.8454386729999896e+00,0,0,0,0,0,coulomb,8.9401029999999082e-01,21,1388,9.5064826600003016e-01,6.7688749259999881e+01,9.0507018276358500e-03,5.0777135632577750e-15,1.1673717917491893e-02,1.2033363345884635e-14,8.0889071583606623e-16,-1.7310333384718812e-14
exp4_repeat,g_p3,A_pt,A,3,3,8,abc,0,0.0000000000000000e+00,2.9999999999999999e-01,1,100,0,1,70,A,1.0628036495866690e+01,1.1960743332427599e+00,2.3401084318236347e-13,2.5011104298755527e-12,3.2919340667932188e-15,3.5184227008245279e-14,9.6224093300567731e+01,1.4373847570310667e+00,1.2604642374166822e+01,1.9832400142302976e+01,5.9674487573602164e-16,1.4296125916474582e+00,6.6313306984998811e-15,0.0000000000000000e+00,2.4373866272014202e+00,2.4373866272014202e+00,1.1960753756040183e+00,7.8932499734525129e+02,1.0030486395117924e+00,1.0030486395117924e+00,3.0486359972967223e-03,1.0108902984761081e+00,1.0108902984761081e+00,2.4668453439999922e+00,1.3410832763499985e+02,1.7916231329999164e+00,0,0,0,0,0,coulomb,8.6340900599998349e-01,20,1490,9.2719175599995651e-01,7.2659117840999770e+01,1.6263948373083762e-02,6.6313306984998811e-15,2.2203919752834273e-02,1.6319341582346888e-14,6.2537332384394203e-16,-1.2267848958659400e-14
exp4_repeat,g_p3,A_pt,A,3,3,8,abc,0,0.0000000000000000e+00,2.9999999999999999e-01,1,100,0,1,75,B,1.8717674893125714e+01,2.1064785133506803e+00,2.6360520465415492e-13,5.5244697705347789e-12,3.7082510433448539e-15,7.7715160508268821e-14,2.1506229433317981e+02,4.4475915546686524e+00,1.2573714035805757e+01,3.0123768810760918e+01,3.3306690738754696e-16,1.4524867212718813e+00,1.1774907076287750e-14,4.1952236086895833e-11,5.4475957345274919e+00,5.4475878723977482e+00,2.1064828605940997e+00,1.0606279728205914e+03,1.0005874330138589e+00,1.0005876380778380e+00,5.8763649704479854e-04,1.0270641480502161e+00,1.0270647752948714e+00,2.4668453439999922e+00,1.4346304330899994e+02,1.8150261999999202e+00,0,0,0,0,0,coulomb,8.1891197400000237e-01,21,1593,9.9549113399996259e-01,7.7605675645999881e+01,2.5874975269243292e-02,1.1774907076287750e-14,3.2952264718928446e-02,2.7647195257777837e-14,4.5276880900340626e-16,-2.1217171631629061e-15
exp4_repeat,g_p3,A_pt,A,3,3,8,abc,0,0.0000000000000000e+00,2.9999999999999999e-01,1,100,0,1,80,A,3.2163146061232396e+01,3.6196256472340003e+00,3.2401079264750401e-13,1.0913936421275139e-11,4.5580031754929360e-15,1.5353117239961577e-13,5.5734948428038399e+02,1.3117827362433760e+01,1.2434415543499391e+01,5.0674126797180065e+01,9.1593399531575415e-16,1.5177752763406347e+00,1.7540161940610357e-14,0.0000000000000000e+00,1.4117838194840136e+01,1.4117838194840136e+01,3.6196284584135916e+00,2.3886985323460667e+03,9.8950237728230495e-01,9.8950237728230495e-01,-1.0497610615953249e-02,1.0732308256683292e+00,1.0732308256683292e+00,2.4668453439999922e+00,1.5320029698300021e+02,1.8850302260000262e+00,0,0,0,0,0,coulomb,9.9256850000006125e-01,20,1695,8.9180676099999800e-01,8.2630346545000052e+01,4.7980456158350636e-02,1.7540161940610357e-14,6.2331974643003704e-02,4.2590637262869876e-14,3.0164506576660165e-16,-2.9038669312399609e-15
exp4_repeat,g_p3,A_pt,A,3,3,8,abc,0,0.0000000000000000e+00,2.9999999999999999e-01,1,100,0,1,85,B,6.0178855808542814e+01,6.7725007215121744e+00,4.5068719672987617e-13,2.1479706902027829e-11,6.3400161984221598e-15,3.0216454047137831e-13,1.8512724365670933e+03,4.5893278629353148e+01,1.2015583074477977e+01,1.0457460218559697e+02,4.4408920985006262e-16,1.7186049400214858e+00,3.2565104730096225e-14,8.7260338895024628e-11,4.6893314609893025e+01,4.6893246932087706e+01,6.7725162890682613e+00,3.4100056875289993e+03,9.5617264639709498e-01,9.5617284235854838e-01,-4.3827039742909753e-02,1.2152383169550913e+00,1.2152390591207496e+00,2.4668453439999922e+00,1.6143447378700029e+02,1.6511071370000536e+00,0,0,0,0,0,coulomb,7.1754626200004168e-01,21,1798,9.2069841199997882e-01,8.7223392158999999e+01,8.3023951977837920e-02,3.2565104730096225e-14,8.9577435872582711e-02,6.6025955574505120e-14,2.1983166494071948e-16,9.6433827364106592e-16
exp4_repeat,g_p3,A_pt,A,3,3,8,abc,0,0.0000000000000000e+00,2.9999999999999999e-01,1,100,0,1,90,A,1.0709784148859733e+02,1.2052741764674083e+01,8.0839074514573084e-13,3.6379788070917130e-11,1.1371990276329848e-14,5.1177057466538593e-13,5.7761992776835514e+03,1.4531283694222847e+02,1.0732628852106858e+01,2.4178092666979344e+02,1.1657341758564144e-15,2.2494997849590050e+00,5.1856819703111716e-14,0.0000000000000000e+00,1.4631294920596901e+02,1.4631294920596901e+02,1.2052748113157273e+01,7.9539624728937870e+03,8.5407808083110259e-01,8.5407808083110259e-01,-1.4592175094896459e-01,1.5906389761289372e+00,1.5906389761289372e+00,2.4668453439999922e+00,1.6986071731900034e+02,1.7344984490000570e+00,0,0,0,0,0,coulomb,7.6574468100000104e-01,20,1900,9.6812296300004164e-01,9.1811167754000039e+01,1.5710689108202672e-01,5.1856819703111716e-14,1.3737706136321454e-01,8.8864977500871688e-14,1.8843405589295120e-16,-5.6035291273157839e-16
exp4_repeat,g_p3,A_pt,A,3,3,8,abc,0,0.0000000000000000e+00,2.9999999999999999e-01,1,100,0,1,95,B,2.0746831394667791e+02,2.3348388516475076e+01,1.2946463728369825e-12,4.4110493035987020e-11,1.8212363329980633e-14,6.2052182178177851e-13,2.1564009533217231e+04,5.4522274249505642e+02,7.1207626962244275e+00,7.4020359735524482e+02,5.1347814888913490e-16,3.5642769004060031e+00,1.0997386488808761e-13,1.0664100554321089e-10,5.4622316160392973e+02,5.4622237327866196e+02,2.3348431846051898e+01,1.1756091421728121e+04,5.6665402497834516e-01,5.6665414111045442e-01,-4.3334469315469937e-01,2.5203266677198948e+00,2.5203282069240776e+00,2.4668453439999922e+00,1.7883058918200101e+02,1.8280695750004270e+00,0,0,0,0,0,coulomb,8.8097844500020983e-01,21,2003,9.4644241900004999e-01,9.6340717752000032e+01,2.8565122179349606e-01,1.0997386488808761e-13,1.4801421225688577e-01,1.0884466356189769e-13,1.6023057533661966e-16,-4.9841157897702032e-17
exp4_repeat,g_p3,A_pt,A,3,3,8,abc,0,0.0000000000000000e+00,2.9999999999999999e-01,1,100,0,1,100,A,3.7606377446173536e+02,4.2322044007941251e+01,2.5845901113319701e-12,8.7311491370201111e-11,3.6358572622039209e-14,1.2282493791969262e-12,7.0756704137650770e+04,1.7912882534643686e+03,-2.8779466162414162e+00,2.3355890910159192e+03,3.8857805861880479e-16,6.2086566419924845e+00,1.6395490312147716e-13,0.0000000000000000e+00,1.7922896286614305e+03,1.7922896286614305e+03,4.2322062065323593e+01,2.7929574563852508e+04,-2.2902041583701285e-01,-2.2902041583701285e-01,-1.2290189990126392e+00,4.3901899036345213e+00,4.3901899036345213e+00,2.4668453439999922e+00,1.8802476620900057e+02,1.9325654750000467e+00,0,0,0,0,0,coulomb,9.2720388900011130e-01,20,2105,1.0047835440000199e+00,1.0107879494799998e+02,5.4650735560345853e-01,1.6395490312147716e-13,1.7240462657815975e-01,1.0261690178136282e-13,1.7351092972675344e-16,-6.3866916794494948e-17
exp4_repeat,g_p3,A_int,A,3,3,8,abc,0,0.0000000000000000e+00,2.9999999999999999e-01,1,100,5,1,0,A,1.3464715461453933e-02,1.5153128777949955e-03,2.2709910013873703e-13,1.7674750552032492e-12,3.1947035193672450e-15,2.4863853603127879e-14,3.9478387313157270e+01,-7.6728506357789540e-07,1.2566332157433365e+01,1.2566346644016324e+01,7.4940054162198066e-16,1.4142114073134975e+00,2.7932756189736299e-15,0.0000000000000000e+00,1.0000000000000000e+00,1.0000000000000000e+00,0.0000000000000000e+00,1.0000000000000000e+00,1.0000000000000000e+00,1.0000000000000000e+00,0.0000000000000000e+00,1.0000000000000000e+00,1.0000000000000000e+00,1.2520112689999905e+01,0.0000000000000000e+00,0.0000000000000000e+00,0,0,0,0,0,coulomb,0.0000000000000000e+00,0,0,0.0000000000000000e+00,0.0000000000000000e+00,nan,nan,nan,nan,nan,nan
exp4_repeat,g_p3,A_int,A,3,3,8,abc,0,0.0000000000000000e+00,2.9999999999999999e-01,1,100,5,1,1,B,1.9360987416905201e-02,2.1788766085440408e-03,2.3025894487067849e-13,1.4552803406786552e-12,3.2391544532530164e-15,2.0472072426494928e-14,3.9478284089699372e+01,-3.3819657970630251e-06,1.2566268876394323e+01,1.2566307389980178e+01,4.9960036108132044e-16,1.4142088385355793e+00,1.2304716561379457e-16,4.7082819927200939e-11,9.9999738531726035e-01,9.9999594209174014e-01,0.0000000000000000e+00,1.0970809650796314e+00,9.9999496423950529e-01,9.9999516918206177e-01,-4.8308049429360831e-06,9.9999757288228563e-01,9.9999818359694681e-01,1.2520112689999905e+01,4.5892281899998579e+00,4.5892281899998579e+00,0,0,0,0,0,coulomb,3.6211685539999507e+00,22,22,9.6739396699990721e-01,9.6739396699990721e-01,6.5924745127722762e-05,1.2304716561379457e-16,9.2536784658269982e-05,1.7305744759372204e-16,9.9555235685055127e-16,-3.1240271914695803e-14
exp4_repeat,g_p3,A_int,A,3,3,8,abc,0,0.0000000000000000e+00,2.9999999999999999e-01,1,100,5,1,2,A,2.2672593261103151e-02,2.5515632053206296e-03,2.2524307687415056e-13,1.4444001550373287e-12,3.1685940189254576e-15,2.0319016041249605e-14,3.9478105607932406e+01,-7.9029617689529389e-06,1.2566190200616528e+01,1.2566230817908798e+01,4.1633363423443370e-16,1.4142034179537570e+00,2.0338109194449252e-16,0.0000000000000000e+00,9.9999286431781953e-01,9.9999286431781953e-01,2.0570000214426374e-03,1.6838523863359043e+00,9.9998870340087642e-01,9.9998870340087642e-01,-1.1296586100797412e-05,9.9999435066094144e-01,9.9999435066094144e-01,1.2520112689999905e+01,9.4727949739997257e+00,4.8835667839998678e+00,0,0,0,0,0,coulomb,3.8814287299999251e+00,21,43,1.0014532400000462e+00,1.9688472069999534e+00,5.7594950325801737e-04,2.0338109194449252e-16,7.7493644729450259e-04,4.5860189146761966e-16,9.5917682165798162e-16,-1.0884682729926653e-14
exp4_repeat,g_p3,A_int,A,3,3,8,abc,0,0.0000000000000000e+00,2.9999999999999999e-01,1,100,5,1,5,B,3.0463622601207833e-02,3.4283620596400038e-03,2.3263408008309329e-13,1.7905676941154525e-12,3.2725665311407718e-15,2.5188707971811886e-14,3.9478659742560012e+01,6.1334323226115372e-06,1.2566300580965336e+01,1.2566383621866022e+01,8.8817841970012523e-16,1.4142106892558002e+00,1.2482341449613369e-16,1.4973692823281383e-11,1.0000069007226811e+00,1.0000054574834281e+00,2.3357742518133129e-03,1.7262064048434271e+00,9.9999748721682402e-01,9.9999769215989764e-01,-2.3078338941373897e-06,9.9999888154029892e-01,9.9999949225575924e-01,1.2520112689999905e+01,2.5237493168999208e+01,4.5451405269998304e+00,0,0,0,0,0,coulomb,3.5762427090000983e+00,22,108,9.6821420699984628e-01,4.9732549409995954e+00,6.3354874451182434e-05,1.2482341449613369e-16,8.7294132175821918e-05,1.7412187959082775e-16,1.0004661011182099e-15,2.0920960169645770e-14
exp4_repeat,g_p3,A_int,A,3,3,8,abc,0,0.0000000000000000e+00,2.9999999999999999e-01,1,100,5,1,10,A,4.8990340893430975e-02,5.5133504050568849e-03,2.2641091522947932e-13,1.3642420526593924e-12,3.1850225177682164e-15,1.9191396549951972e-14,3.9481193862573505e+01,7.0323442137328022e-05,1.2566871686516313e+01,1.2567065819922497e+01,2.7061686225238191e-16,1.4142420741759434e+00,2.0651145351064307e-16,0.0000000000000000e+00,1.0000710907817478e+00,1.0000710907817478e+00,5.3031339541840328e-03,3.6384237775895008e+00,1.0000429344916391e+00,1.0000429344916391e+00,4.2934442143920217e-05,1.0000216847794376e+00,1.0000216847794376e+00,1.2520112689999905e+01,5.0673623798999188e+01,5.0663619780002591e+00,0,0,0,0,0,coulomb,3.7796280040001875e+00,21,215,1.2861151839999820e+00,1.0603325196999549e+01,5.7642864183567698e-04,2.0651145351064307e-16,7.7723309407820833e-04,4.7882618456934213e-16,9.4855288429710134e-16,1.8375516025835200e-14
exp4_repeat,g_p3,A_int,A,3,3,8,abc,0,0.0000000000000000e+00,2.9999999999999999e-01,1,100,5,1,15,B,5.9335226898557067e-02,6.6775591124569236e-03,2.3312228362634472e-13,1.9184653865522705e-12,3.2794343063844431e-15,2.6987901398369878e-14,3.9484865981014671e+01,1.6333928887077954e-04,1.2567860849636505e+01,1.2568156193246926e+01,4.3715031594615539e-16,1.4142990100178783e+00,1.3099542309417597e-16,4.5659318378673088e-11,1.0001641066998510e+00,1.0001626632337137e+00,6.1325759053213139e-03,3.3622018643661318e+00,1.0001216498325833e+00,1.0001218548011033e+00,1.2185447330421201e-04,1.0000613338071116e+00,1.0000619445607126e+00,1.2520112689999905e+01,7.8221332177999102e+01,5.4393461580000348e+00,0,0,0,0,0,coulomb,4.3720489139998335e+00,22,323,1.0666019100001449e+00,1.6301654868999549e+01,8.4423942267949974e-05,1.3099542309417597e-16,1.1475430888071012e-04,2.0668359356615469e-16,9.9871536746843711e-16,7.2082329993314209e-15
exp4_repeat,g_p3,A_int,A,3,3,8,abc,0,0.0000000000000000e+00,2.9999999999999999e-01,1,100,5,1,20,A,7.8209778425477619e-02,8.8016924499362860e-03,2.2243111002298744e-13,1.4814816040598089e-12,3.1290368371036588e-15,2.0840657190963467e-14,3.9489666380937308e+01,2.8493483940031383e-04,1.2568975087790488e+01,1.2569471917533688e+01,4.5102810375396984e-16,1.4143610955800290e+00,2.2013977705191791e-16,0.0000000000000000e+00,1.0002857023436791e+00,1.0002857023436791e+00,8.6709671054769361e-03,5.8084984156830046e+00,1.0002103183589302e+00,1.0002103183589302e+00,2.1031811647350852e-04,1.0001058457496224e+00,1.0001058457496224e+00,1.2520112689999905e+01,1.0507724664699913e+02,5.1145056719999502e+00,0,0,0,0,0,coulomb,4.1795221259999380e+00,21,430,9.3433024000000842e-01,2.1566966965999654e+01,5.8134819685825851e-04,2.2013977705191791e-16,7.8527998347815054e-04,5.1593947467846577e-16,9.5321916270806255e-16,-1.1305845167378960e-15
exp4_repeat,g_p3,A_int,A,3,3,8,abc,0,0.0000000000000000e+00,2.9999999999999999e-01,1,100,5,1,25,B,8.8573474308809491e-02,9.9680180123680150e-03,2.3122912628705968e-13,1.4495071809506044e-12,3.2528024244842726e-15,2.0390858834323908e-14,3.9494623532703315e+01,4.1050096050694671e-04,1.2570277409229913e+01,1.2570924367374841e+01,6.2450045135165055e-16,1.4144357558097882e+00,1.3506843757075427e-16,1.8809586514298888e-11,1.0004112685611308e+00,1.0004098247382822e+00,9.5999358232384067e-03,5.0189729781197983e+00,1.0003139541233768e+00,1.0003141591313081e+00,3.1415828619509072e-04,1.0001580277721653e+00,1.0001586385848187e+00,1.2520112689999905e+01,1.3336385591499948e+02,5.6852822210000795e+00,0,0,0,0,0,coulomb,4.5247682770000210e+00,22,538,1.1598870049999732e+00,2.7340086124999516e+01,1.0888588686235702e-04,1.3506843757075427e-16,1.4634005968717356e-04,2.2104270525438762e-16,9.9754062890844421e-16,1.7945960821599971e-14
exp4_repeat,g_p3,A_int,A,3,3,8,abc,0,0.0000000000000000e+00,2.9999999999999999e-01,1,100,5,1,30,A,1.0734423834732498e-01,1.2080471153694379e-02,2.2541980240222100e-13,1.6300294447546548e-12,3.1710800951192590e-15,2.2930345389517810e-14,3.9500580913546635e+01,5.6140318012028894e-04,1.2571589370405681e+01,1.2572524080111489e+01,5.6898930012039273e-16,1.4145090713411708e+00,2.3214970426679046e-16,0.0000000000000000e+00,1.0005621708965291e+00,1.0005621708965291e+00,1.1985050822311038e-02,7.9722619207679752e+00,1.0004183569960154e+00,1.0004183569960154e+00,4.1835651373018089e-04,1.0002104805732255e+00,1.0002104805732255e+00,1.2520112689999905e+01,1.5954326720199970e+02,5.4252260229998228e+00,0,0,0,0,0,coulomb,4.4794541559999743e+00,21,645,9.4511306399999739e-01,3.2333313619999899e+01,5.8745772684181546e-04,2.3214970426679046e-16,7.9451963179217081e-04,5.4607934462513410e-16,9.5308575312565470e-16,-1.2998565491032890e-14
exp4_repeat,g_p3,A_int,A,3,3,8,abc,0,0.0000000000000000e+00,2.9999999999999999e-01,1,100,5,1,35,B,1.1816442145173432e-01,1.3298169577782761e-02,2.2442063092971028e-13,1.4370726830748026e-12,3.1570243079420601e-15,2.0215937251186326e-14,3.9506337435131769e+01,7.0721757528740149e-04,1.2573034122351409e+01,1.2574176020253571e+01,3.5735303605122226e-16,1.4145918554556358e+00,1.4312309752734335e-16,1.7897465639520336e-11,1.0007079854035776e+00,1.0007065411524987e+00,1.3019044335301735e-02,6.6957296512239006e+00,1.0005333270547110e+00,1.0005335321076014e+00,5.3353067235763880e-04,1.0002684069910768e+00,1.0002690178711406e+00,1.2520112689999905e+01,1.8800065345199937e+02,5.8446846959998311e+00,0,0,0,0,0,coulomb,4.4422803699999349e+00,22,753,1.4017861820000235e+00,3.8698869912999953e+01,1.3297184881313809e-04,1.4312309752734335e-16,1.7763836382459345e-04,2.5121326334066150e-16,9.9779188635180432e-16,3.6165180364831106e-14
exp4_repeat,g_p3,A_int,A,3,3,8,abc,0,0.0000000000000000e+00,2.9999999999999999e-01,1,100,5,1,40,A,1.3702974718487124e-01,1.5421264648678023e-02,2.2454830442955048e-13,1.7422729925442582e-12,3.1588203475521791e-15,2.4509325037304386e-14,3.9513134210166903e+01,8.7938189816502677e-04,1.2574434430292976e+01,1.2575954412104755e+01,3.6082248300317588e-16,1.4146702375465292e+00,2.4096447371596820e-16,0.0000000000000000e+00,1.0008801498585544e+00,1.0008801498585544e+00,1.5346188635289457e-02,1.0176950829533135e+01,1.0006447603611066e+00,1.0006447603611066e+00,6.4475961782173470e-04,1.0003244424635942e+00,1.0003244424635942e+00,1.2520112689999905e+01,2.1711859733399888e+02,5.5272351229998549e+00,0,0,0,0,0,coulomb,4.5803214420000131e+00,21,860,9.4623961799993594e-01,4.5224345132000053e+01,5.9451318251004502e-04,2.4096447371596820e-16,8.0493613892404633e-04,5.6862314666390751e-16,9.5543838119900832e-16,3.6725055887382061e-15
exp4_repeat,g_p3,A_int,A,3,3,8,abc,0,0.0000000000000000e+00,2.9999999999999999e-01,1,100,5,1,45,B,1.4851988672651292e-01,1.6714359661710743e-02,2.3176421542148446e-13,1.4495071809506044e-12,3.2603297600830386e-15,2.0390858834323908e-14,3.9519565645757297e+01,1.0422920647995498e-03,1.2575961796826602e+01,1.2577756190194211e+01,5.8286708792820718e-16,1.4147577864467538e+00,1.5058172952591240e-16,1.0117296561074526e-10,1.0010430601501876e+00,1.0010416154155188e+00,1.6489587763266270e-02,8.4158073736037551e+00,1.0007663046999391e+00,1.0007665098005769e+00,7.6650773860452849e-04,1.0003857380272452e+00,1.0003863489789651e+00,1.2520112689999905e+01,2.4391508851699905e+02,4.8189292050001313e+00,0,0,0,0,0,coulomb,3.8568355679999513e+00,22,968,9.4929488900015713e-01,5.0248439045000396e+01,1.5654237321111543e-04,1.5058172952591240e-16,2.0866546982894018e-04,2.6890820200880323e-16,9.9350570863677739e-16,8.3325713790388647e-15
exp4_repeat,g_p3,A_int,A,3,3,8,abc,0,0.0000000000000000e+00,2.9999999999999999e-01,1,100,5,1,50,A,1.6768068484481258e-01,1.8870707058772997e-02,2.2655996395841345e-13,1.6169288130640780e-12,3.1871192521832457e-15,2.2746053007283570e-14,3.9527116942236646e+01,1.2335686391300130e-03,1.2577406865144303e+01,1.2579677900967376e+01,7.3552275381416621e-16,1.4148387768606308e+00,2.4765245517281772e-16,0.0000000000000000e+00,1.0012343368712819e+00,1.0012343368712819e+00,1.8809000396402192e-02,1.2453340386199759e+01,1.0008812999347934e+00,1.0008812999347934e+00,8.8129891882387840e-04,1.0004436179370984e+00,1.0004436179370984e+00,1.2520112689999905e+01,2.7018933920999916e+02,4.7370067820002077e+00,0,0,0,0,0,coulomb,3.9266175069999463e+00,21,1075,8.0968922400006704e-01,5.5027749299000334e+01,6.0239491173533775e-04,2.4765245517281772e-16,8.1653891441504987e-04,5.8996914782885911e-16,9.5503582196412816e-16,-3.5302101158790488e-15
exp4_repeat,g_p3,A_int,A,3,3,8,abc,0,0.0000000000000000e+00,2.9999999999999999e-01,1,100,5,1,55,B,1.7996543588091429e-01,2.0253227283489255e-02,2.2826951537116735e-13,1.5916157281026244e-12,3.2111682682802954e-15,2.2389962641610567e-14,3.9534225067860625e+01,1.4136195645550172e-03,1.2578994191309503e+01,1.2581618520333356e+01,4.7184478546569153e-16,1.4149298216366768e+00,1.5821008722573810e-16,9.6785646926171620e-12,1.0014143879348574e+00,1.0014129426642775e+00,2.0065412153183717e-02,1.0197654170510775e+01,1.0010076157241035e+00,1.0010078208741964e+00,1.0078181630781187e-03,1.0005073853877238e+00,1.0005079964137356e+00,1.2520112689999905e+01,2.9618362056399860e+02,5.1886346310000135e+00,0,0,0,0,0,coulomb,4.2398453819998849e+00,22,1183,9.4813170099996569e-01,5.9641611946000012e+01,1.7983585458687673e-04,1.5821008722573810e-16,2.3980274368992294e-04,2.9344611283623586e-16,9.9393744733073372e-16,2.2731053437851620e-14
exp4_repeat,g_p3,A_int,A,3,3,8,abc,0,0.0000000000000000e+00,2.9999999999999999e-01,1,100,5,1,60,A,1.9959144042132040e-01,2.2461928797076956e-02,2.2322744778666988e-13,1.7905676941154525e-12,3.1402392727570240e-15,2.5188707971811962e-14,3.9542548298649798e+01,1.6244494633768669e-03,1.2580466854884397e+01,1.2583677706677086e+01,5.6898930012039273e-16,1.4150124528326546e+00,2.5489250954475722e-16,0.0000000000000000e+00,1.0016252179954459e+00,1.0016252179954459e+00,2.2409729295969502e-02,1.4823294334937868e+01,1.0011248069264722e+00,1.0011248069264722e+00,1.1248056297860304e-03,1.0005664255817868e+00,1.0005664255817868e+00,1.2520112689999905e+01,3.2186356386599846e+02,5.6839265359999445e+00,0,0,0,0,0,coulomb,4.7103337629998805e+00,21,1290,9.7297411299996384e-01,6.3910925276999706e+01,6.1104411833918582e-04,2.5489250954475722e-16,8.2935146117936172e-04,6.0981898202515218e-16,9.6059489245481622e-16,2.5409433440790586e-15
exp4_repeat,g_p3,A_int,A,3,3,8,abc,0,0.0000000000000000e+00,2.9999999999999999e-01,1,100,5,1,65,B,2.1277151987042348e-01,2.3945208869111227e-02,2.2739029251573017e-13,1.8856027850233659e-12,3.1987998513695401e-15,2.6525608642934837e-14,3.9550397101599550e+01,1.8232619646379555e-03,1.2582107229281208e+01,1.2585763960784421e+01,3.8857805861880479e-16,1.4151066131093566e+00,1.7020616308187101e-16,1.8325696489928360e-12,1.0018240306492530e+00,1.0018225847874649e+00,2.3784282554176996e-02,1.2056595014213221e+01,1.0012553441728429e+00,1.0012555493737063e+00,1.2555459961784826e-03,1.0006323959510641e+00,1.0006330070534220e+00,1.2520112689999905e+01,3.4677253177699754e+02,4.6938746029998129e+00,0,0,0,0,0,coulomb,3.7323296089998621e+00,22,1398,9.6087253999985478e-01,6.8478742962999377e+01,2.0311288384679757e-04,1.7020616308187101e-16,2.7140907993641585e-04,3.2880382859344768e-16,9.8784091152796414e-16,-1.1714633509676174e-14
exp4_repeat,g_p3,A_int,A,3,3,8,abc,0,0.0000000000000000e+00,2.9999999999999999e-01,1,100,5,1,70,A,2.3301587102662424e-01,2.6223498826103996e-02,2.2660900484094593e-13,1.6697754290362354e-12,3.1878091319754759e-15,2.3489469735618298e-14,3.9559567686979534e+01,2.0555556059862227e-03,1.2583602635418885e+01,1.2587970203819069e+01,8.6042284408449632e-16,1.4151906154081537e+00,2.6187138289146315e-16,0.0000000000000000e+00,1.0020563244688367e+00,1.0020563244688367e+00,2.6178426634541365e-02,1.7305666183120589e+01,1.0013743451763928e+00,1.0013743451763928e+00,1.3743435920370009e-03,1.0006924057390516e+00,1.0006924057390516e+00,1.2520112689999905e+01,3.7135113928399733e+02,5.2932026699995731e+00,0,0,0,0,0,coulomb,4.3621714309997515e+00,21,1505,9.3035618199974124e-01,7.3343583450999176e+01,6.2045238655578084e-04,2.6187138289146315e-16,8.4343182234577607e-04,6.2868908544659588e-16,9.6068141224841392e-16,-2.0179499440304905e-14
exp4_repeat,g_p3,A_int,A,3,3,8,abc,0,0.0000000000000000e+00,2.9999999999999999e-01,1,100,5,1,75,B,2.4719474979153436e-01,2.7819183313211711e-02,2.2904795966548247e-13,1.6155965454345278e-12,3.2221189885832845e-15,2.2727311409090189e-14,3.9568261904293671e+01,2.2757827032642312e-03,1.2585296540683103e+01,1.2590219109288681e+01,8.0491169285323849e-16,1.4152879323264087e+00,1.8157461283087907e-16,1.7388887299057155e-11,1.0022765517350920e+00,1.0022751052202121e+00,2.7678765176709065e-02,1.4007170648079677e+01,1.0015091422868780e+00,1.0015093475397556e+00,1.5093434794906189e-03,1.0007606081160769e+00,1.0007612192967361e+00,1.2520112689999905e+01,3.9664786080099793e+02,5.1827707530005682e+00,0,0,0,0,0,coulomb,4.0980759130002298e+00,22,1613,1.0840810630002125e+00,7.8122464062998915e+01,2.2662569876532744e-04,1.8157461283087907e-16,3.0381326612882265e-04,3.6754379526661182e-16,9.9000770002193458e-16,1.6225375057411912e-14
exp4_repeat,g_p3,A_int,A,3,3,8,abc,0,0.0000000000000000e+00,2.9999999999999999e-01,1,100,5,1,80,A,2.6820670674801056e-01,3.0183859273500091e-02,2.2319928905771033e-13,1.4210854715202004e-12,3.1398431514582034e-15,1.9991038072866635e-14,3.9578396776704274e+01,2.5325020204408281e-03,1.2586816006675035e+01,1.2592591721818101e+01,4.8572257327350599e-16,1.4153733890129139e+00,2.6404883118619899e-16,0.0000000000000000e+00,1.0025332712492456e+00,1.0025332712492456e+00,3.0144336833609592e-02,1.9919225736022302e+01,1.0016300579186548e+00,1.0016300579186548e+00,1.6300560395111484e-03,1.0008216463913437e+00,1.0008216463913437e+00,1.2520112689999905e+01,4.2327728499199839e+02,5.4696287159999883e+00,0,0,0,0,0,coulomb,4.5825710869999057e+00,21,1720,8.7428641699989385e-01,8.2764481660999081e+01,6.3065607385094961e-04,2.6404883118619899e-16,8.5888129726167885e-04,6.3976368899676259e-16,9.5405543732748933e-16,5.6425435635573078e-16
exp4_repeat,g_p3,A_int,A,3,3,8,abc,0,0.0000000000000000e+00,2.9999999999999999e-01,1,100,5,1,85,B,2.8350311537808698e-01,3.1905310057033058e-02,2.2979288678806989e-13,1.7337242752546445e-12,3.2325982080022445e-15,2.4389066448897223e-14,3.9588076211715716e+01,2.7776849735279300e-03,1.2588567653054708e+01,1.2595027797547141e+01,5.9674487573602164e-16,1.4154741212241508e+00,1.9473825761419965e-16,1.0426106390304782e-10,1.0027784543904581e+00,1.0027770071512176e+00,3.1781090650613471e-02,1.6064566580447181e+01,1.0017694499351739e+00,1.0017696552413997e+00,1.7696504808863529e-03,1.0008922636684723e+00,1.0008928749295356e+00,1.2520112689999905e+01,4.4922125905299708e+02,5.2985977559997082e+00,0,0,0,0,0,coulomb,4.3985010369997326e+00,22,1828,8.9950419300021167e-01,8.7386575308998545e+01,2.5062457004860247e-04,1.9473825761419965e-16,3.3733656926498751e-04,4.0959597416373361e-16,1.0053954768450711e-15,2.0027161582911080e-14
exp4_repeat,g_p3,A_int,A,3,3,8,abc,0,0.0000000000000000e+00,2.9999999999999999e-01,1,100,5,1,90,A,3.0543812739954762e-01,3.4373866209286064e-02,2.2311880437554023e-13,1.5063505998114124e-12,3.1387109378244773e-15,2.1190500357238634e-14,3.9599329724580869e+01,3.0627397844358237e-03,1.2590115789823962e+01,1.2597593736967113e+01,7.3552275381416621e-16,1.4155613075218845e+00,2.6720531989591465e-16,0.0000000000000000e+00,1.0030635094200844e+00,1.0030635094200844e+00,3.4338790704367517e-02,2.2684335831227887e+01,1.0018926471218992e+00,1.0018926471218992e+00,1.8926449400408383e-03,1.0009545250458356e+00,1.0009545250458356e+00,1.2520112689999905e+01,4.7571552996299715e+02,5.0907940580000286e+00,0,0,0,0,0,coulomb,4.1398195850001684e+00,21,1935,9.5033461599996372e-01,9.2329706091999014e+01,6.4173273055448898e-04,2.6720531989591465e-16,8.7584826916231411e-04,6.4724648953860271e-16,9.5824430509266668e-16,2.4394310672539156e-14
exp4_repeat,g_p3,A_int,A,3,3,8,abc,0,0.0000000000000000e+00,2.9999999999999999e-01,1,100,5,1,95,B,3.2199454232338104e-01,3.6237117520910286e-02,2.3474639459222746e-13,1.4779288903810084e-12,3.3022813939130982e-15,2.0790679595781238e-14,3.9610171574768984e+01,3.3373670579189942e-03,1.2591931440827350e+01,1.2600248551484595e+01,1.0408340855860843e-15,1.4156658392306649e+00,2.1265263224649177e-16,2.5219632999393882e-12,1.0033381369042851e+00,1.0033366888572945e+00,3.6126045775308493e-02,1.8245664626281531e+01,1.0020371324801280e+00,1.0020373378412137e+00,2.0373323606129139e-03,1.0010278288947443e+00,1.0010284402385994e+00,1.2520112689999905e+01,5.0258406793299719e+02,5.1562721029999921e+00,0,0,0,0,0,coulomb,4.2634384120001414e+00,22,2043,8.8017394799999238e-01,9.7258948371998940e+01,2.7536558147010342e-04,2.1265263224649177e-16,3.7230854769916062e-04,4.5338876346458952e-16,9.9245859632925293e-16,-3.8064035914662154e-15
exp4_repeat,g_p3,A_int,A,3,3,8,abc,0,0.0000000000000000e+00,2.9999999999999999e-01,1,100,5,1,100,A,3.4502346137022311e-01,3.8828781466077031e-02,2.2394859185944149e-13,1.4073187060148484e-12,3.1503839254916534e-15,1.9797374891535741e-14,3.9622738670724445e+01,3.6556953172075337e-03,1.2593514801804654e+01,1.2603042251657955e+01,3.4694469519536142e-16,1.4157551475415948e+00,2.6932542949812740e-16,0.0000000000000000e+00,1.0036564654078224e+00,1.0036564654078224e+00,3.8797350326760231e-02,2.5624266799988298e+01,1.0021631327288456e+00,1.0021631327288456e+00,2.1631302351691898e-03,1.0010915908471067e+00,1.0010915908471067e+00,1.2520112689999905e+01,5.2823267849099693e+02,4.9292516730001807e+00,0,0,0,0,0,coulomb,4.0404315069999939e+00,21,2150,8.8815959700013991e-01,1.0211347047799882e+02,6.5379931769164420e-04,2.6932542949812740e-16,8.9453088198057618e-04,6.5653208404498355e-16,9.5764805803816155e-16,1.4517501219300608e-14
exp4_repeat,g_p3,A_l2,A,3,3,8,abc,0,0.0000000000000000e+00,2.9999999999999999e-01,1,100,0,1,0,A,1.3464715461453933e-02,1.5153128777949955e-03,2.2709910013873703e-13,1.7674750552032492e-12,3.1947035193672450e-15,2.4863853603127879e-14,3.9478387313157270e+01,-7.6728506357789540e-07,1.2566332157433365e+01,1.2566346644016324e+01,7.4940054162198066e-16,1.4142114073134975e+00,2.7932756189736299e-15,0.0000000000000000e+00,1.0000000000000000e+00,1.0000000000000000e+00,0.0000000000000000e+00,1.0000000000000000e+00,1.0000000000000000e+00,1.0000000000000000e+00,0.0000000000000000e+00,1.0000000000000000e+00,1.0000000000000000e+00,7.0468526519998704e+00,0.0000000000000000e+00,0.0000000000000000e+00,0,0,0,0,0,coulomb,0.0000000000000000e+00,0,0,0.0000000000000000e+00,0.0000000000000000e+00,nan,nan,nan,nan,nan,nan
exp4_repeat,g_p3,A_l2,A,3,3,8,abc,0,0.0000000000000000e+00,2.9999999999999999e-01,1,100,0,1,1,B,3.8915610017970968e-02,4.3795448315483120e-03,2.2884317656544282e-13,1.6484591469634324e-12,3.2192382141108013e-15,2.3189604164525230e-14,3.9478980420138264e+01,1.4256290271614283e-05,1.2566309552787038e+01,1.2566437744521831e+01,4.7184478546569153e-16,1.4142110365050957e+00,1.2064922904895944e-16,1.4968517360860723e-11,1.0000150235868626e+00,1.0000135803358863e+00,0.0000000000000000e+00,2.2051341739884567e+00,9.9999820117389515e-01,9.9999840611711499e-01,-1.5938785973203028e-06,9.9999912708285477e-01,9.9999973779846507e-01,7.0468526519998704e+00,5.9905541560001438e+00,5.9905541560001438e+00,34,0,34,0,0,coulomb,5.1403398440002093e+00,22,22,8.4955552499968690e-01,8.4955552499968690e-01,2.4193758657611630e-06,1.2064922904895944e-16,3.0851837569115608e-06,1.5755396232151812e-16,1.0029571972290408e-15,-1.1874007379216144e-14
exp4_repeat,g_p3,A_l2,A,3,3,8,abc,0,0.0000000000000000e+00,2.9999999999999999e-01,1,100,0,1,2,A,3.2136995332964727e-02,3.6166826563166533e-03,2.2343600530150371e-13,1.6555645743210334e-12,3.1431731435923692e-15,2.3289559354889631e-14,3.9478755242586459e+01,8.5524762519794159e-06,1.2566314872405284e+01,1.2566396449196924e+01,3.3306690738754696e-16,1.4142104223262433e+00,1.4740315564749115e-16,0.0000000000000000e+00,1.0000093197684665e+00,1.0000093197684665e+00,3.2864056006145460e-03,2.3867563651801480e+00,9.9999862449696031e-01,9.9999862449696031e-01,-1.3755014540426934e-06,9.9999930350777178e-01,9.9999930350777178e-01,7.0468526519998704e+00,1.1244854252999630e+01,5.2543000969994864e+00,15,0,49,0,0,coulomb,4.3884043899997778e+00,21,43,8.6530267299986008e-01,1.7148581979995470e+00,4.2746463630361723e-04,1.4740315564749115e-16,5.8457656785988537e-04,2.9012554872908001e-16,9.5294965163782404e-16,1.0036394646435702e-14
exp4_repeat,g_p3,A_l2,A,3,3,8,abc,0,0.0000000000000000e+00,2.9999999999999999e-01,1,100,0,1,5,B,6.6462998304403068e-02,7.4797152242720840e-03,2.3094053092170681e-13,1.5916157281026244e-12,3.2487426257937336e-15,2.2389962641610567e-14,3.9480306103701899e+01,4.7836247222299436e-05,1.2566273860055107e+01,1.2566629772995055e+01,8.7430063189231078e-16,1.4142089031477907e+00,1.1768521756277920e-16,2.3947720720951507e-11,1.0000486035695786e+00,1.0000471602701388e+00,4.1660953732910932e-03,3.7660935752798355e+00,9.9999536082784313e-01,9.9999556577048099e-01,-4.4342175906287554e-06,9.9999761857006020e-01,9.9999822928474924e-01,7.0468526519998704e+00,2.8736233702999471e+01,6.0381611569996494e+00,34,0,133,0,0,coulomb,5.1743407019998813e+00,22,108,8.6316301299984843e-01,4.3261545809991730e+00,2.1636900127168681e-05,1.1768521756277920e-16,2.7620029152359915e-05,1.5508459589954562e-16,9.8987614965854385e-16,4.5233622590902412e-15
exp4_repeat,g_p3,A_l2,A,3,3,8,abc,0,0.0000000000000000e+00,2.9999999999999999e-01,1,100,0,1,10,A,8.1981930306717438e-02,9.2262086856491569e-03,2.2469933273545185e-13,1.3096190798478347e-12,3.1609449295522504e-15,1.8422991024026160e-14,3.9481219158246908e+01,7.0964189029884431e-05,1.2566202219720914e+01,1.2566732526213752e+01,3.7470027081099033e-16,1.4142041137327241e+00,2.9051254841183929e-16,0.0000000000000000e+00,1.0000717315291321e+00,1.0000717315291321e+00,9.1052644549587166e-03,6.0886492953683966e+00,9.9998965985374066e-01,9.9998965985374066e-01,-1.0340134339119081e-05,9.9999484265171701e-01,9.9999484265171701e-01,7.0468526519998704e+00,5.8386941344000206e+01,5.7509864350004136e+00,16,0,249,0,0,coulomb,4.7770982400002140e+00,20,213,9.7317522800040024e-01,9.0464184510001360e+00,3.9170305753126721e-04,2.9051254841183929e-16,5.3621223492982017e-04,7.0846941660460467e-16,9.6246075812900665e-16,-8.0571719878964633e-15
exp4_repeat,g_p3,A_l2,A,3,3,8,abc,0,0.0000000000000000e+00,2.9999999999999999e-01,1,100,0,1,15,B,1.0592712872909556e-01,1.1920990289809962e-02,2.2758236274619329e-13,1.3073986337985843e-12,3.2015017882810087e-15,1.8391755027037249e-14,3.9483188756988859e+01,1.2085470798861856e-04,1.2566119646145173e+01,1.2567011768695901e+01,3.7470027081099033e-16,1.4142002637887483e+00,1.1942522544997989e-16,2.0786540198756946e-12,1.0001216220863709e+00,1.0001201786815488e+00,9.3562490510381551e-03,6.0023093921728519e+00,9.9998308883725739e-01,9.9998329377738016e-01,-1.6706177678814599e-05,9.9999150961511785e-01,9.9999212032607598e-01,7.0468526519998704e+00,8.8536615835000703e+01,6.1031880880000244e+00,34,0,383,0,0,coulomb,5.1636976670001786e+00,22,320,9.3889685800013467e-01,1.3619839029000559e+01,4.1233164434527433e-05,1.1942522544997989e-16,5.2202606955605126e-05,1.5917455761021858e-16,9.9318955204860487e-16,1.3852375825545410e-14
exp4_repeat,g_p3,A_l2,A,3,3,8,abc,0,0.0000000000000000e+00,2.9999999999999999e-01,1,100,0,1,20,A,1.1526975809557176e-01,1.2972405496615880e-02,2.2473251759280026e-13,1.4743761767022079e-12,3.1614117556228774e-15,2.0740702000599135e-14,3.9483958219533321e+01,1.4034542193193755e-04,1.2566037642447515e+01,1.2567089358015838e+01,5.7592819402429996e-16,1.4141952150228281e+00,1.3890580852548882e-16,0.0000000000000000e+00,1.0001411128152693e+00,1.0001411128152693e+00,1.2889337961472376e-02,8.5608759000930874e+00,9.9997656317036987e-01,9.9997656317036987e-01,-2.3436802611998365e-05,9.9998855030401701e-01,9.9998855030401701e-01,7.0468526519998704e+00,1.1928101586000139e+02,5.4642794290002712e+00,16,0,499,0,0,coulomb,4.4764721550000104e+00,21,427,9.7503437300019868e-01,1.8632303661000606e+01,3.7435169390203629e-04,1.3890580852548882e-16,5.1237737671094830e-04,2.6163163445078387e-16,9.6373555504927636e-16,3.6609619610856228e-14
exp4_repeat,g_p3,A_l2,A,3,3,8,abc,0,0.0000000000000000e+00,2.9999999999999999e-01,1,100,0,1,25,B,1.3195964704044383e-01,1.4850677913105672e-02,2.2558210406400826e-13,1.5099033134902129e-12,3.1733632644043506e-15,2.1240477952420737e-14,3.9485745046433308e+01,1.8560627604961722e-04,1.2565954727250052e+01,1.2567340328559435e+01,4.9960036108132044e-16,1.4141914582468071e+00,1.2060116286837728e-16,1.9917626939439010e-11,1.0001863737041150e+00,1.0001849302058412e+00,1.2634243292958655e-02,7.4774294207892611e+00,9.9996996496841051e-01,9.9997016990584353e-01,-2.9830013911177329e-05,9.9998528315101365e-01,9.9998589385816916e-01,7.0468526519998704e+00,1.4968502009800113e+02,6.3175294209995627e+00,34,0,633,0,0,coulomb,5.2661868759996651e+00,22,535,1.0506963609996092e+00,2.3561575299000197e+01,5.1136014695507648e-05,1.2060116286837728e-16,6.5017194967143346e-05,1.6114673573762716e-16,9.9245775958889300e-16,-2.4735738677464072e-14
exp4_repeat,g_p3,A_l2,A,3,3,8,abc,0,0.0000000000000000e+00,2.9999999999999999e-01,1,100,0,1,30,A,1.3939880178446903e-01,1.5687876962413642e-02,2.2560552945676382e-13,1.8545165403338615e-12,3.1736927997685825e-15,2.6088304685090959e-14,3.9486510724136444e+01,2.0500111884218206e-04,1.2565877443700137e+01,1.2567421617676404e+01,5.6898930012039273e-16,1.4141868942828801e+00,1.4099247387486297e-16,0.0000000000000000e+00,1.0002057685617889e+00,1.0002057685617889e+00,1.5621079241720993e-02,1.0352896218530013e+01,9.9996381492009512e-01,9.9996381492009512e-01,-3.6185038190474634e-05,9.9998266664340951e-01,9.9998266664340951e-01,7.0468526519998704e+00,1.7741601902400180e+02,5.4430692549999549e+00,16,0,749,0,0,coulomb,4.4956510469996829e+00,21,642,9.4673253800010571e-01,2.7915227048000361e+01,3.6451085594236448e-04,1.4099247387486297e-16,4.9855805239512575e-04,2.6989979752920540e-16,9.6175319659078980e-16,-1.9081729793990448e-14
exp4_repeat,g_p3,A_l2,A,3,3,8,abc,0,0.0000000000000000e+00,2.9999999999999999e-01,1,100,0,1,35,B,1.5316318272799109e-01,1.7236914055570478e-02,2.3160891490118020e-13,1.6484591469634324e-12,3.2581450789527635e-15,2.3189604164525230e-14,3.9488257603396349e+01,2.4925008741563058e-04,1.2565796493340644e+01,1.2567667967227580e+01,8.4654505627668186e-16,1.4141833341884220e+00,1.1882190388460879e-16,1.2376254752665150e-11,1.0002500175643139e+00,1.0002485739741875e+00,1.5241322812657027e-02,8.6789174902915089e+00,9.9995737307545185e-01,9.9995757801030427e-01,-4.2421875577168467e-05,9.9997953856899313e-01,9.9998014927264034e-01,7.0468526519998704e+00,1.9938074400700225e+02,6.1926686220003830e+00,34,0,883,0,0,coulomb,5.2719916740002191e+00,22,750,9.2006535400014400e-01,3.1656850701000167e+01,5.7982527069162120e-05,1.1882190388460879e-16,7.3994746107775616e-05,1.6151049798230482e-16,9.9570723760718496e-16,4.0141523656108638e-14
exp4_repeat,g_p3,A_l2,A,3,3,8,abc,0,0.0000000000000000e+00,2.9999999999999999e-01,1,100,0,1,40,A,1.5963419611801610e-01,1.7965158922709352e-02,2.2492205655894945e-13,1.5631940186722204e-12,3.1640780841193097e-15,2.1990141880153300e-14,3.9489044370792499e+01,2.6917913837290784e-04,1.2565724083745861e+01,1.2567756425073480e+01,5.4123372450476381e-16,1.4141791999102227e+00,1.3897862766030918e-16,0.0000000000000000e+00,1.0002699466305625e+00,1.0002699466305625e+00,1.7908188822452431e-02,1.1855742260206563e+01,9.9995161088534934e-01,9.9995161088534934e-01,-4.8389058867269336e-05,9.9997722589203553e-01,9.9997722589203553e-01,7.0468526519998704e+00,2.2631369679300224e+02,5.0125541159995919e+00,16,0,999,0,0,coulomb,4.0159613539999555e+00,21,857,9.9600242199994682e-01,3.6151792005000516e+01,3.5749138087466648e-04,1.3897862766030918e-16,4.8854620590310237e-04,2.6336385775979191e-16,9.5410737497510623e-16,-1.0176651491948746e-14
exp4_repeat,g_p3,A_l2,A,3,3,8,abc,0,0.0000000000000000e+00,2.9999999999999999e-01,1,100,0,1,45,B,1.7182217471149230e-01,1.9336788421294344e-02,2.3022233525846407e-13,1.6484591469634324e-12,3.2386394496404410e-15,2.3189604164525230e-14,3.9490805204628451e+01,3.1378158048694834e-04,1.2565644802247547e+01,1.2568006372231133e+01,1.2767564783189300e-15,1.4141757960546255e+00,1.1965490828358341e-16,6.6623596578702799e-12,1.0003145491068994e+00,1.0003131054236392e+00,1.7499826314801101e-02,9.7362202244898022e+00,9.9994530184486563e-01,9.9994550677724414e-01,-5.4493076164804486e-05,9.9997420829860084e-01,9.9997481899899276e-01,7.0468526519998704e+00,2.5417523393400279e+02,5.5471653010004047e+00,34,0,1133,0,0,coulomb,4.5510513340000216e+00,22,965,9.9544873700006065e-01,4.0862964270000703e+01,6.3337906505777812e-05,1.1965490828358341e-16,8.1042098897998448e-05,1.6222786061992495e-16,1.0012284293937152e-15,9.0457335858348978e-15
exp4_repeat,g_p3,A_l2,A,3,3,8,abc,0,0.0000000000000000e+00,2.9999999999999999e-01,1,100,0,1,50,A,1.7766927963772830e-01,1.9994818917216002e-02,2.2479694819673901e-13,1.3636314299958485e-12,3.1623181294351575e-15,1.9182806650780036e-14,3.9491615304074138e+01,3.3430163916319471e-04,1.2565576125286297e+01,1.2568101470299611e+01,5.8286708792820718e-16,1.4141719918483946e+00,1.4136883271771290e-16,0.0000000000000000e+00,1.0003350691813204e+00,1.0003350691813204e+00,1.9944672394969255e-02,1.3195175207849763e+01,9.9993983668921083e-01,9.9993983668921083e-01,-6.0163241432472728e-05,9.9997212901487076e-01,9.9997212901487076e-01,7.0468526519998704e+00,2.8265309036900271e+02,5.5170912950002275e+00,16,0,1249,0,0,coulomb,4.7471618340000532e+00,21,1072,7.6931145100024878e-01,4.5213033482000810e+01,3.5188257925078490e-04,1.4136883271771290e-16,4.8046770012437362e-04,2.6854571398599526e-16,9.5370126705248992e-16,8.6216486199071229e-15
exp4_repeat,g_p3,A_l2,A,3,3,8,abc,0,0.0000000000000000e+00,2.9999999999999999e-01,1,100,0,1,55,B,1.8882958839782182e-01,2.1250794925973877e-02,2.2650976468583449e-13,1.5877299475164364e-12,3.1864130768057041e-15,2.2335299646880072e-14,3.9493406665687012e+01,3.7967735890014846e-04,1.2565498025948152e+01,1.2568357274186928e+01,3.6082248300317588e-16,1.4141687017140212e+00,1.2121660780904040e-16,2.9755247373406530e-11,1.0003804449358735e+00,1.0003790011575104e+00,1.9535521057732302e-02,1.0699937075223101e+01,9.9993362172233213e-01,9.9993382665231678e-01,-6.6173169671599529e-05,9.9996919183767075e-01,9.9996980253499901e-01,7.0468526519998704e+00,3.1047420147100274e+02,5.5057336959998793e+00,34,0,1383,0,0,coulomb,4.6218290619999607e+00,22,1180,8.8334497599998940e-01,4.9572934521001116e+01,6.7799376894460037e-05,1.2121660780904040e-16,8.6918848996478734e-05,1.6280860275459796e-16,9.9564675124248404e-16,5.7947612843467696e-15
exp4_repeat,g_p3,A_l2,A,3,3,8,abc,0,0.0000000000000000e+00,2.9999999999999999e-01,1,100,0,1,60,A,1.9421996469859173e-01,2.1857425392700150e-02,2.2171269843231865e-13,1.6067425168131422e-12,3.1189306234037292e-15,2.2602757871097201e-14,3.9494237478673419e+01,4.0072209769221028e-04,1.2565432136241061e+01,1.2568457933081765e+01,2.9143354396410359e-16,1.4141651530274899e+00,1.4316683113354864e-16,0.0000000000000000e+00,1.0004014896908129e+00,1.0004014896908129e+00,2.1812383329055926e-02,1.4424364573807317e+01,9.9992837836999460e-01,9.9992837836999460e-01,-7.1621547439409435e-05,9.9996729323086464e-01,9.9996729323086464e-01,7.0468526519998704e+00,3.3376779003000320e+02,5.1891684249999344e+00,16,0,1499,0,0,coulomb,4.2262987170001907e+00,21,1287,9.6222008299992012e-01,5.3424197488001482e+01,3.4712707003782572e-04,1.4316683113354864e-16,4.7358036798315461e-04,2.7752230918085374e-16,9.6411251396507281e-16,-3.1517592124183707e-14
exp4_repeat,g_p3,A_l2,A,3,3,8,abc,0,0.0000000000000000e+00,2.9999999999999999e-01,1,100,0,1,65,B,2.0462321708602368e-01,2.3028202625888280e-02,2.2602841475333623e-13,1.4539480730491050e-12,3.1796417143368088e-15,2.0453330828301616e-14,3.9496062015521332e+01,4.4693815594960747e-04,1.2565354824882494e+01,1.2568719731115944e+01,4.9960036108132044e-16,1.4141619447279088e+00,1.2102753477393183e-16,3.9231422878400227e-11,1.0004477057845311e+00,1.0004462619090952e+00,2.1410278870092666e-02,1.1594875387523885e+01,9.9992222610873027e-01,9.9992243103637957e-01,-7.7568754953737438e-05,9.9996441392260738e-01,9.9996502461701775e-01,7.0468526519998704e+00,3.6291326587800177e+02,6.2455032009997922e+00,34,0,1633,0,0,coulomb,5.1965908170000148e+00,22,1395,1.0362377019996529e+00,5.8038722510000753e+01,7.1654834610337535e-05,1.2102753477393183e-16,9.2002017492847792e-05,1.6502000259042374e-16,1.0059347517062912e-15,-1.4133156517801234e-16
exp4_repeat,g_p3,A_l2,A,3,3,8,abc,0,0.0000000000000000e+00,2.9999999999999999e-01,1,100,0,1,70,A,2.0965442060941866e-01,2.3594411953640790e-02,2.2479610589821768e-13,1.5347723092418164e-12,3.1623062804491910e-15,2.1590321118695967e-14,3.9496910217203691e+01,4.6842335555562204e-04,1.2565291043278100e+01,1.2568824955685665e+01,3.6082248300317588e-16,1.4141585991354861e+00,1.4176435524394194e-16,0.0000000000000000e+00,1.0004691910006225e+00,1.0004691910006225e+00,2.3553371164144465e-02,1.5570653624995355e+01,9.9991715051438856e-01,9.9991715051438856e-01,-8.2849390101877876e-05,9.9996265892232361e-01,9.9996265892232361e-01,7.0468526519998704e+00,3.9187763037400191e+02,5.2837525700001606e+00,16,0,1749,0,0,coulomb,4.3972209710000243e+00,21,1502,8.8582869699985167e-01,6.2538067661000696e+01,3.4295889446639015e-04,1.4176435524394194e-16,4.6752859526458365e-04,2.6818116315454525e-16,9.5786941032076192e-16,2.7700751955605046e-14
exp4_repeat,g_p3,A_l2,A,3,3,8,abc,0,0.0000000000000000e+00,2.9999999999999999e-01,1,100,0,1,75,B,2.1945557248196371e-01,2.4697429072139006e-02,2.2800458289334106e-13,1.6484591469634324e-12,3.2074413458979995e-15,2.3189604164525230e-14,3.9498765521126010e+01,5.1541875291203666e-04,1.2565214231929909e+01,1.2569092161464614e+01,2.6367796834847468e-16,1.4141554498597757e+00,1.2091201894997893e-16,8.6833795544811407e-11,1.0005161864340377e+00,1.0005147424597687e+00,2.3159761835465337e-02,1.2435343614778333e+01,9.9991103804280757e-01,9.9991124296816392e-01,-8.8756793072639965e-05,9.9995982135311390e-01,9.9996043204471952e-01,7.0468526519998704e+00,4.2300145631500254e+02,5.8349368039998808e+00,34,0,1883,0,0,coulomb,4.7060807759999079e+00,22,1610,1.1161006160000397e+00,6.7640674666000905e+01,7.5065046279640670e-05,1.2091201894997893e-16,9.6504683744884153e-05,1.6423497512434785e-16,9.9464253215364339e-16,1.5969993643051729e-14
exp4_repeat,g_p3,A_l2,A,3,3,8,abc,0,0.0000000000000000e+00,2.9999999999999999e-01,1,100,0,1,80,A,2.2419175410978262e-01,2.5230436771615176e-02,2.2549118118940438e-13,1.6675549829869851e-12,3.1720842120993952e-15,2.3458233738629444e-14,3.9499628050822004e+01,5.3726688534321671e-04,1.2565152070395960e+01,1.2569201129698456e+01,3.8857805861880479e-16,1.4141522696850015e+00,1.3997999246999495e-16,0.0000000000000000e+00,1.0005380345832326e+00,1.0005380345832326e+00,2.5192636030914411e-02,1.6650315021627215e+01,9.9990609136997011e-01,9.9990609136997011e-01,-9.3908521771241592e-05,9.9995818331814457e-01,9.9995818331814457e-01,7.0468526519998704e+00,4.5441135886700431e+02,6.2068765000003623e+00,16,0,1999,0,0,coulomb,5.2876945200000591e+00,21,1717,9.1856732800033569e-01,7.2643607132001762e+01,3.3923102477614533e-04,1.3997999246999495e-16,4.6211388750330614e-04,2.6944722985435747e-16,9.5496671806756650e-16,2.6145335475907874e-14
exp4_repeat,g_p3,A_l2,A,3,3,8,abc,0,0.0000000000000000e+00,2.9999999999999999e-01,1,100,0,1,85,B,2.3349033835803865e-01,2.6276895161098424e-02,2.2828697788553233e-13,2.2026824808563106e-12,3.2114139211959813e-15,3.0986109012943190e-14,3.9501510077267369e+01,5.8493917211586185e-04,1.2565075555411530e+01,1.2569472954956559e+01,5.4123372450476381e-16,1.4141491631993601e+00,1.2120604028372083e-16,1.0170563485128457e-10,1.0005857069065835e+00,1.0005842628319805e+00,2.4806933293658684e-02,1.3230616818589555e+01,9.9990000248234001e-01,9.9990020740543462e-01,-9.9792326115328924e-05,9.9995537600884377e-01,9.9995598669773456e-01,7.0468526519998704e+00,4.8351854677300389e+02,6.1439753599997857e+00,34,0,2133,0,0,coulomb,5.2707114089998868e+00,22,1825,8.7262518500028818e-01,7.7426538541002628e+01,7.8129620306330685e-05,1.2120604028372083e-16,1.0055873210768392e-04,1.6398250802801613e-16,1.0029927321375216e-15,8.4793857472845474e-16
exp4_repeat,g_p3,A_l2,A,3,3,8,abc,0,0.0000000000000000e+00,2.9999999999999999e-01,1,100,0,1,90,A,2.3797732225027940e-01,2.6781858262163297e-02,2.2254441296200107e-13,1.5347723092418164e-12,3.1306307196765110e-15,2.1590321118695967e-14,3.9502384365534603e+01,6.0708515263604307e-04,1.2565014654280176e+01,1.2569585009105133e+01,5.4123372450476381e-16,1.4141461204495458e+00,1.3957731936780631e-16,0.0000000000000000e+00,1.0006078529040960e+00,1.0006078529040960e+00,2.6746745242800213e-02,1.7674144168255776e+01,9.9989515610946111e-01,9.9989515610946111e-01,-1.0484376967398339e-04,9.9995383514542868e-01,9.9995383514542868e-01,7.0468526519998704e+00,5.1282357196900375e+02,5.7182655680003336e+00,16,0,2249,0,0,coulomb,4.9067344130003221e+00,21,1932,8.1095394500016482e-01,8.1967887303002954e+01,3.3585259273837133e-04,1.3957731936780631e-16,4.5721170851120095e-04,2.6920103119384003e-16,9.5709492361552371e-16,9.6098838876824071e-15
exp4_repeat,g_p3,A_l2,A,3,3,8,abc,0,0.0000000000000000e+00,2.9999999999999999e-01,1,100,0,1,95,B,2.4684315170308357e-01,2.7779614626241476e-02,2.2963768161776589e-13,1.7279511155265936e-12,3.2304148682026095e-15,2.4307852856726203e-14,3.9504288808037785e+01,6.5532524478634300e-04,1.2564938294131464e+01,1.2569860665314000e+01,3.0531133177191805e-16,1.4141430451701424e+00,1.2238402754408876e-16,1.1527610900706611e-11,1.0006560930332602e+00,1.0006546488570740e+00,2.6367829833250613e-02,1.3987247512864945e+01,9.9988907954330364e-01,9.9988928446415970e-01,-1.1071523800671229e-04,9.9995104990494610e-01,9.9995166059119489e-01,7.0468526519998704e+00,5.4224870165600350e+02,5.9930415580001863e+00,34,0,2383,0,0,coulomb,4.8219434460002049e+00,22,2040,1.1704637650000222e+00,8.6803600183002800e+01,8.0915308291564986e-05,1.2238402754408876e-16,1.0425177413373936e-04,1.6944331244084169e-16,9.9408097794082848e-16,3.5329684175595410e-15
exp4_repeat,g_p3,A_l2,A,3,3,8,abc,0,0.0000000000000000e+00,2.9999999999999999e-01,1,100,0,1,100,A,2.5111575443571904e-01,2.8260451370322685e-02,2.2605294275778574e-13,1.4779288903810084e-12,3.1799867606275787e-15,2.0790679595781301e-14,3.9505172817310850e+01,6.7771746126078238e-04,1.2564878381110612e+01,1.2569975290587648e+01,3.4694469519536142e-16,1.4141401184124949e+00,1.4012418474421785e-16,0.0000000000000000e+00,1.0006784852669159e+00,1.0006784852669159e+00,2.8227610213125830e-02,1.8649911701038153e+01,9.9988431180200077e-01,9.9988431180200077e-01,-1.1568806463297602e-04,9.9994959105786174e-01,9.9994959105786174e-01,7.0468526519998704e+00,5.6952943174300390e+02,5.2464369470003476e+00,16,0,2499,0,0,coulomb,4.3756300700001702e+00,21,2147,8.7021688100003303e-01,9.1116382459003034e+01,3.3276258789886643e-04,1.4012418474421785e-16,4.5273689558682017e-04,2.6393760053180130e-16,9.5036635415369579e-16,2.5437138174994521e-14
