exp,N,p,q,field,b0,proj,gauge,gauge_k,eps,fvariant,np,valid,h,hmin,hmax,min_detJ,max_detJ,min_ratio,max_ratio,n_neg_detJ,ndofs_h1,ndofs_nd,ndofs_rt,ndofs_l2,max_DC,max_DC_scaled,max_CG,errA_L2,errB_L2,normB_L2,errB_rel,errA_rel,div_L2,div_max,div_rel_L2,div_rel_max,b0proj_err_L2,b0proj_div_max,b0proj_div_L2,energy_h,energy_exact,energy_rel_err,energy_mass_diff,helicity_h,helicity_exact,helicity_abs_err,flux_err_max,flux_curlpart_max,flux_err_x0,flux_err_xmid,flux_err_y0,flux_err_ymid,flux_err_z0,flux_err_zmid,cg_iters,t_mesh,t_ops,t_curl,t_proj,t_diag,t_total,rss_mb,peak_rss_mb
exp1_static,4,1,1,abc,0,pt,0.0000000000000000e+00,2.0000000000000000e+00,0.0000000000000000e+00,0,1,1,2.4999999999999997e-01,2.5000000000000000e-01,2.5000000000000000e-01,9.9999999999999889e-01,1.0000000000000009e+00,9.9999999999999822e-01,1.0000000000000000e+00,0,64,192,192,64,0.0000000000000000e+00,0.0000000000000000e+00,0.0000000000000000e+00,3.0175308719729133e-01,3.8674071582242413e+00,8.8857658763167269e+00,4.3523622072150919e-01,2.1337165420118048e-01,4.5812677461543686e-15,1.4210854715202004e-14,1.2889344064209598e-16,3.9982076145732859e-16,1.6321760581093003e-16,0.0000000000000000e+00,0.0000000000000000e+00,3.2000000000000441e+01,3.9478417604357432e+01,-1.8943053086128661e-01,-1.1428893673738914e-14,7.9999999999999769e+00,1.2566370614359172e+01,4.5663706143591956e+00,6.1062266354383610e-16,6.1062266354383610e-16,6.1062266354383610e-16,5.5511151231257827e-17,5.5511151231257827e-17,1.2490009027033011e-16,1.6653345369377348e-16,5.5511151231257827e-17,6,1.6087650000000001e-03,3.8367999999999974e-04,5.0864865971515764e-07,2.8460539999999998e-03,2.3824941000000016e-02,2.3010834199999999e-01,2.5679687500000000e+01,2.5679687500000000e+01
exp1_static,4,1,1,abc,0,int,0.0000000000000000e+00,2.0000000000000000e+00,0.0000000000000000e+00,0,1,1,2.4999999999999997e-01,2.5000000000000000e-01,2.5000000000000000e-01,9.9999999999999889e-01,1.0000000000000009e+00,9.9999999999999822e-01,1.0000000000000000e+00,0,64,192,192,64,0.0000000000000000e+00,0.0000000000000000e+00,0.0000000000000000e+00,3.0175308719729110e-01,3.8674071582242413e+00,8.8857658763167269e+00,4.3523622072150919e-01,2.1337165420118034e-01,4.0980616289968954e-15,1.0658141036401503e-14,1.1529849216260236e-16,2.9986557109299640e-16,4.3078486835195019e-16,8.8817841970012523e-16,3.2840839953582970e-16,3.2000000000000455e+01,3.9478417604357432e+01,-1.8943053086128625e-01,-1.1518884962508511e-14,7.9999999999999787e+00,1.2566370614359172e+01,4.5663706143591938e+00,3.8857805861880479e-16,3.8857805861880479e-16,2.2204460492503131e-16,2.2204460492503131e-16,5.5511151231257827e-17,3.8857805861880479e-16,1.8735013540549517e-16,1.3877787807814457e-16,6,1.6566460000000001e-03,3.8217700000000004e-04,5.1956631942640409e-07,9.9380049999999998e-03,2.3042066999999999e-02,2.3641927400000001e-01,2.5656250000000000e+01,2.5656250000000000e+01
exp1_static,4,1,1,mod2,0,pt,0.0000000000000000e+00,2.0000000000000000e+00,0.0000000000000000e+00,0,1,1,2.4999999999999997e-01,2.5000000000000000e-01,2.5000000000000000e-01,9.9999999999999889e-01,1.0000000000000009e+00,9.9999999999999822e-01,1.0000000000000000e+00,0,64,192,192,64,0.0000000000000000e+00,0.0000000000000000e+00,0.0000000000000000e+00,4.0656935080934758e-01,5.8924796318018755e+00,8.9741836348994148e+00,6.5660341614660089e-01,4.4966672948479491e-01,2.7103998191910118e-15,7.1054273576010019e-15,7.5505470175878297e-17,1.9794077229400934e-16,1.6321760581093003e-16,0.0000000000000000e+00,0.0000000000000000e+00,1.5999999999999750e+01,4.0267985956444576e+01,-6.0266202493201482e-01,7.2787071798939369e-15,-1.2630955309456127e-17,0.0000000000000000e+00,1.2630955309456127e-17,5.5511151231257827e-17,5.5511151231257827e-17,2.7755575615628914e-17,5.5511151231257827e-17,5.5511151231257827e-17,5.5511151231257827e-17,5.5511151231257827e-17,5.5511151231257827e-17,6,1.4096960000000000e-03,3.3200700000000027e-04,4.2531181830747801e-07,3.0678290000000002e-03,2.7814753999999997e-02,2.3421124199999999e-01,2.5746093750000000e+01,2.5746093750000000e+01
exp1_static,4,1,1,mod2,0,int,0.0000000000000000e+00,2.0000000000000000e+00,0.0000000000000000e+00,0,1,1,2.4999999999999997e-01,2.5000000000000000e-01,2.5000000000000000e-01,9.9999999999999889e-01,1.0000000000000009e+00,9.9999999999999822e-01,1.0000000000000000e+00,0,64,192,192,64,0.0000000000000000e+00,0.0000000000000000e+00,0.0000000000000000e+00,4.0656935080934747e-01,5.8924796318018746e+00,8.9741836348994148e+00,6.5660341614660078e-01,4.4966672948479475e-01,3.4967619351230750e-15,7.1054273576010019e-15,9.7411699976937988e-17,1.9794077229400934e-16,4.3078486835195019e-16,8.8817841970012523e-16,3.2840839953582970e-16,1.5999999999999750e+01,4.0267985956444576e+01,-6.0266202493201482e-01,7.2787071798939369e-15,-9.1615083575025125e-17,0.0000000000000000e+00,9.1615083575025125e-17,1.1102230246251565e-16,1.1102230246251565e-16,0.0000000000000000e+00,5.5511151231257827e-17,5.5511151231257827e-17,0.0000000000000000e+00,1.1102230246251565e-16,5.5511151231257827e-17,6,1.4919820000000000e-03,3.5096299999999993e-04,4.9771875023330469e-07,1.0213380999999999e-02,2.6158872000000000e-02,2.3954037900000000e-01,2.5773437500000000e+01,2.5773437500000000e+01
exp1_static,8,1,1,abc,0,pt,0.0000000000000000e+00,2.0000000000000000e+00,0.0000000000000000e+00,0,1,1,1.2499999999999999e-01,1.2500000000000003e-01,1.2500000000000003e-01,9.9999999999999756e-01,1.0000000000000029e+00,9.9999999999999623e-01,1.0000000000000000e+00,0,512,1536,1536,512,0.0000000000000000e+00,0.0000000000000000e+00,0.0000000000000000e+00,7.8568681355176792e-02,1.9940339026590546e+00,8.8857658763167322e+00,2.2440765719179720e-01,5.5556447375131109e-02,1.0231836115232647e-14,2.8421709430404007e-14,1.4393576560608578e-16,3.9982076145732834e-16,3.1550919712741589e-16,0.0000000000000000e+00,0.0000000000000000e+00,3.7490332008119829e+01,3.9478417604357432e+01,-5.0358796448269197e-02,5.4894686149454623e-14,1.1313708498984754e+01,1.2566370614359172e+01,1.2526621153744184e+00,1.9428902930940239e-16,1.9428902930940239e-16,2.7755575615628914e-17,1.6653345369377348e-16,1.9428902930940239e-16,1.3877787807814457e-17,4.8572257327350599e-17,1.0408340855860843e-16,15,9.0077230000000005e-03,1.7050620000000002e-03,3.4866483570121157e-06,2.2380600000000000e-02,1.8822691400000002e-01,4.3317152199999998e-01,2.8410156250000000e+01,2.8410156250000000e+01
exp1_static,8,1,1,abc,0,int,0.0000000000000000e+00,2.0000000000000000e+00,0.0000000000000000e+00,0,1,1,1.2499999999999999e-01,1.2500000000000003e-01,1.2500000000000003e-01,9.9999999999999756e-01,1.0000000000000029e+00,9.9999999999999623e-01,1.0000000000000000e+00,0,512,1536,1536,512,0.0000000000000000e+00,0.0000000000000000e+00,0.0000000000000000e+00,7.8568681355176431e-02,1.9940339026590546e+00,8.8857658763167322e+00,2.2440765719179720e-01,5.5556447375130852e-02,1.0486466401636187e-14,4.2632564145606011e-14,1.4751776250353680e-16,5.9973114218599251e-16,5.0385893891526159e-16,1.7763568394002505e-15,6.6265528543903557e-16,3.7490332008119829e+01,3.9478417604357432e+01,-5.0358796448269197e-02,5.5254651304533019e-14,1.1313708498984772e+01,1.2566370614359172e+01,1.2526621153744006e+00,6.6613381477509392e-16,6.6613381477509392e-16,6.6613381477509392e-16,4.1633363423443370e-16,5.5511151231257827e-17,2.3592239273284576e-16,1.7347234759768071e-17,2.0816681711721685e-16,15,8.8790959999999995e-03,1.7305030000000013e-03,3.9497113151658771e-06,7.7578616000000003e-02,1.8431959600000003e-01,4.8442139200000001e-01,2.8539062500000000e+01,2.8539062500000000e+01
exp1_static,8,1,1,mod2,0,pt,0.0000000000000000e+00,2.0000000000000000e+00,0.0000000000000000e+00,0,1,1,1.2499999999999999e-01,1.2500000000000003e-01,1.2500000000000003e-01,9.9999999999999756e-01,1.0000000000000029e+00,9.9999999999999623e-01,1.0000000000000000e+00,0,512,1536,1536,512,0.0000000000000000e+00,0.0000000000000000e+00,0.0000000000000000e+00,1.2952420562561939e-01,2.8250240760425349e+00,8.9741836348990045e+00,3.1479454744568841e-01,1.4325409875792525e-01,1.0348071201675044e-14,4.2632564145606011e-14,1.4413666499748836e-16,5.9382231688205521e-16,3.1550919712741589e-16,0.0000000000000000e+00,0.0000000000000000e+00,3.1132583002031257e+01,4.0267985956444576e+01,-2.2686515695854587e-01,-3.4937794463490896e-14,-2.2260025853843013e-16,0.0000000000000000e+00,2.2260025853843013e-16,3.8163916471489756e-16,3.8163916471489756e-16,2.7755575615628914e-17,3.8163916471489756e-16,1.3877787807814457e-16,1.5265566588595902e-16,2.4980018054066022e-16,8.3266726846886741e-17,15,7.1546579999999995e-03,1.3707449999999996e-03,2.6784679657158161e-06,1.7635181000000000e-02,1.5855122599999999e-01,3.9423982300000004e-01,2.8054687500000000e+01,2.8054687500000000e+01
exp1_static,8,1,1,mod2,0,int,0.0000000000000000e+00,2.0000000000000000e+00,0.0000000000000000e+00,0,1,1,1.2499999999999999e-01,1.2500000000000003e-01,1.2500000000000003e-01,9.9999999999999756e-01,1.0000000000000029e+00,9.9999999999999623e-01,1.0000000000000000e+00,0,512,1536,1536,512,0.0000000000000000e+00,0.0000000000000000e+00,0.0000000000000000e+00,1.2952420562561903e-01,2.8250240760425345e+00,8.9741836348990045e+00,3.1479454744568836e-01,1.4325409875792486e-01,1.0643085968926536e-14,4.2632564145606011e-14,1.4824587954075099e-16,5.9382231688205521e-16,5.0385893891526159e-16,1.7763568394002505e-15,6.6265528543903557e-16,3.1132583002031286e+01,4.0267985956444576e+01,-2.2686515695854514e-01,-2.8673694951097323e-14,-2.0837010502455788e-16,0.0000000000000000e+00,2.0837010502455788e-16,2.3592239273284576e-16,2.3592239273284576e-16,1.6653345369377348e-16,8.3266726846886741e-17,9.0205620750793969e-17,2.3592239273284576e-16,5.5511151231257827e-17,5.5511151231257827e-17,15,8.5310759999999985e-03,1.6551010000000008e-03,3.4277455869751499e-06,7.5449243999999999e-02,2.0583678200000005e-01,5.0316898600000004e-01,2.8187500000000000e+01,2.8187500000000000e+01
exp1_static,16,1,1,abc,0,pt,0.0000000000000000e+00,2.0000000000000000e+00,0.0000000000000000e+00,0,1,1,6.2499999999999993e-02,6.2500000000000014e-02,6.2500000000000014e-02,9.9999999999999556e-01,1.0000000000000053e+00,9.9999999999999312e-01,1.0000000000000000e+00,0,4096,12288,12288,4096,0.0000000000000000e+00,0.0000000000000000e+00,0.0000000000000000e+00,1.9841839599807645e-02,1.0047270775301724e+00,8.8857658763165617e+00,1.1307152264815967e-01,1.4030299332239952e-02,3.2219348960732048e-14,1.4210854715202004e-13,2.2662191847896181e-16,9.9955190364333998e-16,6.2814497821578653e-16,0.0000000000000000e+00,0.0000000000000000e+00,3.8973679354218930e+01,3.9478417604357432e+01,-1.2785169233398836e-02,4.1935940566632548e-14,1.2245869835682941e+01,1.2566370614359172e+01,3.2050077867623195e-01,9.4368957093138306e-16,9.4368957093138306e-16,3.4694469519536142e-16,1.5265566588595902e-16,3.9551695252271202e-16,9.4368957093138306e-16,2.8449465006019636e-16,6.5225602696727947e-16,34,6.3148250999999989e-02,1.3074835999999992e-02,2.9936751682872101e-05,1.7852487400000000e-01,1.4038966939999999e+00,2.0284433090000000e+00,4.9445312500000000e+01,4.9445312500000000e+01
exp1_static,16,1,1,abc,0,int,0.0000000000000000e+00,2.0000000000000000e+00,0.0000000000000000e+00,0,1,1,6.2499999999999993e-02,6.2500000000000014e-02,6.2500000000000014e-02,9.9999999999999556e-01,1.0000000000000053e+00,9.9999999999999312e-01,1.0000000000000000e+00,0,4096,12288,12288,4096,0.0000000000000000e+00,0.0000000000000000e+00,0.0000000000000000e+00,1.9841839599807239e-02,1.0047270775301724e+00,8.8857658763165617e+00,1.1307152264815967e-01,1.4030299332239666e-02,3.5286354379135993e-14,1.7053025658242404e-13,2.4819437957217568e-16,1.1994622843720081e-15,7.3290236588842551e-16,5.3290705182007514e-15,1.8228039774086677e-15,3.8973679354218937e+01,3.9478417604357432e+01,-1.2785169233398655e-02,4.1216010256475769e-14,1.2245869835682955e+01,1.2566370614359172e+01,3.2050077867621773e-01,1.0130785099704553e-15,1.0130785099704553e-15,1.0130785099704553e-15,9.2287288921966137e-16,2.9143354396410359e-16,3.3306690738754696e-16,1.7000290064572710e-16,7.3552275381416621e-16,34,6.2886255999999988e-02,1.2837240000000000e-02,2.6415595775577554e-05,6.0997734599999998e-01,1.3687450210000001e+00,2.4312497410000002e+00,4.9367187500000000e+01,4.9367187500000000e+01
exp1_static,16,1,1,mod2,0,pt,0.0000000000000000e+00,2.0000000000000000e+00,0.0000000000000000e+00,0,1,1,6.2499999999999993e-02,6.2500000000000014e-02,6.2500000000000014e-02,9.9999999999999556e-01,1.0000000000000053e+00,9.9999999999999312e-01,1.0000000000000000e+00,0,4096,12288,12288,4096,0.0000000000000000e+00,0.0000000000000000e+00,0.0000000000000000e+00,3.5364682770101637e-02,1.3800968826112052e+00,8.9741836348990844e+00,1.5378522869135880e-01,3.9113428518020923e-02,2.6809470162816756e-14,1.2789769243681803e-13,1.8671245801790294e-16,8.9073347532307477e-16,6.2814497821578653e-16,0.0000000000000000e+00,0.0000000000000000e+00,3.7622715723347063e+01,4.0267985956444576e+01,-6.5691644870412444e-02,1.7645350739136815e-15,-2.2509053540335777e-16,0.0000000000000000e+00,2.2509053540335777e-16,1.1830814106161824e-15,1.1830814106161824e-15,7.0082828429463007e-16,9.3675067702747583e-17,1.1830814106161824e-15,2.7582103268031233e-16,8.1185058675714572e-16,8.5348395018058909e-16,34,5.8225048000000001e-02,1.2456571999999999e-02,2.7465698353909462e-05,1.9365078500000002e-01,1.4256972459999999e+00,2.0695031600000000e+00,4.9406250000000000e+01,4.9406250000000000e+01
exp1_static,16,1,1,mod2,0,int,0.0000000000000000e+00,2.0000000000000000e+00,0.0000000000000000e+00,0,1,1,6.2499999999999993e-02,6.2500000000000014e-02,6.2500000000000014e-02,9.9999999999999556e-01,1.0000000000000053e+00,9.9999999999999312e-01,1.0000000000000000e+00,0,4096,12288,12288,4096,0.0000000000000000e+00,0.0000000000000000e+00,0.0000000000000000e+00,3.5364682770101394e-02,1.3800968826112050e+00,8.9741836348990844e+00,1.5378522869135877e-01,3.9113428518020653e-02,2.7026415883741556e-14,1.2789769243681803e-13,1.8822335952264492e-16,8.9073347532307477e-16,7.3290236588842551e-16,5.3290705182007514e-15,1.8228039774086677e-15,3.7622715723347071e+01,4.0267985956444576e+01,-6.5691644870412277e-02,2.1174420886964180e-15,-1.9914761029485306e-16,0.0000000000000000e+00,1.9914761029485306e-16,7.9797279894933126e-16,7.9797279894933126e-16,7.2858385991025898e-16,4.7357950894166834e-16,7.9797279894933126e-16,1.8214596497756474e-16,4.5796699765787707e-16,4.0939474033052647e-16,34,5.6266821000000002e-02,1.1381602000000005e-02,2.0766899325376238e-05,5.0442842100000007e-01,1.2432422790000000e+00,2.1606867350000001e+00,4.9546875000000000e+01,4.9546875000000000e+01
exp1_static,32,1,1,abc,0,pt,0.0000000000000000e+00,2.0000000000000000e+00,0.0000000000000000e+00,0,1,1,3.1249999999999997e-02,3.1250000000000007e-02,3.1250000000000007e-02,9.9999999999998679e-01,1.0000000000000122e+00,9.9999999999998357e-01,1.0000000000000000e+00,0,32768,98304,98304,32768,0.0000000000000000e+00,0.0000000000000000e+00,0.0000000000000000e+00,4.9730026753540407e-03,5.0333263389843441e-01,8.8857658763171745e+00,5.6644822844133656e-02,3.5164439146018142e-03,1.2888423977715669e-13,6.8212102632969618e-13,4.5326790612059797e-16,2.3989245687438505e-15,1.3977326365598660e-15,0.0000000000000000e+00,0.0000000000000000e+00,3.9351745734184689e+01,3.9478417604357432e+01,-3.2086359550227090e-03,-9.5390766095773607e-14,1.2485780609031634e+01,1.2566370614359172e+01,8.0590005327538350e-02,5.8633653488016080e-16,5.8633653488016080e-16,2.1163626406917047e-16,1.0061396160665481e-16,5.8633653488016080e-16,4.4755865680201623e-16,4.1112946380650328e-16,3.8857805861880479e-16,40,4.9756969599999995e-01,9.9074677999999916e-02,2.8764525714285736e-04,1.3854254749999999e+00,1.5125148646000001e+01,2.0151707856000002e+01,2.1930078125000000e+02,2.1930078125000000e+02
exp1_static,32,1,1,abc,0,int,0.0000000000000000e+00,2.0000000000000000e+00,0.0000000000000000e+00,0,1,1,3.1249999999999997e-02,3.1250000000000007e-02,3.1250000000000007e-02,9.9999999999998679e-01,1.0000000000000122e+00,9.9999999999998357e-01,1.0000000000000000e+00,0,32768,98304,98304,32768,0.0000000000000000e+00,0.0000000000000000e+00,0.0000000000000000e+00,4.9730026753536192e-03,5.0333263389843441e-01,8.8857658763171745e+00,5.6644822844133656e-02,3.5164439146015158e-03,1.3289468314799833e-13,7.9580786405131221e-13,4.6737207644010045e-16,2.7987453302011592e-15,1.4458607393666516e-15,2.1316282072803006e-14,5.1100419330940814e-15,3.9351745734184732e+01,3.9478417604357432e+01,-3.2086359550216291e-03,-9.6110696405930399e-14,1.2485780609031639e+01,1.2566370614359172e+01,8.0590005327533021e-02,1.0659875759877480e-15,1.0659875759877480e-15,6.4531713306337224e-16,1.6306400674181987e-16,3.2612801348363973e-16,3.4520997171938461e-16,1.0659875759877480e-15,1.3183898417423734e-16,40,9.6727087900000008e-01,1.5016837599999988e-01,3.8599622307692233e-04,8.4360126979999990e+00,1.9094963501999999e+01,3.1639121373000002e+01,2.1942968750000000e+02,2.1942968750000000e+02
exp1_static,32,1,1,mod2,0,pt,0.0000000000000000e+00,2.0000000000000000e+00,0.0000000000000000e+00,0,1,1,3.1249999999999997e-02,3.1250000000000007e-02,3.1250000000000007e-02,9.9999999999998679e-01,1.0000000000000122e+00,9.9999999999998357e-01,1.0000000000000000e+00,0,32768,98304,98304,32768,0.0000000000000000e+00,0.0000000000000000e+00,0.0000000000000000e+00,9.0463856357490095e-03,6.8369525926979580e-01,8.9741836348983597e+00,7.6184674515805045e-02,1.0005325375334582e-02,8.6707845447093185e-14,5.1159076974727213e-13,3.0193500383529316e-16,1.7814669506462935e-15,1.3977326365598660e-15,0.0000000000000000e+00,0.0000000000000000e+00,3.9580667014000042e+01,4.0267985956444576e+01,-1.7068619801049033e-02,-2.3821223497834700e-14,6.0882685840445041e-15,0.0000000000000000e+00,6.0882685840445041e-15,1.6943911551603463e-15,1.6943911551603463e-15,1.2143064331837650e-16,5.6248408708547970e-16,8.8470897274817162e-17,1.6943911551603463e-15,1.0338951916821770e-15,3.3653635433950058e-16,40,7.7772383799999989e-01,1.9235970500000010e-01,6.5795199032257952e-04,2.5547576049999998e+00,1.7684473920000002e+01,2.3179460087999999e+01,2.1950781250000000e+02,2.1950781250000000e+02
exp1_static,32,1,1,mod2,0,int,0.0000000000000000e+00,2.0000000000000000e+00,0.0000000000000000e+00,0,1,1,3.1249999999999997e-02,3.1250000000000007e-02,3.1250000000000007e-02,9.9999999999998679e-01,1.0000000000000122e+00,9.9999999999998357e-01,1.0000000000000000e+00,0,32768,98304,98304,32768,0.0000000000000000e+00,0.0000000000000000e+00,0.0000000000000000e+00,9.0463856357488118e-03,6.8369525926979557e-01,8.9741836348983597e+00,7.6184674515805031e-02,1.0005325375334363e-02,8.7069734089573678e-14,5.1159076974727213e-13,3.0319517640781972e-16,1.7814669506462935e-15,1.4458607393666516e-15,2.1316282072803006e-14,5.1100419330940814e-15,3.9580667014000120e+01,4.0267985956444576e+01,-1.7068619801047093e-02,-2.5056398049574276e-14,5.7447654895929554e-15,0.0000000000000000e+00,5.7447654895929554e-15,8.4220824758673984e-16,8.4220824758673984e-16,4.6837533851373792e-16,4.6837533851373792e-17,3.1918911957973251e-16,8.4220824758673984e-16,2.2898349882893854e-16,2.2204460492503131e-16,40,5.0575399099999996e-01,1.0492784700000002e-01,3.2157117119999866e-04,4.8929440480000004e+00,1.2327847982000000e+01,1.9638436516999999e+01,2.1936328125000000e+02,2.1936328125000000e+02
exp1_static,4,2,1,abc,0,pt,0.0000000000000000e+00,2.0000000000000000e+00,0.0000000000000000e+00,0,1,1,2.4999999999999997e-01,2.5000000000000000e-01,2.5000000000000000e-01,9.9999999999999889e-01,1.0000000000000009e+00,9.9999999999999822e-01,1.0000000000000000e+00,0,512,1536,1536,512,5.6843418860808015e-14,8.8817841970012523e-16,0.0000000000000000e+00,3.0443289143790426e-02,7.8978614776370815e-01,8.8857658763167873e+00,8.8882169388316140e-02,2.1526656195196937e-02,2.5437224028602558e-14,9.5479180117763462e-14,7.1567336970919780e-16,2.6862957410414079e-15,2.3008316165753837e-16,3.5527136788005009e-15,1.3317186390885116e-15,3.9320442677495926e+01,3.9478417604357432e+01,-4.0015516438548834e-03,-2.1597909304703459e-15,1.2418277998646355e+01,1.2566370614359172e+01,1.4809261571281773e-01,3.8857805861880479e-16,3.8857805861880479e-16,1.1102230246251565e-16,3.8857805861880479e-16,2.4980018054066022e-16,5.5511151231257827e-17,2.3592239273284576e-16,1.3877787807814457e-17,10,1.3259699999999999e-03,2.0185849999999994e-03,4.2447354202037355e-06,7.1967310000000005e-03,6.2789825000000021e-02,2.7663718399999998e-01,2.8566406250000000e+01,2.8566406250000000e+01
exp1_static,4,2,1,abc,0,int,0.0000000000000000e+00,2.0000000000000000e+00,0.0000000000000000e+00,0,1,1,2.4999999999999997e-01,2.5000000000000000e-01,2.5000000000000000e-01,9.9999999999999889e-01,1.0000000000000009e+00,9.9999999999999822e-01,1.0000000000000000e+00,0,512,1536,1536,512,5.6843418860808015e-14,8.8817841970012523e-16,0.0000000000000000e+00,3.0443289143790402e-02,7.8978614776370826e-01,8.8857658763167873e+00,8.8882169388316154e-02,2.1526656195196919e-02,2.5454814843262507e-14,7.1054273576010019e-14,7.1616828525459931e-16,1.9991038072866291e-15,4.4420040891147098e-16,6.2172489379008766e-15,1.7710600686775477e-15,3.9320442677495933e+01,3.9478417604357432e+01,-4.0015516438547038e-03,-2.3397735080095413e-15,1.2418277998646364e+01,1.2566370614359172e+01,1.4809261571280885e-01,4.1633363423443370e-16,4.1633363423443370e-16,1.1102230246251565e-16,3.3306690738754696e-16,4.1633363423443370e-16,3.5388358909926865e-16,1.1102230246251565e-16,1.2490009027033011e-16,10,1.5617859999999999e-03,2.3560850000000000e-03,5.3077494759188004e-06,6.8532394999999996e-02,9.2962113999999985e-02,3.6941575100000001e-01,2.8609375000000000e+01,2.8609375000000000e+01
exp1_static,4,2,1,mod2,0,pt,0.0000000000000000e+00,2.0000000000000000e+00,0.0000000000000000e+00,0,1,1,2.4999999999999997e-01,2.5000000000000000e-01,2.5000000000000000e-01,9.9999999999999889e-01,1.0000000000000009e+00,9.9999999999999822e-01,1.0000000000000000e+00,0,512,1536,1536,512,5.6843418860808015e-14,8.8817841970012523e-16,0.0000000000000000e+00,5.7497569046656302e-02,1.7436977712325434e+00,8.9741836348990294e+00,1.9430154788137030e-01,6.3592456674531561e-02,1.6130447854383520e-14,7.2608585810485238e-14,4.4935696968733254e-16,2.0227072668794948e-15,2.3008316165753837e-16,3.5527136788005009e-15,1.3317186390885116e-15,3.7601015937800803e+01,4.0267985956444576e+01,-6.6230529173435013e-02,-9.5284893991338801e-15,-8.0461353725580498e-17,0.0000000000000000e+00,8.0461353725580498e-17,2.2204460492503131e-16,2.2204460492503131e-16,5.5511151231257827e-17,1.1102230246251565e-16,0.0000000000000000e+00,2.2204460492503131e-16,0.0000000000000000e+00,5.5511151231257827e-17,10,1.6772330000000000e-03,2.4788050000000002e-03,5.2670200394996708e-06,9.5118949999999994e-03,8.2533543000000015e-02,3.0032112200000000e-01,2.8492187500000000e+01,2.8492187500000000e+01
exp1_static,4,2,1,mod2,0,int,0.0000000000000000e+00,2.0000000000000000e+00,0.0000000000000000e+00,0,1,1,2.4999999999999997e-01,2.5000000000000000e-01,2.5000000000000000e-01,9.9999999999999889e-01,1.0000000000000009e+00,9.9999999999999822e-01,1.0000000000000000e+00,0,512,1536,1536,512,5.6843418860808015e-14,8.8817841970012523e-16,0.0000000000000000e+00,5.7497569046656288e-02,1.7436977712325437e+00,8.9741836348990294e+00,1.9430154788137033e-01,6.3592456674531547e-02,1.7334650848214805e-14,5.6843418860808015e-14,4.8290327993744690e-16,1.5835261783521427e-15,4.4420040891147098e-16,6.2172489379008766e-15,1.7710600686775477e-15,3.7601015937800810e+01,4.0267985956444576e+01,-6.6230529173434832e-02,-9.3520358917425120e-15,-3.8241165876279348e-16,0.0000000000000000e+00,3.8241165876279348e-16,1.1102230246251565e-16,1.1102230246251565e-16,8.3266726846886741e-17,0.0000000000000000e+00,0.0000000000000000e+00,1.1102230246251565e-16,2.7755575615628914e-17,1.1102230246251565e-16,10,1.5641349999999999e-03,2.3328320000000004e-03,5.3313982140477142e-06,6.8010429999999997e-02,8.1027991999999993e-02,3.5687365399999998e-01,2.8660156250000000e+01,2.8660156250000000e+01
exp1_static,8,2,1,abc,0,pt,0.0000000000000000e+00,2.0000000000000000e+00,0.0000000000000000e+00,0,1,1,1.2499999999999999e-01,1.2500000000000003e-01,1.2500000000000003e-01,9.9999999999999756e-01,1.0000000000000029e+00,9.9999999999999623e-01,1.0000000000000000e+00,0,4096,12288,12288,4096,4.5474735088646412e-13,8.8817841970012582e-16,0.0000000000000000e+00,3.9059351600949314e-03,2.0254441739406698e-01,8.8857658763166754e+00,2.2794255465801855e-02,2.7619132385781320e-03,8.6748038090490117e-14,4.1389114358025836e-13,1.2203230326169823e-15,5.8223898387223810e-15,4.9326906251782717e-16,1.8540724511240114e-14,4.6830144631474520e-15,3.9468128469587327e+01,3.9478417604357432e+01,-2.6062682839063340e-04,-1.1878850117586902e-14,1.2556590281248871e+01,1.2566370614359172e+01,9.7803331103012425e-03,7.2164496600635175e-16,7.2164496600635175e-16,7.2164496600635175e-16,9.7144514654701197e-17,2.2204460492503131e-16,0.0000000000000000e+00,5.8980598183211441e-17,6.9388939039072284e-18,21,8.8484470000000006e-03,1.7554020999999996e-02,4.1954975681341728e-05,7.3113560999999994e-02,5.9317940400000002e-01,9.3375328999999996e-01,5.1769531250000000e+01,5.1769531250000000e+01
exp1_static,8,2,1,abc,0,int,0.0000000000000000e+00,2.0000000000000000e+00,0.0000000000000000e+00,0,1,1,1.2499999999999999e-01,1.2500000000000003e-01,1.2500000000000003e-01,9.9999999999999756e-01,1.0000000000000029e+00,9.9999999999999623e-01,1.0000000000000000e+00,0,4096,12288,12288,4096,4.5474735088646412e-13,8.8817841970012582e-16,0.0000000000000000e+00,3.9059351600949162e-03,2.0254441739406695e-01,8.8857658763166754e+00,2.2794255465801851e-02,2.7619132385781212e-03,8.3048211969527051e-14,4.1211478674085811e-13,1.1682759416224929e-15,5.7974010411312980e-15,5.4665313845116514e-16,1.4210854715202004e-14,3.8686029305444679e-15,3.9468128469587320e+01,3.9478417604357432e+01,-2.6062682839081338e-04,-1.1338902384969317e-14,1.2556590281248871e+01,1.2566370614359172e+01,9.7803331103012425e-03,4.9960036108132044e-16,4.9960036108132044e-16,2.7755575615628914e-16,2.2204460492503131e-16,1.9428902930940239e-16,4.9960036108132044e-16,1.7694179454963432e-16,3.4694469519536142e-17,21,7.2686679999999998e-03,1.4568188999999999e-02,3.2752503109656306e-05,3.6822467799999997e-01,4.6777079099999996e-01,1.0915264030000000e+00,5.1953125000000000e+01,5.1953125000000000e+01
exp1_static,8,2,1,mod2,0,pt,0.0000000000000000e+00,2.0000000000000000e+00,0.0000000000000000e+00,0,1,1,1.2499999999999999e-01,1.2500000000000003e-01,1.2500000000000003e-01,9.9999999999999756e-01,1.0000000000000029e+00,9.9999999999999623e-01,1.0000000000000000e+00,0,4096,12288,12288,4096,4.5474735088646412e-13,8.8817841970012582e-16,0.0000000000000000e+00,8.8470775002324892e-03,4.5713711768862458e-01,8.9741836348992656e+00,5.0939131210875420e-02,9.7848900737562972e-03,5.4766794279273389e-14,2.6290081223123707e-13,7.6283811023062667e-16,3.6619042874392335e-15,4.9326906251782717e-16,1.8540724511240114e-14,4.6830144631474520e-15,4.0073312971196302e+01,4.0267985956444576e+01,-4.8344356099369011e-03,2.6820933123487960e-14,5.6566215470357784e-16,0.0000000000000000e+00,5.6566215470357784e-16,2.2204460492503131e-16,2.2204460492503131e-16,8.3266726846886741e-17,1.1102230246251565e-16,1.3877787807814457e-16,1.9428902930940239e-16,1.1796119636642288e-16,2.2204460492503131e-16,21,9.0152590000000012e-03,1.7533859999999998e-02,4.1380861427094099e-05,7.5755121000000009e-02,6.1653252500000000e-01,9.5827285200000001e-01,5.2179687500000000e+01,5.2179687500000000e+01
exp1_static,8,2,1,mod2,0,int,0.0000000000000000e+00,2.0000000000000000e+00,0.0000000000000000e+00,0,1,1,1.2499999999999999e-01,1.2500000000000003e-01,1.2500000000000003e-01,9.9999999999999756e-01,1.0000000000000029e+00,9.9999999999999623e-01,1.0000000000000000e+00,0,4096,12288,12288,4096,4.5474735088646412e-13,8.8817841970012582e-16,0.0000000000000000e+00,8.8470775002324788e-03,4.5713711768862453e-01,8.9741836348992656e+00,5.0939131210875413e-02,9.7848900737562867e-03,5.4906603359611239e-14,2.2915003228263231e-13,7.6478548904002271e-16,3.1917949532409538e-15,5.4665313845116514e-16,1.4210854715202004e-14,3.8686029305444679e-15,4.0073312971196273e+01,4.0267985956444576e+01,-4.8344356099376071e-03,2.8585468197401640e-14,5.8870145086889480e-16,0.0000000000000000e+00,5.8870145086889480e-16,2.6367796834847468e-16,2.6367796834847468e-16,2.6367796834847468e-16,1.3183898417423734e-16,8.3266726846886741e-17,1.8041124150158794e-16,1.3877787807814457e-17,2.7755575615628914e-17,21,8.7332619999999986e-03,1.7549334000000000e-02,4.1133247276464557e-05,4.7761748800000003e-01,6.0373311400000007e-01,1.3422557369999999e+00,5.1800781250000000e+01,5.1800781250000000e+01
exp1_static,16,2,1,abc,0,pt,0.0000000000000000e+00,2.0000000000000000e+00,0.0000000000000000e+00,0,1,1,6.2499999999999993e-02,6.2500000000000014e-02,6.2500000000000014e-02,9.9999999999999556e-01,1.0000000000000053e+00,9.9999999999999312e-01,1.0000000000000000e+00,0,32768,98304,98304,32768,3.6379788070917130e-12,8.8817841970012582e-16,0.0000000000000000e+00,4.9143021334480997e-04,5.0959653832467644e-02,8.8857658763163681e+00,5.7349759763863127e-03,3.4749363633607979e-04,3.2453179515220978e-13,1.7692514120426495e-12,2.2826661741195468e-15,1.2444421200359854e-14,8.8098484585568007e-16,8.7041485130612273e-14,1.8654090366301563e-14,3.9477767860837432e+01,3.9478417604357432e+01,-1.6458195627593772e-05,1.0043027826687108e-13,1.2565750866815170e+01,1.2566370614359172e+01,6.1974754400218046e-04,8.9164786665207885e-16,8.9164786665207885e-16,5.3429483060085659e-16,5.6205040621648550e-16,4.7531423241764514e-16,8.9164786665207885e-16,2.6801477703841670e-16,7.6327832942979512e-16,28,6.2650268999999995e-02,1.4393875000000003e-01,4.6433251034482757e-04,4.5613141800000001e-01,3.8792717099999994e+00,5.1033035169999996e+00,2.4077343750000000e+02,2.4077343750000000e+02
exp1_static,16,2,1,abc,0,int,0.0000000000000000e+00,2.0000000000000000e+00,0.0000000000000000e+00,0,1,1,6.2499999999999993e-02,6.2500000000000014e-02,6.2500000000000014e-02,9.9999999999999556e-01,1.0000000000000053e+00,9.9999999999999312e-01,1.0000000000000000e+00,0,32768,98304,98304,32768,3.6379788070917130e-12,8.8817841970012582e-16,0.0000000000000000e+00,4.9143021334480325e-04,5.0959653832467644e-02,8.8857658763163681e+00,5.7349759763863127e-03,3.4749363633607502e-04,3.2816089662022464e-13,1.8385293287792592e-12,2.3081922621245753e-15,1.2931702753385994e-14,8.9768684246372598e-16,5.3290705182007514e-14,1.0177128844825175e-14,3.9477767860837425e+01,3.9478417604357432e+01,-1.6458195627773757e-05,9.9530365379175104e-14,1.2565750866815165e+01,1.2566370614359172e+01,6.1974754400750953e-04,1.2594092435591620e-15,1.2594092435591620e-15,1.2594092435591620e-15,5.6205040621648550e-16,3.5735303605122226e-16,5.6551985316843911e-16,2.1944251971106610e-16,6.8695049648681561e-16,28,5.8114829000000000e-02,1.2979293000000003e-01,4.3106376989247391e-04,3.1425533739999998e+00,4.9923870969999991e+00,9.0882951419999998e+00,2.4114062500000000e+02,2.4114062500000000e+02
exp1_static,16,2,1,mod2,0,pt,0.0000000000000000e+00,2.0000000000000000e+00,0.0000000000000000e+00,0,1,1,6.2499999999999993e-02,6.2500000000000014e-02,6.2500000000000014e-02,9.9999999999999556e-01,1.0000000000000053e+00,9.9999999999999312e-01,1.0000000000000000e+00,0,32768,98304,98304,32768,3.6379788070917130e-12,8.8817841970012582e-16,0.0000000000000000e+00,1.1097653034228261e-03,1.1485538849160934e-01,8.9741836348991004e+00,1.2798421913828009e-02,1.2274032302051392e-03,2.1078887691824437e-13,9.5923269327613525e-13,1.4680226462223929e-15,6.6805010649230492e-15,8.8098484585568007e-16,8.7041485130612273e-14,1.8654090366301563e-14,4.0255030159020826e+01,4.0267985956444576e+01,-3.2173939460899449e-04,-5.1524424158279497e-14,4.8121720502706036e-16,0.0000000000000000e+00,4.8121720502706036e-16,9.3675067702747583e-16,9.3675067702747583e-16,6.8001160258290838e-16,1.9081958235744878e-17,9.3675067702747583e-16,2.7929047963226594e-16,5.9674487573602164e-16,2.2898349882893854e-16,28,5.6262022000000002e-02,1.9075406600000003e-01,6.3748159047619004e-04,7.6457253799999991e-01,6.8119927600000008e+00,8.7341562370000005e+00,2.4109765625000000e+02,2.4109765625000000e+02
exp1_static,16,2,1,mod2,0,int,0.0000000000000000e+00,2.0000000000000000e+00,0.0000000000000000e+00,0,1,1,6.2499999999999993e-02,6.2500000000000014e-02,6.2500000000000014e-02,9.9999999999999556e-01,1.0000000000000053e+00,9.9999999999999312e-01,1.0000000000000000e+00,0,32768,98304,98304,32768,3.6379788070917130e-12,8.8817841970012582e-16,0.0000000000000000e+00,1.1097653034228194e-03,1.1485538849160934e-01,8.9741836348991004e+00,1.2798421913828009e-02,1.2274032302051318e-03,2.1127264429188100e-13,9.6100905011553550e-13,1.4713918062577090e-15,6.6928723631914249e-15,8.9768684246372598e-16,5.3290705182007514e-14,1.0177128844825175e-14,4.0255030159020819e+01,4.0267985956444576e+01,-3.2173939460917095e-04,-5.1347970650888132e-14,8.2347611395821099e-16,0.0000000000000000e+00,8.2347611395821099e-16,1.0755285551056204e-15,1.0755285551056204e-15,6.4531713306337224e-16,1.1622647289044608e-16,1.0755285551056204e-15,5.2041704279304213e-16,9.2981178312356860e-16,9.5062846483529029e-16,28,5.9283545999999965e-02,1.3227983199999993e-01,9.3225998636363916e-04,4.5681493020000001e+00,6.5987146359999995e+00,1.2132172033000000e+01,2.4107421875000000e+02,2.4107421875000000e+02
exp1_static,32,2,1,abc,0,pt,0.0000000000000000e+00,2.0000000000000000e+00,0.0000000000000000e+00,0,1,1,3.1249999999999997e-02,3.1250000000000007e-02,3.1250000000000007e-02,9.9999999999998679e-01,1.0000000000000122e+00,9.9999999999998357e-01,1.0000000000000000e+00,0,262144,786432,786432,262144,2.9103830456733704e-11,8.8817841970012582e-16,0.0000000000000000e+00,6.1528781505835561e-05,1.2760213022546698e-02,8.8857658763166096e+00,1.4360284977299167e-03,4.3507418640927218e-05,1.3161192311774589e-12,8.2422957348171622e-12,4.6286078821766744e-15,2.8987005205656702e-14,1.8895523972882805e-15,4.3387515802351118e-13,7.9843625389294616e-14,3.9478376890421217e+01,3.9478417604357432e+01,-1.0312960520181465e-06,nan,1.2566331746567437e+01,1.2566370614359172e+01,3.8867791735341939e-05,1.6965595595053173e-15,1.6965595595053173e-15,4.7011006198971472e-16,1.6965595595053173e-15,2.8796409701214998e-16,9.8619029609281483e-16,5.8308392836270428e-16,5.4903998014665945e-16,29,7.4259773800000006e-01,1.9585259550000003e+00,6.4799095428571410e-03,6.8861405749999998e+00,4.3682124685000005e+01,6.0732577251000002e+01,7.0939843750000000e+02,7.0939843750000000e+02
exp1_static,32,2,1,abc,0,int,0.0000000000000000e+00,2.0000000000000000e+00,0.0000000000000000e+00,0,1,1,3.1249999999999997e-02,3.1250000000000007e-02,3.1250000000000007e-02,9.9999999999998679e-01,1.0000000000000122e+00,9.9999999999998357e-01,1.0000000000000000e+00,0,262144,786432,786432,262144,2.9103830456733704e-11,8.8817841970012582e-16,0.0000000000000000e+00,6.1528781505832146e-05,1.2760213022546712e-02,8.8857658763166096e+00,1.4360284977299183e-03,4.3507418640924805e-05,1.3003328788940434e-12,8.0149220593739301e-12,4.5730894816557248e-15,2.8187363682742035e-14,1.7426780919650333e-15,1.7053025658242404e-13,2.8788872020448238e-14,3.9478376890421217e+01,3.9478417604357432e+01,-1.0312960520181465e-06,nan,1.2566331746567428e+01,1.2566370614359172e+01,3.8867791744223723e-05,9.9627337629693002e-16,9.9627337629693002e-16,2.6628005356243989e-16,6.0975530180584769e-16,2.1163626406917047e-16,8.3613671542082102e-16,9.9627337629693002e-16,4.3194614551822497e-16,29,6.9689656999999994e-01,2.2551235539999999e+00,1.7189998333333279e-02,5.6273888818000003e+01,5.4718512681999997e+01,1.2235148544700000e+02,7.0921875000000000e+02,7.0921875000000000e+02
exp1_static,32,2,1,mod2,0,pt,0.0000000000000000e+00,2.0000000000000000e+00,0.0000000000000000e+00,0,1,1,3.1249999999999997e-02,3.1250000000000007e-02,3.1250000000000007e-02,9.9999999999998679e-01,1.0000000000000122e+00,9.9999999999998357e-01,1.0000000000000000e+00,0,262144,786432,786432,262144,2.9103830456733704e-11,8.8817841970012582e-16,0.0000000000000000e+00,1.3865715119627451e-04,2.8739417619608614e-02,8.9741836348998714e+00,3.2024548180453263e-03,1.5335515964002937e-04,8.6531698823545603e-13,5.2295945351943374e-12,3.0132162414414094e-15,1.8210551051047931e-14,1.8895523972882805e-15,4.3387515802351118e-13,7.9843625389294616e-14,4.0267163737643664e+01,4.0267985956444576e+01,-2.0418672088595782e-05,nan,3.2103365558336491e-15,0.0000000000000000e+00,3.2103365558336491e-15,1.9984014443252818e-15,1.9984014443252818e-15,1.7052331768852014e-15,8.9338259012805565e-16,7.8582973461749361e-16,9.1203086749480633e-16,9.0379093098391650e-16,1.9984014443252818e-15,29,7.1947384299999995e-01,2.2719025459999997e+00,1.5865462466666595e-02,8.8390761070000003e+00,5.3516983103000001e+01,7.4107401816000007e+01,7.0923828125000000e+02,7.0923828125000000e+02
exp1_static,32,2,1,mod2,0,int,0.0000000000000000e+00,2.0000000000000000e+00,0.0000000000000000e+00,0,1,1,3.1249999999999997e-02,3.1250000000000007e-02,3.1250000000000007e-02,9.9999999999998679e-01,1.0000000000000122e+00,9.9999999999998357e-01,1.0000000000000000e+00,0,262144,786432,786432,262144,2.9103830456733704e-11,8.8817841970012582e-16,0.0000000000000000e+00,1.3865715119627152e-04,2.8739417619608645e-02,8.9741836348998714e+00,3.2024548180453298e-03,1.5335515964002606e-04,8.6161763963024995e-13,4.7322146201622672e-12,3.0003343294351614e-15,1.6478569293475440e-14,1.7426780919650333e-15,1.7053025658242404e-13,2.8788872020448238e-14,4.0267163737643720e+01,4.0267985956444576e+01,-2.0418672087184151e-05,nan,3.4119998539818475e-15,0.0000000000000000e+00,3.4119998539818475e-15,8.8470897274817162e-16,8.8470897274817162e-16,1.1015494072452725e-16,8.2269260848200076e-16,4.9439619065339002e-17,4.3715031594615539e-16,1.0234868508263162e-16,8.8470897274817162e-16,29,1.0544341920000000e+00,1.9466726249999997e+00,1.5035288333333103e-02,5.5701558481999996e+01,4.3905969752999994e+01,1.1155832848400000e+02,7.0946093750000000e+02,7.0946093750000000e+02
exp1_static,4,3,1,abc,0,pt,0.0000000000000000e+00,2.0000000000000000e+00,0.0000000000000000e+00,0,1,1,2.4999999999999997e-01,2.5000000000000000e-01,2.5000000000000000e-01,9.9999999999999889e-01,1.0000000000000009e+00,9.9999999999999822e-01,1.0000000000000000e+00,0,1728,5184,5184,1728,1.1368683772161603e-13,1.7763568394002505e-15,0.0000000000000000e+00,2.7825171086062628e-03,1.0547873575537677e-01,8.8857658763167766e+00,1.1870528351023646e-02,1.9675367162630634e-03,5.6785244649373764e-14,3.4305891460917337e-13,1.5976463210876231e-15,9.6519230695557683e-15,2.6465955506267503e-16,1.3433698597964394e-14,3.5794693925193179e-15,3.9476544796201708e+01,3.9478417604357432e+01,-4.7438784768250277e-05,2.3397735080095413e-15,1.2564013540599769e+01,1.2566370614359172e+01,2.3570737594038604e-03,3.1918911957973251e-16,3.1918911957973251e-16,1.6653345369377348e-16,1.6653345369377348e-16,3.1918911957973251e-16,7.6327832942979512e-17,3.0531133177191805e-16,4.1633363423443370e-17,10,1.5604319999999998e-03,1.3459011000000000e-02,4.4997805849268842e-05,1.8954231699999999e-01,7.0950656300000003e-01,1.1290681460000001e+00,5.1703125000000000e+01,5.1703125000000000e+01
exp1_static,4,3,1,abc,0,int,0.0000000000000000e+00,2.0000000000000000e+00,0.0000000000000000e+00,0,1,1,2.4999999999999997e-01,2.5000000000000000e-01,2.5000000000000000e-01,9.9999999999999889e-01,1.0000000000000009e+00,9.9999999999999822e-01,1.0000000000000000e+00,0,1728,5184,5184,1728,1.1368683772161603e-13,1.7763568394002505e-15,0.0000000000000000e+00,2.7825171086062624e-03,1.0547873575537681e-01,8.8857658763167766e+00,1.1870528351023651e-02,1.9675367162630634e-03,5.7276945529031969e-14,3.3684166567127249e-13,1.6114802687321570e-15,9.4770014864181878e-15,3.1029748777692281e-16,1.2434497875801753e-14,4.0343660123345361e-15,3.9476544796201722e+01,3.9478417604357432e+01,-4.7438784767890309e-05,2.6997386630879323e-15,1.2564013540599769e+01,1.2566370614359172e+01,2.3570737594038604e-03,6.0368376963992887e-16,6.0368376963992887e-16,0.0000000000000000e+00,3.8857805861880479e-16,3.3306690738754696e-16,2.7755575615628914e-17,5.5511151231257827e-17,6.0368376963992887e-16,10,1.5145600000000001e-03,1.3299544000000000e-02,4.4866799327354239e-05,7.2119688199999998e-01,7.1204975199999998e-01,1.8699817070000000e+00,5.1914062500000000e+01,5.1914062500000000e+01
exp1_static,4,3,1,mod2,0,pt,0.0000000000000000e+00,2.0000000000000000e+00,0.0000000000000000e+00,0,1,1,2.4999999999999997e-01,2.5000000000000000e-01,2.5000000000000000e-01,9.9999999999999889e-01,1.0000000000000009e+00,9.9999999999999822e-01,1.0000000000000000e+00,0,1728,5184,5184,1728,1.1368683772161603e-13,1.7763568394002505e-15,0.0000000000000000e+00,1.0486757983172182e-02,4.3253048822242918e-01,8.9741836348991555e+00,4.8197196070335326e-02,1.1598380831718939e-02,4.1828620519138109e-14,2.2737367544323206e-13,1.1652486237431484e-15,6.3341047134084819e-15,2.6465955506267503e-16,1.3433698597964394e-14,3.5794693925193179e-15,4.0129936803839193e+01,4.0267985956444576e+01,-3.4282606722546897e-03,1.3763373576526716e-14,2.9622097418198490e-16,0.0000000000000000e+00,2.9622097418198490e-16,1.1102230246251565e-16,1.1102230246251565e-16,0.0000000000000000e+00,5.5511151231257827e-17,1.1102230246251565e-16,5.5511151231257827e-17,2.7755575615628914e-17,1.1102230246251565e-16,10,1.4688660000000001e-03,1.3195609000000001e-02,3.4795681391304350e-05,3.7699432000000005e-02,9.0840475400000009e-01,1.1746135490000000e+00,5.1582031250000000e+01,5.1582031250000000e+01
exp1_static,4,3,1,mod2,0,int,0.0000000000000000e+00,2.0000000000000000e+00,0.0000000000000000e+00,0,1,1,2.4999999999999997e-01,2.5000000000000000e-01,2.5000000000000000e-01,9.9999999999999889e-01,1.0000000000000009e+00,9.9999999999999822e-01,1.0000000000000000e+00,0,1728,5184,5184,1728,1.1368683772161603e-13,1.7763568394002505e-15,0.0000000000000000e+00,1.0486757983172175e-02,4.3253048822242929e-01,8.9741836348991555e+00,4.8197196070335339e-02,1.1598380831718930e-02,4.1245304729798865e-14,1.6076029396572267e-13,1.1489987949823788e-15,4.4784099731520911e-15,3.1029748777692281e-16,1.2434497875801753e-14,4.0343660123345361e-15,4.0129936803839222e+01,4.0267985956444576e+01,-3.4282606722539836e-03,1.3057559546961242e-14,1.5333668037555148e-16,0.0000000000000000e+00,1.5333668037555148e-16,2.2204460492503131e-16,2.2204460492503131e-16,1.6653345369377348e-16,1.1102230246251565e-16,2.2204460492503131e-16,2.2204460492503131e-16,5.5511151231257827e-17,1.1102230246251565e-16,10,1.4727750000000000e-03,1.3116617000000001e-02,4.3158520388349507e-05,8.0295251700000003e-01,7.1025071300000020e-01,1.7413131819999998e+00,5.1812500000000000e+01,5.1812500000000000e+01
exp1_static,8,3,1,abc,0,pt,0.0000000000000000e+00,2.0000000000000000e+00,0.0000000000000000e+00,0,1,1,1.2499999999999999e-01,1.2500000000000003e-01,1.2500000000000003e-01,9.9999999999999756e-01,1.0000000000000029e+00,9.9999999999999623e-01,1.0000000000000000e+00,0,13824,41472,41472,13824,1.8189894035458565e-12,3.5527136788005033e-15,0.0000000000000000e+00,1.7745962773036897e-04,1.3464715464760449e-02,8.8857658763166345e+00,1.5153128781671098e-03,1.2548290615498568e-04,2.2065089613525444e-13,1.5829559885105482e-12,3.1039937807071668e-15,2.2268142253354102e-14,5.0088754463110151e-16,6.8778316375528448e-14,1.3041870903251650e-14,3.9478387313158358e+01,3.9478417604357432e+01,-7.6728503604056110e-07,-2.6097473743183345e-14,1.2566332157433360e+01,1.2566370614359172e+01,3.8456925812724307e-05,5.8286708792820718e-16,5.8286708792820718e-16,9.7144514654701197e-17,8.3266726846886741e-17,1.5959455978986625e-16,4.3021142204224816e-16,1.4571677198205180e-16,5.8286708792820718e-16,20,8.3664300000000011e-03,3.0788753000000002e-01,4.6707996744186042e-04,3.9155879600000004e-01,5.9675777830000003e+00,7.0742712059999997e+00,2.3906250000000000e+02,2.3906250000000000e+02
exp1_static,8,3,1,abc,0,int,0.0000000000000000e+00,2.0000000000000000e+00,0.0000000000000000e+00,0,1,1,1.2499999999999999e-01,1.2500000000000003e-01,1.2500000000000003e-01,9.9999999999999756e-01,1.0000000000000029e+00,9.9999999999999623e-01,1.0000000000000000e+00,0,13824,41472,41472,13824,1.8189894035458565e-12,3.5527136788005033e-15,0.0000000000000000e+00,1.7745962773036415e-04,1.3464715464760534e-02,8.8857658763166345e+00,1.5153128781671193e-03,1.2548290615498227e-04,2.1738281532845397e-13,1.2221335055073723e-12,3.0580202420683794e-15,1.7192292742665306e-14,4.4734710190269009e-16,4.4964032497318840e-14,1.0639124912437532e-14,3.9478387313158422e+01,3.9478417604357432e+01,-7.6728503442071785e-07,-2.8797212406271278e-14,1.2566332157433360e+01,1.2566370614359172e+01,3.8456925812724307e-05,3.8163916471489756e-16,3.8163916471489756e-16,9.7144514654701197e-17,1.3877787807814457e-16,3.8163916471489756e-16,1.8735013540549517e-16,1.9428902930940239e-16,1.2490009027033011e-16,20,9.5687879999999999e-03,2.0507702999999999e-01,4.8224368192771030e-04,2.9739212710000000e+00,4.8031565819999997e+00,8.3604299770000008e+00,2.3922265625000000e+02,2.3922265625000000e+02
exp1_static,8,3,1,mod2,0,pt,0.0000000000000000e+00,2.0000000000000000e+00,0.0000000000000000e+00,0,1,1,1.2499999999999999e-01,1.2500000000000003e-01,1.2500000000000003e-01,9.9999999999999756e-01,1.0000000000000029e+00,9.9999999999999623e-01,1.0000000000000000e+00,0,13824,41472,41472,13824,1.8189894035458565e-12,3.5527136788005033e-15,0.0000000000000000e+00,7.3982048271901914e-04,5.6773219422116369e-02,8.9741836348991200e+00,6.3262823374077935e-03,8.1824332357539572e-04,1.4739264780807362e-13,8.8018481392282411e-13,2.0530091343752971e-15,1.2259956583960607e-14,5.0088754463110151e-16,6.8778316375528448e-14,1.3041870903251650e-14,4.0265401061739560e+01,4.0267985956444576e+01,-6.4192301740950271e-05,4.8877621547408980e-14,9.4768079017884532e-16,0.0000000000000000e+00,9.4768079017884532e-16,4.9960036108132044e-16,4.9960036108132044e-16,3.6082248300317588e-16,2.2204460492503131e-16,3.8857805861880479e-16,4.0245584642661925e-16,1.7954387976359953e-16,4.9960036108132044e-16,20,7.4656719999999996e-03,1.6905688800000004e-01,4.7958103294117624e-04,2.4490537200000007e-01,4.9519049590000002e+00,5.7411328770000001e+00,2.3915625000000000e+02,2.3915625000000000e+02
exp1_static,8,3,1,mod2,0,int,0.0000000000000000e+00,2.0000000000000000e+00,0.0000000000000000e+00,0,1,1,1.2499999999999999e-01,1.2500000000000003e-01,1.2500000000000003e-01,9.9999999999999756e-01,1.0000000000000029e+00,9.9999999999999623e-01,1.0000000000000000e+00,0,13824,41472,41472,13824,1.8189894035458565e-12,3.5527136788005033e-15,0.0000000000000000e+00,7.3982048271902575e-04,5.6773219422116404e-02,8.9741836348991200e+00,6.3262823374077969e-03,8.1824332357540298e-04,1.4694764010500806e-13,8.4787732390623205e-13,2.0468106916927923e-15,1.1809950609448430e-14,4.4734710190269009e-16,4.4964032497318840e-14,1.0639124912437532e-14,4.0265401061739560e+01,4.0267985956444576e+01,-6.4192301740950271e-05,4.9406982069583081e-14,6.4022815911626840e-16,0.0000000000000000e+00,6.4022815911626840e-16,9.2981178312356860e-16,9.2981178312356860e-16,6.3837823915946501e-16,4.2327252813834093e-16,9.2981178312356860e-16,4.5796699765787707e-16,4.4582393332603942e-16,5.5511151231257827e-16,20,8.1989270000000000e-03,2.0069619799999999e-01,5.0136857249999942e-04,3.6669131170000000e+00,5.0003891960000004e+00,9.1936773840000008e+00,2.3916015625000000e+02,2.3916015625000000e+02
exp1_static,16,3,1,abc,0,pt,0.0000000000000000e+00,2.0000000000000000e+00,0.0000000000000000e+00,0,1,1,6.2499999999999993e-02,6.2500000000000014e-02,6.2500000000000014e-02,9.9999999999999556e-01,1.0000000000000053e+00,9.9999999999999312e-01,1.0000000000000000e+00,0,110592,331776,331776,110592,1.4551915228366852e-11,3.5527136788005033e-15,0.0000000000000000e+00,1.1147368008110774e-05,1.6919408049942562e-03,8.8857658763170058e+00,1.9041023908853382e-04,7.8823795109172280e-06,8.6851821683890764e-13,7.2191141953226179e-12,6.1089150117165605e-15,5.0777236705079136e-14,9.9901403652365575e-16,3.1863400806741993e-13,5.0057784621902197e-14,3.9478417126952074e+01,3.9478417604357432e+01,-1.2092818985225403e-08,nan,1.2566370006945183e+01,1.2566370614359172e+01,6.0741398932862012e-07,6.3490879220751140e-16,6.3490879220751140e-16,6.3490879220751140e-16,4.3715031594615539e-16,4.3021142204224816e-16,5.9674487573602164e-16,2.7018318138338770e-16,2.2898349882893854e-16,24,6.4501642999999997e-02,8.9587549000000000e-01,2.0006081047619063e-03,1.6088646940000000e+00,8.7430923659999991e+00,1.2552922016000000e+01,2.7214062500000000e+02,2.7214062500000000e+02
exp1_static,16,3,1,abc,0,int,0.0000000000000000e+00,2.0000000000000000e+00,0.0000000000000000e+00,0,1,1,6.2499999999999993e-02,6.2500000000000014e-02,6.2500000000000014e-02,9.9999999999999556e-01,1.0000000000000053e+00,9.9999999999999312e-01,1.0000000000000000e+00,0,110592,331776,331776,110592,1.4551915228366852e-11,3.5527136788005033e-15,0.0000000000000000e+00,1.1147368008109627e-05,1.6919408049942833e-03,8.8857658763170058e+00,1.9041023908853685e-04,7.8823795109164165e-06,8.6560051456224706e-13,7.7875483839306980e-12,6.0883927072996374e-15,5.4775444319652296e-14,8.4791319028751636e-16,1.2811973704174306e-13,2.9066159656064792e-14,3.9478417126952067e+01,3.9478417604357432e+01,-1.2092819165207979e-08,nan,1.2566370006945185e+01,1.2566370614359172e+01,6.0741398755226328e-07,1.1657341758564144e-15,1.1657341758564144e-15,6.5572547391923308e-16,1.1657341758564144e-15,8.7777007884426439e-16,5.5511151231257827e-16,7.6110992508482411e-17,7.3205330686221259e-16,24,6.1026743000000001e-02,9.1794480199999995e-01,2.1123946210526343e-03,1.6749027286000000e+01,1.2143031512000000e+01,3.2220455586000000e+01,2.7191796875000000e+02,2.7191796875000000e+02
exp1_static,16,3,1,mod2,0,pt,0.0000000000000000e+00,2.0000000000000000e+00,0.0000000000000000e+00,0,1,1,6.2499999999999993e-02,6.2500000000000014e-02,6.2500000000000014e-02,9.9999999999999556e-01,1.0000000000000053e+00,9.9999999999999312e-01,1.0000000000000000e+00,0,110592,331776,331776,110592,1.4551915228366852e-11,3.5527136788005033e-15,0.0000000000000000e+00,4.7108529351405405e-05,7.1719534682702021e-03,8.9741836348986688e+00,7.9917614348563350e-04,5.2102152516209606e-05,5.8335476734108004e-13,4.4337866711430252e-12,4.0627286494376683e-15,3.0878760477868024e-14,9.9901403652365575e-16,3.1863400806741993e-13,5.0057784621902197e-14,4.0267943503988633e+01,4.0267985956444576e+01,-1.0542483050777367e-06,nan,-2.8689217681739966e-15,0.0000000000000000e+00,2.8689217681739966e-15,7.0950190167451410e-16,7.0950190167451410e-16,6.9388939039072284e-18,8.6736173798840355e-18,6.5225602696727947e-16,2.3592239273284576e-16,7.0950190167451410e-16,6.3143934525555778e-16,24,2.2822391300000000e-01,1.8682506240000001e+00,8.3205138666666810e-03,3.1427606170000000e+00,1.8805919424999999e+01,2.6601250135000001e+01,2.7192578125000000e+02,2.7192578125000000e+02
exp1_static,16,3,1,mod2,0,int,0.0000000000000000e+00,2.0000000000000000e+00,0.0000000000000000e+00,0,1,1,6.2499999999999993e-02,6.2500000000000014e-02,6.2500000000000014e-02,9.9999999999999556e-01,1.0000000000000053e+00,9.9999999999999312e-01,1.0000000000000000e+00,0,110592,331776,331776,110592,1.4551915228366852e-11,3.5527136788005033e-15,0.0000000000000000e+00,4.7108529351406727e-05,7.1719534682702325e-03,8.9741836348986688e+00,7.9917614348563686e-04,5.2102152516211070e-05,5.8348358274042124e-13,4.5314862973100389e-12,4.0636257742109475e-15,3.1559181882628739e-14,8.4791319028751636e-16,1.2811973704174306e-13,2.9066159656064792e-14,4.0267943503988654e+01,4.0267985956444576e+01,-1.0542483045483762e-06,nan,-2.3485574531819211e-15,0.0000000000000000e+00,2.3485574531819211e-15,8.1532003370909933e-16,8.1532003370909933e-16,2.6367796834847468e-16,3.0878077872387166e-16,3.8337388819087437e-16,3.0357660829594124e-16,8.1532003370909933e-16,1.1796119636642288e-16,24,1.7131401899999998e-01,1.6816926520000000e+00,4.2512298799999822e-03,2.6890789037999998e+01,1.7195498468000000e+01,4.8228739142999999e+01,2.7208984375000000e+02,2.7208984375000000e+02
exp1_static,4,4,1,abc,0,pt,0.0000000000000000e+00,2.0000000000000000e+00,0.0000000000000000e+00,0,1,1,2.4999999999999997e-01,2.5000000000000000e-01,2.5000000000000000e-01,9.9999999999999889e-01,1.0000000000000009e+00,9.9999999999999822e-01,1.0000000000000000e+00,0,4096,12288,12288,4096,9.0949470177292824e-13,1.4210854715202004e-14,7.1054273576010019e-15,2.1140028376908767e-04,1.0481898555787843e-02,8.8857658763167482e+00,1.1796280367599231e-03,1.4948257419788243e-04,1.2377625180368634e-13,9.3791641120333225e-13,3.4824305953634069e-15,2.6388170256183623e-14,3.9599252084891476e-16,3.0198066269804258e-14,5.5315907732916029e-15,3.9478403768829381e+01,3.9478417604357432e+01,-3.5045801961688434e-07,1.3858658470518053e-14,1.2566348770960294e+01,1.2566370614359172e+01,2.1843398878118592e-05,1.7069679003611782e-15,1.7069679003611782e-15,1.3322676295501878e-15,8.8817841970012523e-16,1.1449174941446927e-15,8.9511731360403246e-16,1.7069679003611782e-15,1.6375789613221059e-15,9,1.4161499999999999e-03,9.7574281999999998e-02,1.7869180446428574e-04,1.2685868200000000e-01,3.9813978530000003e+00,4.4417452400000004e+00,1.5775781250000000e+02,1.5775781250000000e+02
exp1_static,4,4,1,abc,0,int,0.0000000000000000e+00,2.0000000000000000e+00,0.0000000000000000e+00,0,1,1,2.4999999999999997e-01,2.5000000000000000e-01,2.5000000000000000e-01,9.9999999999999889e-01,1.0000000000000009e+00,9.9999999999999822e-01,1.0000000000000000e+00,0,4096,12288,12288,4096,9.0949470177292824e-13,1.4210854715202004e-14,7.1054273576010019e-15,2.1140028376904807e-04,1.0481898555787763e-02,8.8857658763167482e+00,1.1796280367599140e-03,1.4948257419785443e-04,1.2076639594339550e-13,1.1832479440698762e-12,3.3977486472290033e-15,3.3290544690795573e-14,4.6602728346133765e-16,2.6645352591003757e-14,6.0065510735538732e-15,3.9478403768829381e+01,3.9478417604357432e+01,-3.5045801961688434e-07,1.5298519090831616e-14,1.2566348770960309e+01,1.2566370614359172e+01,2.1843398863907737e-05,1.9290125052862095e-15,1.9290125052862095e-15,7.7715611723760958e-16,1.4432899320127035e-15,9.5062846483529029e-16,1.1379786002407855e-15,1.8804402479588589e-15,1.9290125052862095e-15,9,1.5057840000000000e-03,1.2056312499999999e-01,1.6856844916666688e-04,3.9707665989999996e+00,4.0264350169999990e+00,8.3632668979999991e+00,1.5903125000000000e+02,1.5903125000000000e+02
exp1_static,4,4,1,mod2,0,pt,0.0000000000000000e+00,2.0000000000000000e+00,0.0000000000000000e+00,0,1,1,2.4999999999999997e-01,2.5000000000000000e-01,2.5000000000000000e-01,9.9999999999999889e-01,1.0000000000000009e+00,9.9999999999999822e-01,1.0000000000000000e+00,0,4096,12288,12288,4096,9.0949470177292824e-13,1.4210854715202004e-14,7.1054273576010019e-15,1.6443788797151145e-03,8.4184669369112716e-02,8.9741836348990294e+00,9.3807607236532659e-03,1.8186871966698825e-03,7.9371428112804877e-14,5.3324011872746269e-13,2.2111044118860926e-15,1.4854836395752620e-14,3.9599252084891476e-16,3.0198066269804258e-14,5.5315907732916029e-15,4.0263144000689870e+01,4.0267985956444576e+01,-1.2024330593398960e-04,-7.5875008178288301e-15,-9.8125378807621677e-17,0.0000000000000000e+00,9.8125378807621677e-17,3.3306690738754696e-16,3.3306690738754696e-16,3.0531133177191805e-16,2.2204460492503131e-16,2.4980018054066022e-16,1.1102230246251565e-16,3.3306690738754696e-16,5.5511151231257827e-17,9,1.5571820000000001e-03,1.0558116499999999e-01,1.4244622867132868e-04,1.6814433399999998e-01,3.8805683329999998e+00,4.3991878270000004e+00,1.5776171875000000e+02,1.5776171875000000e+02
exp1_static,4,4,1,mod2,0,int,0.0000000000000000e+00,2.0000000000000000e+00,0.0000000000000000e+00,0,1,1,2.4999999999999997e-01,2.5000000000000000e-01,2.5000000000000000e-01,9.9999999999999889e-01,1.0000000000000009e+00,9.9999999999999822e-01,1.0000000000000000e+00,0,4096,12288,12288,4096,9.0949470177292824e-13,1.4210854715202004e-14,7.1054273576010019e-15,1.6443788797151011e-03,8.4184669369112619e-02,8.9741836348990294e+00,9.3807607236532555e-03,1.8186871966698677e-03,7.6176163441304908e-14,3.9790393202565610e-13,2.1220917283514549e-15,1.1084683248464999e-14,4.6602728346133765e-16,2.6645352591003757e-14,6.0065510735538732e-15,4.0263144000689870e+01,4.0267985956444576e+01,-1.2024330593398960e-04,-7.4110473104374621e-15,-6.4350787068803705e-17,0.0000000000000000e+00,6.4350787068803705e-17,4.9960036108132044e-16,4.9960036108132044e-16,1.9428902930940239e-16,4.9960036108132044e-16,2.4980018054066022e-16,1.1102230246251565e-16,3.6082248300317588e-16,8.3266726846886741e-17,9,1.2550140000000000e-03,8.5646104000000001e-02,1.7661502202643168e-04,3.4533113250000000e+00,3.8234609369999997e+00,7.6064899940000004e+00,1.5903515625000000e+02,1.5903515625000000e+02
exp1_static,8,4,1,abc,0,pt,0.0000000000000000e+00,2.0000000000000000e+00,0.0000000000000000e+00,0,1,1,1.2499999999999999e-01,1.2500000000000003e-01,1.2500000000000003e-01,9.9999999999999756e-01,1.0000000000000029e+00,9.9999999999999623e-01,1.0000000000000000e+00,0,32768,98304,98304,32768,7.2759576141834259e-12,1.4210854715202013e-14,7.1054273576010019e-15,6.7192538344765926e-06,6.6688357427725992e-04,8.8857658763168050e+00,7.5050770362372697e-05,4.7512299508721381e-06,4.6325253052449143e-13,4.7464254748774692e-12,6.5167783083166249e-15,6.6770067163373279e-14,6.8996128242789618e-16,1.2079226507921703e-13,2.0187371468917776e-14,3.9478417548663849e+01,3.9478417604357432e+01,-1.4107349397032837e-09,nan,1.2566370525897343e+01,1.2566370614359172e+01,8.8461829861330443e-08,4.2257863874795021e-15,4.2257863874795021e-15,2.5396351688300456e-15,1.9012569296705806e-15,1.0269562977782698e-15,1.6930901125533637e-15,4.2257863874795021e-15,3.4833247397614286e-15,19,1.2556751000000000e-02,6.7872697199999998e-01,1.6379383280000007e-03,9.5351779399999992e-01,5.3129269089999998e+00,7.7706367240000001e+00,1.1417968750000000e+02,1.1417968750000000e+02
exp1_static,8,4,1,abc,0,int,0.0000000000000000e+00,2.0000000000000000e+00,0.0000000000000000e+00,0,1,1,1.2499999999999999e-01,1.2500000000000003e-01,1.2500000000000003e-01,9.9999999999999756e-01,1.0000000000000029e+00,9.9999999999999623e-01,1.0000000000000000e+00,0,32768,98304,98304,32768,7.2759576141834259e-12,1.4210854715202013e-14,7.1054273576010019e-15,6.7192538344436549e-06,6.6688357427714727e-04,8.8857658763168050e+00,7.5050770362360025e-05,4.7512299508488472e-06,4.7231241333158906e-13,4.4670933618817799e-12,6.6442276882182053e-15,6.2840578742175508e-14,6.8587942754342563e-16,8.5265128291212022e-14,1.4834207502169205e-14,3.9478417548663863e+01,3.9478417604357432e+01,-1.4107345797381286e-09,nan,1.2566370525897344e+01,1.2566370614359172e+01,8.8461828084973604e-08,3.5388358909926865e-15,3.5388358909926865e-15,3.0253577421035516e-15,2.7894353493707058e-15,1.7971735211119721e-15,1.4849232954361469e-15,3.5388358909926865e-15,2.7963742432746130e-15,19,8.5001790000000001e-03,7.7387157200000001e-01,1.4879016222222121e-03,1.1950986340000000e+01,5.9382064860000003e+00,1.9497254086000002e+01,1.1388671875000000e+02,1.1388671875000000e+02
exp1_static,8,4,1,mod2,0,pt,0.0000000000000000e+00,2.0000000000000000e+00,0.0000000000000000e+00,0,1,1,1.2499999999999999e-01,1.2500000000000003e-01,1.2500000000000003e-01,9.9999999999999756e-01,1.0000000000000029e+00,9.9999999999999623e-01,1.0000000000000000e+00,0,32768,98304,98304,32768,7.2759576141834259e-12,1.4210854715202013e-14,7.1054273576010019e-15,5.5231683742352945e-05,5.5205235377213989e-03,8.9741836348993047e+00,6.1515607015805651e-04,6.1086381801582894e-05,2.9314456053300152e-13,2.1751489498456067e-12,4.0831647264410294e-15,3.0297309459252175e-14,6.8996128242789618e-16,1.2079226507921703e-13,2.0187371468917776e-14,4.0267963641321714e+01,4.0267985956444576e+01,-5.5416535822214513e-07,nan,-5.4135400318327392e-16,0.0000000000000000e+00,5.4135400318327392e-16,2.9143354396410359e-16,2.9143354396410359e-16,6.9388939039072284e-17,3.4694469519536142e-17,2.9143354396410359e-16,6.9388939039072284e-18,2.4134340359527329e-16,1.3877787807814457e-16,19,8.4190959999999992e-03,9.1859788599999992e-01,3.2494584941176498e-03,9.6567559800000025e-01,5.3934400640000000e+00,7.9769371959999997e+00,1.1400000000000000e+02,1.1400000000000000e+02
exp1_static,8,4,1,mod2,0,int,0.0000000000000000e+00,2.0000000000000000e+00,0.0000000000000000e+00,0,1,1,1.2499999999999999e-01,1.2500000000000003e-01,1.2500000000000003e-01,9.9999999999999756e-01,1.0000000000000029e+00,9.9999999999999623e-01,1.0000000000000000e+00,0,32768,98304,98304,32768,7.2759576141834259e-12,1.4210854715202013e-14,7.1054273576010019e-15,5.5231683742335103e-05,5.5205235377213460e-03,8.9741836348993047e+00,6.1515607015805054e-04,6.1086381801563161e-05,2.9750046551770074e-13,2.7711166694643907e-12,4.1438374455694822e-15,3.8598450597332295e-14,6.8587942754342563e-16,8.5265128291212022e-14,1.4834207502169205e-14,4.0267963641321742e+01,4.0267985956444576e+01,-5.5416535751633110e-07,nan,-2.1577825518124399e-16,0.0000000000000000e+00,2.1577825518124399e-16,1.6653345369377348e-16,1.6653345369377348e-16,2.7755575615628914e-17,4.1633363423443370e-17,1.6653345369377348e-16,9.0205620750793969e-17,5.0306980803327406e-17,0.0000000000000000e+00,19,9.0367850000000003e-03,8.5278581000000009e-01,1.4378156071428577e-03,1.0944320331000000e+01,5.6123689009999982e+00,1.8040321333000001e+01,1.1396093750000000e+02,1.1396093750000000e+02
exp1_static,16,4,1,abc,0,pt,0.0000000000000000e+00,2.0000000000000000e+00,0.0000000000000000e+00,0,1,1,6.2499999999999993e-02,6.2500000000000014e-02,6.2500000000000014e-02,9.9999999999999556e-01,1.0000000000000053e+00,9.9999999999999312e-01,1.0000000000000000e+00,0,262144,786432,786432,262144,5.8207660913467407e-11,1.4210854715202013e-14,7.1054273576010019e-15,2.1086793292570214e-07,4.1865911150407239e-05,8.8857658763171674e+00,4.7115703624366893e-06,1.4910614530654965e-07,1.8535334545257431e-12,2.0218493546053651e-11,1.3037237591035078e-14,1.4221124709084650e-13,1.3518971026950804e-15,4.7606363295926712e-13,7.8393927489137547e-14,3.9478417604138535e+01,3.9478417604357432e+01,-5.5447232662499959e-12,nan,1.2566370614009569e+01,1.2566370614359172e+01,3.4960301320552389e-10,7.0464467594177904e-15,7.0464467594177904e-15,3.4104663537704027e-15,4.9266146717741321e-15,4.3767073298894843e-15,4.1390502136806617e-15,6.5141034927274077e-15,7.0464467594177904e-15,22,1.1498931000000000e-01,7.0472091070000005e+00,2.0898808799999991e-02,7.8799938709999999e+00,4.1923996037999999e+01,6.1285117497999998e+01,6.7680468750000000e+02,6.7680468750000000e+02
exp1_static,16,4,1,abc,0,int,0.0000000000000000e+00,2.0000000000000000e+00,0.0000000000000000e+00,0,1,1,6.2499999999999993e-02,6.2500000000000014e-02,6.2500000000000014e-02,9.9999999999999556e-01,1.0000000000000053e+00,9.9999999999999312e-01,1.0000000000000000e+00,0,262144,786432,786432,262144,5.8207660913467407e-11,1.4210854715202013e-14,7.1054273576010019e-15,2.1086793290262517e-07,4.1865911150285863e-05,8.8857658763171674e+00,4.7115703624230292e-06,1.4910614529023177e-07,1.8620955743898870e-12,2.0150991986156441e-11,1.3097461155211493e-14,1.4173645993661594e-13,1.2189629183708680e-15,3.0553337637684308e-13,4.2641647501600351e-14,3.9478417604138556e+01,3.9478417604357432e+01,-5.5441833185173781e-12,nan,1.2566370614009575e+01,1.2566370614359172e+01,3.4959768413500569e-10,7.1886940844478886e-15,7.1886940844478886e-15,4.0696612746415894e-15,6.0090821207836598e-15,4.6837533851373792e-15,3.5631220196563618e-15,7.0026449916493760e-15,7.1886940844478886e-15,22,1.1500364300000000e-01,6.5581161880000005e+00,2.6006078700000046e-02,7.2000930963000002e+01,4.2194167872999998e+01,1.2547227290200000e+02,6.7661718750000000e+02,6.7661718750000000e+02
exp1_static,16,4,1,mod2,0,pt,0.0000000000000000e+00,2.0000000000000000e+00,0.0000000000000000e+00,0,1,1,6.2499999999999993e-02,6.2500000000000014e-02,6.2500000000000014e-02,9.9999999999999556e-01,1.0000000000000053e+00,9.9999999999999312e-01,1.0000000000000000e+00,0,262144,786432,786432,262144,5.8207660913467407e-11,1.4210854715202013e-14,7.1054273576010019e-15,1.7552395088484290e-06,3.4910632459852852e-04,8.9741836348987256e+00,3.8901179071144359e-05,1.9412993326604486e-06,1.1433671789480068e-12,1.1027623258996755e-11,7.9628912881117842e-15,7.6801019650081527e-14,1.3518971026950804e-15,4.7606363295926712e-13,7.8393927489137547e-14,4.0267985865586169e+01,4.0267985956444576e+01,-2.2563434664587844e-09,nan,3.2421158026465320e-15,0.0000000000000000e+00,3.2421158026465320e-15,6.1409211049578971e-16,6.1409211049578971e-16,6.1409211049578971e-16,2.1510571102112408e-16,4.6143644460983069e-16,1.0581813203458523e-16,3.0531133177191805e-16,1.4571677198205180e-16,22,1.0347569700000001e-01,6.5127579100000004e+00,2.6143646200000072e-02,7.4132952469999989e+00,3.9196980492999998e+01,5.7422497221999997e+01,6.7671875000000000e+02,6.7671875000000000e+02
exp1_static,16,4,1,mod2,0,int,0.0000000000000000e+00,2.0000000000000000e+00,0.0000000000000000e+00,0,1,1,6.2499999999999993e-02,6.2500000000000014e-02,6.2500000000000014e-02,9.9999999999999556e-01,1.0000000000000053e+00,9.9999999999999312e-01,1.0000000000000000e+00,0,262144,786432,786432,262144,5.8207660913467407e-11,1.4210854715202013e-14,7.1054273576010019e-15,1.7552395088387609e-06,3.4910632459847431e-04,8.9741836348987256e+00,3.8901179071138322e-05,1.9412993326497556e-06,1.1387873610240159e-12,1.1368683772161603e-11,7.9309955043954459e-15,7.9176308917609813e-14,1.2189629183708680e-15,3.0553337637684308e-13,4.2641647501600351e-14,4.0267985865586176e+01,4.0267985956444576e+01,-2.2563432900052771e-09,nan,3.1365253107165213e-15,0.0000000000000000e+00,3.1365253107165213e-15,5.7592819402429996e-16,5.7592819402429996e-16,4.0939474033052647e-16,4.3888503942213219e-16,4.0592529337857286e-16,1.1449174941446927e-16,2.2551405187698492e-16,5.7592819402429996e-16,22,1.1596609400000001e-01,6.5158530099999998e+00,2.6505493000000512e-02,7.1633657788000008e+01,4.3552249510999999e+01,1.2631690767000001e+02,6.7687500000000000e+02,6.7687500000000000e+02
exp1_static,4,1,1,abc,1,pt,0.0000000000000000e+00,2.0000000000000000e+00,0.0000000000000000e+00,0,1,1,2.4999999999999997e-01,2.5000000000000000e-01,2.5000000000000000e-01,9.9999999999999889e-01,1.0000000000000009e+00,9.9999999999999822e-01,1.0000000000000000e+00,0,64,192,192,64,0.0000000000000000e+00,0.0000000000000000e+00,0.0000000000000000e+00,3.0175308719729133e-01,3.8674071582242413e+00,8.9071227233442034e+00,4.3419264316279821e-01,2.1337165420118048e-01,4.6807455653292226e-15,1.7763568394002505e-14,1.3137647562275371e-16,4.9857762561884633e-16,1.6321760581093003e-16,0.0000000000000000e+00,0.0000000000000000e+00,3.2190000000000055e+01,3.9668417604357430e+01,-1.8852321458711019e-01,-1.0747230850197307e-15,7.9999999999999769e+00,1.2566370614359172e+01,4.5663706143591956e+00,3.3306690738754696e-16,6.1062266354383610e-16,3.3306690738754696e-16,5.5511151231257827e-17,2.2204460492503131e-16,5.5511151231257827e-17,1.6653345369377348e-16,1.6653345369377348e-16,6,1.3123230000000000e-03,3.2396700000000009e-04,7.7644471533668500e-07,2.3899100000000003e-03,3.8350377999999991e-02,2.4369126299999999e-01,2.5648437500000000e+01,2.5648437500000000e+01
exp1_static,4,1,1,abc,1,int,0.0000000000000000e+00,2.0000000000000000e+00,0.0000000000000000e+00,0,1,1,2.4999999999999997e-01,2.5000000000000000e-01,2.5000000000000000e-01,9.9999999999999889e-01,1.0000000000000009e+00,9.9999999999999822e-01,1.0000000000000000e+00,0,64,192,192,64,0.0000000000000000e+00,0.0000000000000000e+00,0.0000000000000000e+00,3.0175308719729110e-01,3.8674071582242413e+00,8.9071227233442034e+00,4.3419264316279821e-01,2.1337165420118034e-01,4.1078251911130776e-15,1.4210854715202004e-14,1.1529607592435818e-16,3.9886210049507708e-16,4.3078486835195019e-16,8.8817841970012523e-16,3.2840839953582970e-16,3.2190000000000062e+01,3.9668417604357430e+01,-1.8852321458710999e-01,1.7912051416995510e-16,7.9999999999999787e+00,1.2566370614359172e+01,4.5663706143591938e+00,4.9960036108132044e-16,3.8857805861880479e-16,3.8857805861880479e-16,4.9960036108132044e-16,4.4408920985006262e-16,4.1633363423443370e-16,4.4408920985006262e-16,5.5511151231257827e-17,6,1.2874110000000000e-03,3.1453800000000006e-04,7.9664959492918692e-07,7.6782369999999992e-03,4.3120142000000028e-02,2.5889533200000003e-01,2.5621093750000000e+01,2.5621093750000000e+01
exp1_static,8,1,1,abc,1,pt,0.0000000000000000e+00,2.0000000000000000e+00,0.0000000000000000e+00,0,1,1,1.2499999999999999e-01,1.2500000000000003e-01,1.2500000000000003e-01,9.9999999999999756e-01,1.0000000000000029e+00,9.9999999999999623e-01,1.0000000000000000e+00,0,512,1536,1536,512,0.0000000000000000e+00,0.0000000000000000e+00,0.0000000000000000e+00,7.8568681355176792e-02,1.9940339026590546e+00,8.9071227233441963e+00,2.2386958893392128e-01,5.5556447375131109e-02,1.0694796317893326e-14,3.7303493627405260e-14,1.5008769736976778e-16,5.2350650689978910e-16,3.1550919712741589e-16,0.0000000000000000e+00,0.0000000000000000e+00,3.7680332008120693e+01,3.9668417604357430e+01,-5.0117592692135830e-02,3.3316415635611654e-14,1.1313708498984754e+01,1.2566370614359172e+01,1.2526621153744184e+00,1.0547118733938987e-15,1.9428902930940239e-16,7.7715611723760958e-16,1.0547118733938987e-15,0.0000000000000000e+00,8.3266726846886741e-17,2.2204460492503131e-16,1.6653345369377348e-16,15,1.2575555000000000e-02,9.5702089999999979e-03,6.5285831891627222e-06,4.0848401999999999e-02,3.5238976200000005e-01,6.3925448600000001e-01,2.8218750000000000e+01,2.8218750000000000e+01
exp1_static,8,1,1,abc,1,int,0.0000000000000000e+00,2.0000000000000000e+00,0.0000000000000000e+00,0,1,1,1.2499999999999999e-01,1.2500000000000003e-01,1.2500000000000003e-01,9.9999999999999756e-01,1.0000000000000029e+00,9.9999999999999623e-01,1.0000000000000000e+00,0,512,1536,1536,512,0.0000000000000000e+00,0.0000000000000000e+00,0.0000000000000000e+00,7.8568681355176431e-02,1.9940339026590546e+00,8.9071227233441963e+00,2.2386958893392128e-01,5.5556447375130852e-02,1.1155462722028615e-14,4.5297099404706387e-14,1.5655255726958638e-16,6.3568647266402955e-16,5.0385893891526159e-16,1.7763568394002505e-15,6.6265528543903557e-16,3.7680332008120729e+01,3.9668417604357430e+01,-5.0117592692134935e-02,3.3674656663951563e-14,1.1313708498984772e+01,1.2566370614359172e+01,1.2526621153744006e+00,1.4988010832439613e-15,6.6613381477509392e-16,8.3266726846886741e-16,1.4988010832439613e-15,2.2204460492503131e-16,1.1102230246251565e-16,2.2204460492503131e-16,5.5511151231257827e-17,15,8.9528090000000008e-03,1.6707270000000003e-03,6.7580108612360493e-06,1.5984698500000000e-01,3.6323580100000008e-01,7.6088940299999996e-01,2.8410156250000000e+01,2.8410156250000000e+01
exp1_static,4,2,1,abc,1,pt,0.0000000000000000e+00,2.0000000000000000e+00,0.0000000000000000e+00,0,1,1,2.4999999999999997e-01,2.5000000000000000e-01,2.5000000000000000e-01,9.9999999999999889e-01,1.0000000000000009e+00,9.9999999999999822e-01,1.0000000000000000e+00,0,512,1536,1536,512,5.6843418860808015e-14,8.8817841970012523e-16,0.0000000000000000e+00,3.0443289143790426e-02,7.8978614776370815e-01,8.9071227233441981e+00,8.8669054227107497e-02,2.1526656195196937e-02,2.3606588436943715e-14,1.0103029524088925e-13,6.6257615310145202e-16,2.8356602457071901e-15,2.3008316165753837e-16,3.5527136788005009e-15,1.3317186390885116e-15,3.9510442677495980e+01,3.9668417604357430e+01,-3.9823853937671627e-03,-1.0747230850197307e-15,1.2418277998646355e+01,1.2566370614359172e+01,1.4809261571281773e-01,3.3306690738754696e-16,3.8857805861880479e-16,3.3306690738754696e-16,2.7755575615628914e-16,2.7755575615628914e-17,1.6653345369377348e-16,1.6653345369377348e-16,1.1102230246251565e-16,10,1.6427989999999999e-03,2.3195429999999999e-03,1.0806441739591620e-05,9.1809000000000005e-03,1.6572228000000003e-01,3.8660435700000001e-01,2.8664062500000000e+01,2.8664062500000000e+01
exp1_static,4,2,1,abc,1,int,0.0000000000000000e+00,2.0000000000000000e+00,0.0000000000000000e+00,0,1,1,2.4999999999999997e-01,2.5000000000000000e-01,2.5000000000000000e-01,9.9999999999999889e-01,1.0000000000000009e+00,9.9999999999999822e-01,1.0000000000000000e+00,0,512,1536,1536,512,5.6843418860808015e-14,8.8817841970012523e-16,0.0000000000000000e+00,3.0443289143790402e-02,7.8978614776370826e-01,8.9071227233441981e+00,8.8669054227107511e-02,2.1526656195196919e-02,2.5125480959096346e-14,8.5265128291212022e-14,7.0520755522000169e-16,2.3931726029704637e-15,4.4420040891147098e-16,6.2172489379008766e-15,1.7710600686775477e-15,3.9510442677495995e+01,3.9668417604357430e+01,-3.9823853937668045e-03,-7.1648205667982041e-16,1.2418277998646364e+01,1.2566370614359172e+01,1.4809261571280885e-01,3.8857805861880479e-16,4.1633363423443370e-16,5.5511151231257827e-17,3.8857805861880479e-16,1.3877787807814457e-16,1.1102230246251565e-16,1.1102230246251565e-16,3.3306690738754696e-16,10,1.4468200000000001e-03,2.4016649999999999e-03,8.2394443666323343e-06,2.2190744799999995e-01,1.1516119100000000e-01,5.4836224200000006e-01,2.8574218750000000e+01,2.8574218750000000e+01
exp1_static,8,2,1,abc,1,pt,0.0000000000000000e+00,2.0000000000000000e+00,0.0000000000000000e+00,0,1,1,1.2499999999999999e-01,1.2500000000000003e-01,1.2500000000000003e-01,9.9999999999999756e-01,1.0000000000000029e+00,9.9999999999999623e-01,1.0000000000000000e+00,0,4096,12288,12288,4096,4.5474735088646412e-13,8.8817841970012582e-16,0.0000000000000000e+00,3.9059351600949314e-03,2.0254441739406701e-01,8.9071227233441999e+00,2.2739601068168649e-02,2.7619132385781320e-03,8.6922994342237131e-14,4.3876013933186186e-13,1.2198523171015892e-15,6.1574336763927549e-15,4.9326906251782717e-16,1.8540724511240114e-14,4.6830144631474520e-15,3.9658128469588092e+01,3.9668417604357430e+01,-2.5937850286740488e-04,-2.3285666842094163e-15,1.2556590281248871e+01,1.2566370614359172e+01,9.7803331103012425e-03,9.4368957093138306e-16,7.2164496600635175e-16,9.4368957093138306e-16,6.6613381477509392e-16,5.5511151231257827e-17,3.6082248300317588e-16,2.2204460492503131e-16,5.5511151231257827e-17,21,1.0230750000000000e-02,3.9816270000000001e-02,7.8050553996101326e-05,1.4011126299999999e-01,1.0737354400000001e+00,1.5381380099999999e+00,5.1875000000000000e+01,5.1875000000000000e+01
exp1_static,8,2,1,abc,1,int,0.0000000000000000e+00,2.0000000000000000e+00,0.0000000000000000e+00,0,1,1,1.2499999999999999e-01,1.2500000000000003e-01,1.2500000000000003e-01,9.9999999999999756e-01,1.0000000000000029e+00,9.9999999999999623e-01,1.0000000000000000e+00,0,4096,12288,12288,4096,4.5474735088646412e-13,8.8817841970012582e-16,0.0000000000000000e+00,3.9059351600949162e-03,2.0254441739406698e-01,8.9071227233441999e+00,2.2739601068168646e-02,2.7619132385781212e-03,8.4545606850735292e-14,3.9790393202565610e-13,1.1864887444117369e-15,5.5840694069310812e-15,5.4665313845116514e-16,1.4210854715202004e-14,3.8686029305444679e-15,3.9658128469588078e+01,3.9668417604357430e+01,-2.5937850286776311e-04,-2.6868077125493267e-15,1.2556590281248871e+01,1.2566370614359172e+01,9.7803331103012425e-03,1.6653345369377348e-15,4.9960036108132044e-16,1.6653345369377348e-15,6.1062266354383610e-16,5.5511151231257827e-17,2.7755575615628914e-17,5.5511151231257827e-16,2.2204460492503131e-16,21,7.3325479999999995e-03,1.5873182999999999e-02,7.6409533969465642e-05,8.3853564400000002e-01,1.1916779980000001e+00,2.3388969930000001e+00,5.2042968750000000e+01,5.2042968750000000e+01
exp1_static,4,3,1,abc,1,pt,0.0000000000000000e+00,2.0000000000000000e+00,0.0000000000000000e+00,0,1,1,2.4999999999999997e-01,2.5000000000000000e-01,2.5000000000000000e-01,9.9999999999999889e-01,1.0000000000000009e+00,9.9999999999999822e-01,1.0000000000000000e+00,0,1728,5184,5184,1728,1.1368683772161603e-13,1.7763568394002505e-15,0.0000000000000000e+00,2.7825171086062628e-03,1.0547873575537675e-01,8.9071227233442158e+00,1.1842066066849287e-02,1.9675367162630634e-03,5.7336915087405844e-14,3.8280489889075398e-13,1.6092995703633478e-15,1.0744347832086124e-14,2.6465955506267503e-16,1.3433698597964394e-14,3.5794693925193179e-15,3.9666544796201663e+01,3.9668417604357430e+01,-4.7211567006421916e-05,-2.1494461700394613e-15,1.2564013540599769e+01,1.2566370614359172e+01,2.3570737594038604e-03,6.1062266354383610e-16,3.1918911957973251e-16,1.1102230246251565e-16,6.1062266354383610e-16,2.7755575615628914e-16,0.0000000000000000e+00,1.1102230246251565e-16,0.0000000000000000e+00,10,1.4976980000000000e-03,1.7546327000000000e-02,4.2477363906581742e-05,4.9078685999999996e-02,5.8564737899999997e-01,8.7050226300000000e-01,5.1628906250000000e+01,5.1628906250000000e+01
exp1_static,4,3,1,abc,1,int,0.0000000000000000e+00,2.0000000000000000e+00,0.0000000000000000e+00,0,1,1,2.4999999999999997e-01,2.5000000000000000e-01,2.5000000000000000e-01,9.9999999999999889e-01,1.0000000000000009e+00,9.9999999999999822e-01,1.0000000000000000e+00,0,1728,5184,5184,1728,1.1368683772161603e-13,1.7763568394002505e-15,0.0000000000000000e+00,2.7825171086062624e-03,1.0547873575537677e-01,8.9071227233442158e+00,1.1842066066849288e-02,1.9675367162630634e-03,5.7388631770984632e-14,3.2684965844964609e-13,1.6107511245067314e-15,9.1738283113867596e-15,3.1029748777692281e-16,1.2434497875801753e-14,4.0343660123345361e-15,3.9666544796201663e+01,3.9668417604357430e+01,-4.7211567006421916e-05,-1.4329641133596408e-15,1.2564013540599769e+01,1.2566370614359172e+01,2.3570737594038604e-03,6.3837823915946501e-16,6.0368376963992887e-16,3.8857805861880479e-16,0.0000000000000000e+00,0.0000000000000000e+00,6.3837823915946501e-16,1.1102230246251565e-16,2.2204460492503131e-16,10,1.4347439999999999e-03,1.6687281999999998e-02,4.4603691638795986e-05,6.9381885799999998e-01,7.1160420300000005e-01,1.6372303939999999e+00,5.1914062500000000e+01,5.1914062500000000e+01
exp1_static,8,3,1,abc,1,pt,0.0000000000000000e+00,2.0000000000000000e+00,0.0000000000000000e+00,0,1,1,1.2499999999999999e-01,1.2500000000000003e-01,1.2500000000000003e-01,9.9999999999999756e-01,1.0000000000000029e+00,9.9999999999999623e-01,1.0000000000000000e+00,0,13824,41472,41472,13824,1.8189894035458565e-12,3.5527136788005033e-15,0.0000000000000000e+00,1.7745962773036897e-04,1.3464715464760441e-02,8.9071227233441483e+00,1.5116795718410356e-03,1.2548290615498568e-04,2.2045019118499034e-13,1.5631940186722204e-12,3.0937346159948134e-15,2.1937415527229374e-14,5.0088754463110151e-16,6.8778316375528448e-14,1.3041870903251650e-14,3.9668387313158682e+01,3.9668417604357430e+01,-7.6360995917837360e-07,nan,1.2566332157433360e+01,1.2566370614359172e+01,3.8456925812724307e-05,8.3266726846886741e-16,5.8286708792820718e-16,8.3266726846886741e-16,3.3306690738754696e-16,5.2735593669694936e-16,5.5511151231257827e-17,6.6613381477509392e-16,5.5511151231257827e-16,20,8.4461060000000001e-03,2.2560666700000001e-01,5.2700973684210539e-04,4.0899343199999999e-01,2.1628652170000002e+00,3.2157700750000000e+00,5.5718750000000000e+01,5.5718750000000000e+01
exp1_static,8,3,1,abc,1,int,0.0000000000000000e+00,2.0000000000000000e+00,0.0000000000000000e+00,0,1,1,1.2499999999999999e-01,1.2500000000000003e-01,1.2500000000000003e-01,9.9999999999999756e-01,1.0000000000000029e+00,9.9999999999999623e-01,1.0000000000000000e+00,0,13824,41472,41472,13824,1.8189894035458565e-12,3.5527136788005033e-15,0.0000000000000000e+00,1.7745962773036415e-04,1.3464715464760533e-02,8.9071227233441483e+00,1.5116795718410458e-03,1.2548290615498227e-04,2.1810146927314710e-13,1.2403411631112249e-12,3.0607733278101395e-15,1.7406591354418080e-14,4.4734710190269009e-16,4.4964032497318840e-14,1.0639124912437532e-14,3.9668387313158689e+01,3.9668417604357430e+01,-7.6360995899925313e-07,nan,1.2566332157433360e+01,1.2566370614359172e+01,3.8456925812724307e-05,1.4988010832439613e-15,3.8163916471489756e-16,1.4988010832439613e-15,0.0000000000000000e+00,3.3306690738754696e-16,0.0000000000000000e+00,4.4408920985006262e-16,2.2204460492503131e-16,20,8.3919950000000011e-03,2.4201345000000002e-01,5.0815379493670838e-04,3.6133631050000004e+00,2.1124972979999992e+00,6.3745793939999995e+00,5.5789062500000000e+01,5.5789062500000000e+01
exp1_static,4,4,1,abc,1,pt,0.0000000000000000e+00,2.0000000000000000e+00,0.0000000000000000e+00,0,1,1,2.4999999999999997e-01,2.5000000000000000e-01,2.5000000000000000e-01,9.9999999999999889e-01,1.0000000000000009e+00,9.9999999999999822e-01,1.0000000000000000e+00,0,4096,12288,12288,4096,9.0949470177292824e-13,1.4210854715202004e-14,7.1054273576010019e-15,2.1140028376908767e-04,1.0481898555787943e-02,8.9071227233442283e+00,1.1767996109805993e-03,1.4948257419788243e-04,1.2417132603552471e-13,1.0231815394945443e-12,3.4851693945478690e-15,2.8718071235645472e-14,3.9599252084891476e-16,3.0198066269804258e-14,5.5315907732916029e-15,3.9668403768829926e+01,3.9668417604357430e+01,-3.4877941545603171e-07,-5.7318564534385633e-15,1.2566348770960294e+01,1.2566370614359172e+01,2.1843398878118592e-05,1.7763568394002505e-15,1.7069679003611782e-15,7.7715611723760958e-16,9.9920072216264089e-16,6.6613381477509392e-16,9.4368957093138306e-16,1.7763568394002505e-15,1.3322676295501878e-15,9,1.5550150000000001e-03,1.0580975400000001e-01,1.8633724474885846e-04,1.2296809800000000e-01,3.7754669690000000e+00,4.2557390540000002e+00,1.5789062500000000e+02,1.5789062500000000e+02
exp1_static,4,4,1,abc,1,int,0.0000000000000000e+00,2.0000000000000000e+00,0.0000000000000000e+00,0,1,1,2.4999999999999997e-01,2.5000000000000000e-01,2.5000000000000000e-01,9.9999999999999889e-01,1.0000000000000009e+00,9.9999999999999822e-01,1.0000000000000000e+00,0,4096,12288,12288,4096,9.0949470177292824e-13,1.4210854715202004e-14,7.1054273576010019e-15,2.1140028376904807e-04,1.0481898555787836e-02,8.9071227233442283e+00,1.1767996109805872e-03,1.4948257419785443e-04,1.2070852601167804e-13,1.1468881400134023e-12,3.3879775142010542e-15,3.2190196981556705e-14,4.6602728346133765e-16,2.6645352591003757e-14,6.0065510735538732e-15,3.9668403768829947e+01,3.9668417604357430e+01,-3.4877941491867020e-07,-6.0900974817784741e-15,1.2566348770960309e+01,1.2566370614359172e+01,2.1843398863907737e-05,1.9984014443252818e-15,1.9290125052862095e-15,1.2767564783189300e-15,1.6098233857064770e-15,5.2735593669694936e-16,1.0547118733938987e-15,1.9984014443252818e-15,1.5543122344752192e-15,9,1.5426900000000000e-03,1.1316447600000000e-01,1.5098163471698086e-04,3.3932024380000003e+00,2.9991444230000002e+00,6.7452055309999999e+00,1.5910156250000000e+02,1.5910156250000000e+02
exp1_static,8,4,1,abc,1,pt,0.0000000000000000e+00,2.0000000000000000e+00,0.0000000000000000e+00,0,1,1,1.2499999999999999e-01,1.2500000000000003e-01,1.2500000000000003e-01,9.9999999999999756e-01,1.0000000000000029e+00,9.9999999999999623e-01,1.0000000000000000e+00,0,32768,98304,98304,32768,7.2759576141834259e-12,1.4210854715202013e-14,7.1054273576010019e-15,6.7192538344765926e-06,6.6688357427724637e-04,8.9071227233442762e+00,7.4870819117540756e-05,4.7512299508721381e-06,4.6349666473347205e-13,4.6895820560166612e-12,6.5045789635118990e-15,6.5812246581687173e-14,6.8996128242789618e-16,1.2079226507921703e-13,2.0187371468917776e-14,3.9668417548663498e+01,3.9668417604357430e+01,-1.4039867130592823e-09,nan,1.2566370525897343e+01,1.2566370614359172e+01,8.8461829861330443e-08,4.7739590058881731e-15,4.2257863874795021e-15,1.2212453270876722e-15,2.4980018054066022e-15,8.6042284408449632e-16,2.0261570199409107e-15,4.7739590058881731e-15,3.5527136788005009e-15,19,6.8576109999999996e-03,8.2522241999999990e-01,1.6627069920000003e-03,1.0163755170000002e+00,4.8436974040000003e+00,7.4251519159999999e+00,1.1414843750000000e+02,1.1414843750000000e+02
exp1_static,8,4,1,abc,1,int,0.0000000000000000e+00,2.0000000000000000e+00,0.0000000000000000e+00,0,1,1,1.2499999999999999e-01,1.2500000000000003e-01,1.2500000000000003e-01,9.9999999999999756e-01,1.0000000000000029e+00,9.9999999999999623e-01,1.0000000000000000e+00,0,32768,98304,98304,32768,7.2759576141834259e-12,1.4210854715202013e-14,7.1054273576010019e-15,6.7192538344436549e-06,6.6688357427713112e-04,8.9071227233442762e+00,7.4870819117527827e-05,4.7512299508488472e-06,4.7280163232558753e-13,4.4546588640059781e-12,6.6351622040420940e-15,6.2515402032282589e-14,6.8587942754342563e-16,8.5265128291212022e-14,1.4834207502169205e-14,3.9668417548663527e+01,3.9668417604357430e+01,-1.4039859965772255e-09,nan,1.2566370525897344e+01,1.2566370614359172e+01,8.8461828084973604e-08,3.6637359812630166e-15,3.5388358909926865e-15,2.4980018054066022e-15,2.8865798640254070e-15,1.3877787807814457e-15,1.7208456881689926e-15,3.6637359812630166e-15,3.2196467714129540e-15,19,6.7739650000000007e-03,7.0880300600000001e-01,1.4911625111110993e-03,1.0784450721000001e+01,4.3834869040000015e+00,1.6436502265000001e+01,1.1390234375000000e+02,1.1390234375000000e+02
