exp,p,q,N,eps,nrez,rezone_index,step,t,s,minDetJ_src,floor_pre,floor_post
exp5_floor,2,2,8,2.9999999999999999e-01,2,1,50,5.0000000000000000e-01,1.0000000000000000e+00,9.0102538012759037e-01,2.3528419854869996e-02,2.6160247319637623e-02
exp5_floor,2,2,8,2.9999999999999999e-01,2,2,100,1.0000000000000000e+00,0.0000000000000000e+00,9.1711066652447248e-01,2.5822731353761435e-02,2.2794230841712556e-02
exp5_floor,2,2,8,2.9999999999999999e-01,20,1,5,5.0000000000000003e-02,2.4471741852423214e-02,9.9994072745051943e-01,2.2794549812432795e-02,2.2795709998007389e-02
exp5_floor,2,2,8,2.9999999999999999e-01,20,2,10,1.0000000000000001e-01,9.5491502812526274e-02,9.9917267524952380e-01,2.2800196094008619e-02,2.2816836559610677e-02
exp5_floor,2,2,8,2.9999999999999999e-01,20,3,15,1.4999999999999999e-01,2.0610737385376340e-01,9.9679202130442190e-01,2.2834298218627674e-02,2.2900793138314789e-02
exp5_floor,2,2,8,2.9999999999999999e-01,20,4,20,2.0000000000000001e-01,3.4549150281252627e-01,9.9262168698822639e-01,2.2941261412064110e-02,2.3101327500807272e-02
exp5_floor,2,2,8,2.9999999999999999e-01,20,5,25,2.5000000000000000e-01,4.9999999999999989e-01,9.8740474515302301e-01,2.3171792418533996e-02,2.3464608641124676e-02
exp5_floor,2,2,8,2.9999999999999999e-01,20,6,30,2.9999999999999999e-01,6.5450849718747373e-01,9.8260397997746474e-01,2.3565588499844175e-02,2.4008099770868537e-02
exp5_floor,2,2,8,2.9999999999999999e-01,20,7,35,3.5000000000000003e-01,7.9389262614623646e-01,9.7996844014214579e-01,2.4130593589775384e-02,2.4693231494046144e-02
exp5_floor,2,2,8,2.9999999999999999e-01,20,8,40,4.0000000000000002e-01,9.0450849718747361e-01,9.8097112423710697e-01,2.4816570064828871e-02,2.5402545202942290e-02
exp5_floor,2,2,8,2.9999999999999999e-01,20,9,45,4.5000000000000001e-01,9.7552825814757682e-01,9.8620739488767994e-01,2.5496564331311495e-02,2.5951704904619795e-02
exp5_floor,2,2,8,2.9999999999999999e-01,20,10,50,5.0000000000000000e-01,1.0000000000000000e+00,9.9493608594332417e-01,2.5987194719915729e-02,2.6160247319637623e-02
exp5_floor,2,2,8,2.9999999999999999e-01,20,11,55,5.5000000000000004e-01,9.7552825814757660e-01,9.9583952729718572e-01,2.6124799962016051e-02,2.5951704904619791e-02
exp5_floor,2,2,8,2.9999999999999999e-01,20,12,60,5.9999999999999998e-01,9.0450849718747384e-01,9.8847218725808705e-01,2.5858339902793459e-02,2.5402545202942287e-02
exp5_floor,2,2,8,2.9999999999999999e-01,20,13,65,6.5000000000000002e-01,7.9389262614623668e-01,9.8360681541302009e-01,2.5281777741396831e-02,2.4693231494046147e-02
exp5_floor,2,2,8,2.9999999999999999e-01,20,14,70,7.0000000000000007e-01,6.5450849718747373e-01,9.8211101582406068e-01,2.4575969347442835e-02,2.4008099770868537e-02
exp5_floor,2,2,8,2.9999999999999999e-01,20,15,75,7.5000000000000000e-01,5.0000000000000011e-01,9.8392921917903797e-01,2.3913928800401642e-02,2.3464608641124665e-02
exp5_floor,2,2,8,2.9999999999999999e-01,20,16,80,8.0000000000000004e-01,3.4549150281252644e-01,9.8806309072291909e-01,2.3400330022800005e-02,2.3101327500807272e-02
exp5_floor,2,2,8,2.9999999999999999e-01,20,17,85,8.4999999999999998e-01,2.0610737385376349e-01,9.9291245910596770e-01,2.3064845977786633e-02,2.2900793138314800e-02
exp5_floor,2,2,8,2.9999999999999999e-01,20,18,90,9.0000000000000002e-01,9.5491502812526344e-02,9.9691964499172603e-01,2.2885070338594202e-02,2.2816836559610674e-02
exp5_floor,2,2,8,2.9999999999999999e-01,20,19,95,9.5000000000000007e-01,2.4471741852423248e-02,9.9921970809208116e-01,2.2812794648067427e-02,2.2795709998007382e-02
exp5_floor,2,2,8,2.9999999999999999e-01,20,20,100,1.0000000000000000e+00,0.0000000000000000e+00,9.9994623244726044e-01,2.2795425295170802e-02,2.2794230841712556e-02
exp5_floor,2,2,8,2.9999999999999999e-01,5,1,20,2.0000000000000001e-01,3.4549150281252627e-01,9.8818595601010606e-01,2.2863384563523693e-02,2.3101327500807272e-02
exp5_floor,2,2,8,2.9999999999999999e-01,5,2,40,4.0000000000000002e-01,9.0450849718747361e-01,9.3175152565957320e-01,2.3546237767104322e-02,2.5402545202942290e-02
exp5_floor,2,2,8,2.9999999999999999e-01,5,3,60,5.9999999999999998e-01,9.0450849718747384e-01,9.9999999999967826e-01,2.5402545202942446e-02,2.5402545202942287e-02
exp5_floor,2,2,8,2.9999999999999999e-01,5,4,80,8.0000000000000004e-01,3.4549150281252644e-01,9.3994061885940228e-01,2.5057941699866131e-02,2.3101327500807272e-02
exp5_floor,2,2,8,2.9999999999999999e-01,5,5,100,1.0000000000000000e+00,0.0000000000000000e+00,9.8938891663988859e-01,2.3052090088703701e-02,2.2794230841712556e-02
exp5_floor,2,2,8,5.9999999999999998e-01,2,1,50,5.0000000000000000e-01,1.0000000000000000e+00,6.0410152051035815e-01,2.7820563384456820e-02,5.5526388250430957e-02
exp5_floor,2,2,8,5.9999999999999998e-01,2,2,100,1.0000000000000000e+00,0.0000000000000000e+00,7.3058671305575240e-01,5.3594651203598680e-02,2.2794230841712556e-02
exp5_floor,2,2,8,5.9999999999999998e-01,20,1,5,5.0000000000000003e-02,2.4471741852423214e-02,9.9976290980207760e-01,2.2795513695093535e-02,2.2800152967161529e-02
exp5_floor,2,2,8,5.9999999999999998e-01,20,2,10,1.0000000000000001e-01,9.5491502812526274e-02,9.9669006579987618e-01,2.2818381641789474e-02,2.2885540459621014e-02
exp5_floor,2,2,8,5.9999999999999998e-01,20,3,15,1.4999999999999999e-01,2.0610737385376340e-01,9.8713102917087892e-01,2.2957929144840985e-02,2.3238524110196560e-02
exp5_floor,2,2,8,5.9999999999999998e-01,20,4,20,2.0000000000000001e-01,3.4549150281252627e-01,9.7008666624594697e-01,2.3416265265676920e-02,2.4167618002007046e-02
exp5_floor,2,2,8,5.9999999999999998e-01,20,5,25,2.5000000000000000e-01,4.9999999999999989e-01,9.4763711158068242e-01,2.4518265274014631e-02,2.6160247319637606e-02
exp5_floor,2,2,8,5.9999999999999998e-01,20,6,30,2.9999999999999999e-01,6.5450849718747373e-01,9.2431818004258681e-01,2.6780932315346381e-02,2.9920043506843332e-02
exp5_floor,2,2,8,5.9999999999999998e-01,20,7,35,3.5000000000000003e-01,7.9389262614623646e-01,9.0673337500972728e-01,3.0934805005387721e-02,3.6110104178608673e-02
exp5_floor,2,2,8,5.9999999999999998e-01,20,8,40,4.0000000000000002e-01,9.0450849718747361e-01,9.0364262456201472e-01,3.7554648342981639e-02,4.4394743958161634e-02
exp5_floor,2,2,8,5.9999999999999998e-01,20,9,45,4.5000000000000001e-01,9.7552825814757682e-01,9.2422206156244857e-01,4.5902244416377198e-02,5.2219439051349806e-02
exp5_floor,2,2,8,5.9999999999999998e-01,20,10,50,5.0000000000000000e-01,1.0000000000000000e+00,9.7055444102536581e-01,5.2915445851225179e-02,5.5526388250430957e-02
exp5_floor,2,2,8,5.9999999999999998e-01,20,11,55,5.5000000000000004e-01,9.7552825814757660e-01,9.8675556072180937e-01,5.4802474832605627e-02,5.2219439051349764e-02
exp5_floor,2,2,8,5.9999999999999998e-01,20,12,60,5.9999999999999998e-01,9.0450849718747384e-01,9.6295186025748336e-01,5.0539770221617764e-02,4.4394743958161655e-02
exp5_floor,2,2,8,5.9999999999999998e-01,20,13,65,6.5000000000000002e-01,7.9389262614623668e-01,9.4592025885395814e-01,4.2730872316038171e-02,3.6110104178608715e-02
exp5_floor,2,2,8,5.9999999999999998e-01,20,14,70,7.0000000000000007e-01,6.5450849718747373e-01,9.3865652428520929e-01,3.4969060640591715e-02,2.9920043506843332e-02
exp5_floor,2,2,8,5.9999999999999998e-01,20,15,75,7.5000000000000000e-01,5.0000000000000011e-01,9.4236792721170848e-01,2.9276074383115608e-02,2.6160247319637616e-02
exp5_floor,2,2,8,5.9999999999999998e-01,20,16,80,8.0000000000000004e-01,3.4549150281252644e-01,9.5531636407385534e-01,2.5830900213125885e-02,2.4167618002007049e-02
exp5_floor,2,2,8,5.9999999999999998e-01,20,17,85,8.4999999999999998e-01,2.0610737385376349e-01,9.7255770006356435e-01,2.4012414499692217e-02,2.3238524110196571e-02
exp5_floor,2,2,8,5.9999999999999998e-01,20,18,90,9.0000000000000002e-01,9.5491502812526344e-02,9.8782147854342384e-01,2.3176891758269907e-02,2.2885540459621021e-02
exp5_floor,2,2,8,5.9999999999999998e-01,20,19,95,9.5000000000000007e-01,2.4471741852423248e-02,9.9688646140594117e-01,2.2869847972399861e-02,2.2800152967161525e-02
exp5_floor,2,2,8,5.9999999999999998e-01,20,20,100,1.0000000000000000e+00,0.0000000000000000e+00,9.9978496225111702e-01,2.2799026661172672e-02,2.2794230841712556e-02
exp5_floor,2,2,8,5.9999999999999998e-01,5,1,20,2.0000000000000001e-01,3.4549150281252627e-01,9.5274382404042468e-01,2.3104771600733157e-02,2.4167618002007046e-02
exp5_floor,2,2,8,5.9999999999999998e-01,5,2,40,4.0000000000000002e-01,9.0450849718747361e-01,7.1605022477147173e-01,2.7067539373720442e-02,4.4394743958161634e-02
exp5_floor,2,2,8,5.9999999999999998e-01,5,3,60,5.9999999999999998e-01,9.0450849718747384e-01,9.9999999999956291e-01,4.4394743958161696e-02,4.4394743958161655e-02
exp5_floor,2,2,8,5.9999999999999998e-01,5,4,80,8.0000000000000004e-01,3.4549150281252644e-01,8.0041988443676237e-01,4.1025452786328652e-02,2.4167618002007049e-02
exp5_floor,2,2,8,5.9999999999999998e-01,5,5,100,1.0000000000000000e+00,0.0000000000000000e+00,9.5877514234239691e-01,2.3994715306117017e-02,2.2794230841712556e-02
exp5_floor,3,2,8,2.9999999999999999e-01,2,1,50,5.0000000000000000e-01,1.0000000000000000e+00,9.0102538012759037e-01,1.6492673606448456e-03,2.3431656758700755e-03
exp5_floor,3,2,8,2.9999999999999999e-01,2,2,100,1.0000000000000000e+00,0.0000000000000000e+00,9.1711066652447248e-01,1.8959891477605339e-03,1.5153120508749299e-03
exp5_floor,3,2,8,2.9999999999999999e-01,20,1,5,5.0000000000000003e-02,2.4471741852423214e-02,9.9994072745051943e-01,1.5153643913977865e-03,1.5156459681037082e-03
exp5_floor,3,2,8,2.9999999999999999e-01,20,2,10,1.0000000000000001e-01,9.5491502812526274e-02,9.9917267524952380e-01,1.5166706147050407e-03,1.5204150682532219e-03
exp5_floor,3,2,8,2.9999999999999999e-01,20,3,15,1.4999999999999999e-01,2.0610737385376340e-01,9.9679202130442190e-01,1.5251557658314812e-03,1.5394094745083628e-03
exp5_floor,3,2,8,2.9999999999999999e-01,20,4,20,2.0000000000000001e-01,3.4549150281252627e-01,9.9262168698822639e-01,1.5518424825161905e-03,1.5851296824683199e-03
exp5_floor,3,2,8,2.9999999999999999e-01,20,5,25,2.5000000000000000e-01,4.9999999999999989e-01,9.8740474515302301e-01,1.6095872978614924e-03,1.6692648607817147e-03
exp5_floor,3,2,8,2.9999999999999999e-01,20,6,30,2.9999999999999999e-01,6.5450849718747373e-01,9.8260397997746474e-01,1.7088535104270372e-03,1.7982077062994296e-03
exp5_floor,3,2,8,2.9999999999999999e-01,20,7,35,3.5000000000000003e-01,7.9389262614623646e-01,9.7996844014214579e-01,1.8519344356486922e-03,1.9658289372875902e-03
exp5_floor,3,2,8,2.9999999999999999e-01,20,8,40,4.0000000000000002e-01,9.0450849718747361e-01,9.8097112423710697e-01,2.0253421157711716e-03,2.1451846224040468e-03
exp5_floor,3,2,8,2.9999999999999999e-01,20,9,45,4.5000000000000001e-01,9.7552825814757682e-01,9.8620739488767994e-01,2.1940775291780725e-03,2.2880265074013660e-03
exp5_floor,3,2,8,2.9999999999999999e-01,20,10,50,5.0000000000000000e-01,1.0000000000000000e+00,9.9493608594332417e-01,2.3074758120889779e-03,2.3431656758700755e-03
exp5_floor,3,2,8,2.9999999999999999e-01,20,11,55,5.5000000000000004e-01,9.7552825814757660e-01,9.9583952729718572e-01,2.3231622147412085e-03,2.2880265074013682e-03
exp5_floor,3,2,8,2.9999999999999999e-01,20,12,60,5.9999999999999998e-01,9.0450849718747384e-01,9.8847218725808705e-01,2.2350013857769693e-03,2.1451846224040450e-03
exp5_floor,3,2,8,2.9999999999999999e-01,20,13,65,6.5000000000000002e-01,7.9389262614623668e-01,9.8360681541302009e-01,2.0776414843601647e-03,1.9658289372875880e-03
exp5_floor,3,2,8,2.9999999999999999e-01,20,14,70,7.0000000000000007e-01,6.5450849718747373e-01,9.8211101582406068e-01,1.9024847211658548e-03,1.7982077062994296e-03
exp5_floor,3,2,8,2.9999999999999999e-01,20,15,75,7.5000000000000000e-01,5.0000000000000011e-01,9.8392921917903797e-01,1.7498252571923520e-03,1.6692648607817117e-03
exp5_floor,3,2,8,2.9999999999999999e-01,20,16,80,8.0000000000000004e-01,3.4549150281252644e-01,9.8806309072291909e-01,1.6381176169932041e-03,1.5851296824683227e-03
exp5_floor,3,2,8,2.9999999999999999e-01,20,17,85,8.4999999999999998e-01,2.0610737385376349e-01,9.9291245910596770e-01,1.5683719558080714e-03,1.5394094745083660e-03
exp5_floor,3,2,8,2.9999999999999999e-01,20,18,90,9.0000000000000002e-01,9.5491502812526344e-02,9.9691964499172603e-01,1.5323750902241982e-03,1.5204150682532210e-03
exp5_floor,3,2,8,2.9999999999999999e-01,20,19,95,9.5000000000000007e-01,2.4471741852423248e-02,9.9921970809208116e-01,1.5185406355805323e-03,1.5156459681037076e-03
exp5_floor,3,2,8,2.9999999999999999e-01,20,20,100,1.0000000000000000e+00,0.0000000000000000e+00,9.9994623244726044e-01,1.5154974723911912e-03,1.5153120508749299e-03
exp5_floor,3,2,8,2.9999999999999999e-01,5,1,20,2.0000000000000001e-01,3.4549150281252627e-01,9.8818595601010606e-01,1.5262297671291294e-03,1.5851296824683199e-03
exp5_floor,3,2,8,2.9999999999999999e-01,5,2,40,4.0000000000000002e-01,9.0450849718747361e-01,9.3175152565957320e-01,1.7163325506753284e-03,2.1451846224040468e-03
exp5_floor,3,2,8,2.9999999999999999e-01,5,3,60,5.9999999999999998e-01,9.0450849718747384e-01,9.9999999999967826e-01,2.1451846224040724e-03,2.1451846224040450e-03
exp5_floor,3,2,8,2.9999999999999999e-01,5,4,80,8.0000000000000004e-01,3.4549150281252644e-01,9.3994061885940228e-01,1.8870035098411115e-03,1.5851296824683227e-03
exp5_floor,3,2,8,2.9999999999999999e-01,5,5,100,1.0000000000000000e+00,0.0000000000000000e+00,9.8938891663988859e-01,1.5515464690479153e-03,1.5153120508749299e-03
exp5_floor,3,2,8,5.9999999999999998e-01,2,1,50,5.0000000000000000e-01,1.0000000000000000e+00,6.0410152051035815e-01,2.7413292385444162e-03,1.3596809326979153e-02
exp5_floor,3,2,8,5.9999999999999998e-01,2,2,100,1.0000000000000000e+00,0.0000000000000000e+00,7.3058671305575240e-01,6.6669405108688278e-03,1.5153120508749299e-03
exp5_floor,3,2,8,5.9999999999999998e-01,20,1,5,5.0000000000000003e-02,2.4471741852423214e-02,9.9976290980207760e-01,1.5155212142220567e-03,1.5166488086337574e-03
exp5_floor,3,2,8,5.9999999999999998e-01,20,2,10,1.0000000000000001e-01,9.5491502812526274e-02,9.9669006579987618e-01,1.5207939643953543e-03,1.5359526984824096e-03
exp5_floor,3,2,8,5.9999999999999998e-01,20,3,15,1.4999999999999999e-01,2.0610737385376340e-01,9.8713102917087892e-01,1.5563298832430648e-03,1.6167066137646486e-03
exp5_floor,3,2,8,5.9999999999999998e-01,20,4,20,2.0000000000000001e-01,3.4549150281252627e-01,9.7008666624594697e-01,1.6779467095589060e-03,1.8367347786403102e-03
exp5_floor,3,2,8,5.9999999999999998e-01,20,5,25,2.5000000000000000e-01,4.9999999999999989e-01,9.4763711158068242e-01,1.9852000209013157e-03,2.3431656758700721e-03
exp5_floor,3,2,8,5.9999999999999998e-01,20,6,30,2.9999999999999999e-01,6.5450849718747373e-01,9.2431818004258681e-01,2.6606970329187186e-03,3.4165553171365708e-03
exp5_floor,3,2,8,5.9999999999999998e-01,20,7,35,3.5000000000000003e-01,7.9389262614623646e-01,9.0673337500972728e-01,4.0248585585880795e-03,5.4666085853631403e-03
exp5_floor,3,2,8,5.9999999999999998e-01,20,8,40,4.0000000000000002e-01,9.0450849718747361e-01,9.0364262456201472e-01,6.4431935209042753e-03,8.6549103535543126e-03
exp5_floor,3,2,8,5.9999999999999998e-01,20,9,45,4.5000000000000001e-01,9.7552825814757682e-01,9.2422206156244857e-01,9.7677441436563820e-03,1.2056281829026143e-02
exp5_floor,3,2,8,5.9999999999999998e-01,20,10,50,5.0000000000000000e-01,1.0000000000000000e+00,9.7055444102536581e-01,1.2603073958279747e-02,1.3596809326979153e-02
exp5_floor,3,2,8,5.9999999999999998e-01,20,11,55,5.5000000000000004e-01,9.7552825814757660e-01,9.8675556072180937e-01,1.3007835993068399e-02,1.2056281829026115e-02
exp5_floor,3,2,8,5.9999999999999998e-01,20,12,60,5.9999999999999998e-01,9.0450849718747384e-01,9.6295186025748336e-01,1.0681936957703505e-02,8.6549103535543195e-03
exp5_floor,3,2,8,5.9999999999999998e-01,20,13,65,6.5000000000000002e-01,7.9389262614623668e-01,9.4592025885395814e-01,7.3183957994416380e-03,5.4666085853631386e-03
exp5_floor,3,2,8,5.9999999999999998e-01,20,14,70,7.0000000000000007e-01,6.5450849718747373e-01,9.3865652428520929e-01,4.5899527179850911e-03,3.4165553171365708e-03
exp5_floor,3,2,8,5.9999999999999998e-01,20,15,75,7.5000000000000000e-01,5.0000000000000011e-01,9.4236792721170848e-01,2.9583803709504423e-03,2.3431656758700742e-03
exp5_floor,3,2,8,5.9999999999999998e-01,20,16,80,8.0000000000000004e-01,3.4549150281252644e-01,9.5531636407385534e-01,2.1321019261337773e-03,1.8367347786403055e-03
exp5_floor,3,2,8,5.9999999999999998e-01,20,17,85,8.4999999999999998e-01,2.0610737385376349e-01,9.7255770006356435e-01,1.7482174098148945e-03,1.6167066137646462e-03
exp5_floor,3,2,8,5.9999999999999998e-01,20,18,90,9.0000000000000002e-01,9.5491502812526344e-02,9.8782147854342384e-01,1.5850402187527755e-03,1.5359526984824090e-03
exp5_floor,3,2,8,5.9999999999999998e-01,20,19,95,9.5000000000000007e-01,2.4471741852423248e-02,9.9688646140594117e-01,1.5281734830092624e-03,1.5166488086337602e-03
exp5_floor,3,2,8,5.9999999999999998e-01,20,20,100,1.0000000000000000e+00,0.0000000000000000e+00,9.9978496225111702e-01,1.5160505282392216e-03,1.5153120508749299e-03
exp5_floor,3,2,8,5.9999999999999998e-01,5,1,20,2.0000000000000001e-01,3.4549150281252627e-01,9.5274382404042468e-01,1.5669833392287493e-03,1.8367347786403102e-03
exp5_floor,3,2,8,5.9999999999999998e-01,5,2,40,4.0000000000000002e-01,9.0450849718747361e-01,7.1605022477147173e-01,2.9292604226807957e-03,8.6549103535543126e-03
exp5_floor,3,2,8,5.9999999999999998e-01,5,3,60,5.9999999999999998e-01,9.0450849718747384e-01,9.9999999999956291e-01,8.6549103535545242e-03,8.6549103535543195e-03
exp5_floor,3,2,8,5.9999999999999998e-01,5,4,80,8.0000000000000004e-01,3.4549150281252644e-01,8.0041988443676237e-01,4.7004143504529037e-03,1.8367347786403055e-03
exp5_floor,3,2,8,5.9999999999999998e-01,5,5,100,1.0000000000000000e+00,0.0000000000000000e+00,9.5877514234239691e-01,1.6713203323465429e-03,1.5153120508749299e-03
exp5_floor,3,3,8,5.9999999999999998e-01,2,1,50,5.0000000000000000e-01,1.0000000000000000e+00,6.3910880216150301e-01,1.7315001877174436e-03,1.3597849167838532e-02
exp5_floor,3,3,8,5.9999999999999998e-01,2,2,100,1.0000000000000000e+00,0.0000000000000000e+00,7.3555111804223827e-01,1.2761736370926952e-02,1.5153128781669541e-03
exp5_floor,3,3,8,5.9999999999999998e-01,5,1,20,2.0000000000000001e-01,3.4549150281252627e-01,9.5692244645823055e-01,1.5331727868385877e-03,1.8367421726802984e-03
exp5_floor,3,3,8,5.9999999999999998e-01,5,2,40,4.0000000000000002e-01,9.0450849718747361e-01,7.3628029190188460e-01,2.0889549242906727e-03,8.6558181787224804e-03
exp5_floor,3,3,8,5.9999999999999998e-01,5,3,60,5.9999999999999998e-01,9.0450849718747384e-01,9.9999999999937195e-01,8.6558181787223035e-03,8.6558181787224839e-03
exp5_floor,3,3,8,5.9999999999999998e-01,5,4,80,8.0000000000000004e-01,3.4549150281252644e-01,8.0595390429635283e-01,7.6302520257310307e-03,1.8367421726802964e-03
exp5_floor,3,3,8,5.9999999999999998e-01,5,5,100,1.0000000000000000e+00,0.0000000000000000e+00,9.5877385601859311e-01,1.8037134937989240e-03,1.5153128781669541e-03
