exp,tag,op,gauge,opname,N,p,q,np,field,eps,reps,rss_start_mb,t_mesh,t_spaces,t_ops,t_build,t_ops_M2_internal,rss_build_mb,rss_build_sum_mb,peak_build_mb,peak_build_sum_mb,ne,nd,rt,l2,h1,loc_nd_max,loc_rt_max,loc_ne_max,h,nnz_C,nnz_D,nnz_G,nnz_C_per_nd,nnz_D_per_rt,mem_note
exp7_perf,r1,none,none,none,16,1,1,1,abc,2.9999999999999999e-01,2,1.8519531250000000e+01,6.6808609000000005e-02,1.0471110000000006e-02,2.8564011000000000e-02,1.0584373000000001e-01,1.4989191999999998e-02,4.1089843750000000e+01,4.1089843750000000e+01,4.1089843750000000e+01,4.1089843750000000e+01,4096,12288,12288,4096,4096,12288,12288,4096,6.2500000000000000e-02,49152,24576,24576,4.0000000000000000e+00,2.0000000000000000e+00,baseline
exp7_perf,r2,none,none,none,16,1,1,1,abc,2.9999999999999999e-01,2,1.8507812500000000e+01,5.7468197000000006e-02,9.1795450000000042e-03,2.5100714999999996e-02,9.1748457000000005e-02,1.2785318999999989e-02,4.1222656250000000e+01,4.1222656250000000e+01,4.1222656250000000e+01,4.1222656250000000e+01,4096,12288,12288,4096,4096,12288,12288,4096,6.2500000000000000e-02,49152,24576,24576,4.0000000000000000e+00,2.0000000000000000e+00,baseline
exp7_perf,r1,none,none,none,32,1,1,1,abc,2.9999999999999999e-01,2,1.8425781250000000e+01,5.7253187500000002e-01,8.5603535000000064e-02,2.2013590800000005e-01,8.7827131800000013e-01,1.0940257399999997e-01,1.6639453125000000e+02,1.6639453125000000e+02,1.6639453125000000e+02,1.6639453125000000e+02,32768,98304,98304,32768,32768,98304,98304,32768,3.1250000000000000e-02,393216,196608,196608,4.0000000000000000e+00,2.0000000000000000e+00,baseline
exp7_perf,r2,none,none,none,32,1,1,1,abc,2.9999999999999999e-01,2,1.8941406250000000e+01,5.4272289099999993e-01,8.1025620999999992e-02,2.1940709400000002e-01,8.4315560599999995e-01,1.1074499700000007e-01,1.6695703125000000e+02,1.6695703125000000e+02,1.6695703125000000e+02,1.6695703125000000e+02,32768,98304,98304,32768,32768,98304,98304,32768,3.1250000000000000e-02,393216,196608,196608,4.0000000000000000e+00,2.0000000000000000e+00,baseline
exp7_perf,r1,none,none,none,8,2,2,1,abc,2.9999999999999999e-01,2,1.8609375000000000e+01,1.2989041000000000e-02,3.9970550000000011e-03,3.6385469000000004e-02,5.3371565000000003e-02,1.7998820000000006e-02,3.5468750000000000e+01,3.5468750000000000e+01,3.5468750000000000e+01,3.5468750000000000e+01,512,12288,12288,4096,4096,12288,12288,512,1.2500000000000000e-01,73728,36864,36864,6.0000000000000000e+00,3.0000000000000000e+00,baseline
exp7_perf,r2,none,none,none,8,2,2,1,abc,2.9999999999999999e-01,2,1.8554687500000000e+01,1.4106143000000000e-02,4.3632529999999992e-03,3.6432227999999997e-02,5.4901623999999996e-02,1.7715316999999994e-02,3.5519531250000000e+01,3.5519531250000000e+01,3.5519531250000000e+01,3.5519531250000000e+01,512,12288,12288,4096,4096,12288,12288,512,1.2500000000000000e-01,73728,36864,36864,6.0000000000000000e+00,3.0000000000000000e+00,baseline
exp7_perf,r1,none,none,none,8,3,3,1,abc,2.9999999999999999e-01,2,1.8390625000000000e+01,1.7050978999999997e-02,7.6795519999999992e-03,1.8143554100000001e-01,2.0616607200000001e-01,8.8044308000000002e-02,6.6382812500000000e+01,6.6382812500000000e+01,6.6382812500000000e+01,6.6382812500000000e+01,512,41472,41472,13824,13824,41472,41472,512,1.2500000000000000e-01,331776,165888,165888,8.0000000000000000e+00,4.0000000000000000e+00,baseline
exp7_perf,r2,none,none,none,8,3,3,1,abc,2.9999999999999999e-01,2,1.8453125000000000e+01,2.0977622000000001e-02,9.5668419999999990e-03,2.2813509099999996e-01,2.5867955499999995e-01,1.1155742899999999e-01,6.6542968750000000e+01,6.6542968750000000e+01,6.6542968750000000e+01,6.6542968750000000e+01,512,41472,41472,13824,13824,41472,41472,512,1.2500000000000000e-01,331776,165888,165888,8.0000000000000000e+00,4.0000000000000000e+00,baseline
exp7_perf,r1,none,none,none,8,4,4,1,abc,2.9999999999999999e-01,2,1.8652343750000000e+01,3.2683632999999997e-02,2.5980030999999994e-02,8.0094980600000010e-01,8.5961347000000010e-01,3.8838799299999999e-01,1.3794531250000000e+02,1.3794531250000000e+02,1.3794531250000000e+02,1.3794531250000000e+02,512,98304,98304,32768,32768,98304,98304,512,1.2500000000000000e-01,983040,491520,491520,1.0000000000000000e+01,5.0000000000000000e+00,baseline
exp7_perf,r2,none,none,none,8,4,4,1,abc,2.9999999999999999e-01,2,1.8460937500000000e+01,3.8746603999999997e-02,2.6468178000000002e-02,9.2266892499999997e-01,9.8788370699999994e-01,4.6330610200000000e-01,1.3787890625000000e+02,1.3787890625000000e+02,1.3787890625000000e+02,1.3787890625000000e+02,512,98304,98304,32768,32768,98304,98304,512,1.2500000000000000e-01,983040,491520,491520,1.0000000000000000e+01,5.0000000000000000e+00,baseline
exp7_perf,r1,none,none,none,16,2,2,1,abc,2.9999999999999999e-01,2,1.8527343750000000e+01,9.5838105000000007e-02,2.3565468000000034e-02,2.8904979800000008e-01,4.0845337100000012e-01,1.4641611600000004e-01,1.2044531250000000e+02,1.2044531250000000e+02,1.2044531250000000e+02,1.2044531250000000e+02,4096,98304,98304,32768,32768,98304,98304,4096,6.2500000000000000e-02,589824,294912,294912,6.0000000000000000e+00,3.0000000000000000e+00,baseline
exp7_perf,r2,none,none,none,16,2,2,1,abc,2.9999999999999999e-01,2,1.8460937500000000e+01,9.3607613999999992e-02,2.3846816999999992e-02,3.0599536099999997e-01,4.2344979199999994e-01,1.4842956400000007e-01,1.2055078125000000e+02,1.2055078125000000e+02,1.2055078125000000e+02,1.2055078125000000e+02,4096,98304,98304,32768,32768,98304,98304,4096,6.2500000000000000e-02,589824,294912,294912,6.0000000000000000e+00,3.0000000000000000e+00,baseline
exp7_perf,r1,none,none,none,16,2,2,2,abc,2.9999999999999999e-01,2,1.9011718750000000e+01,7.6525833000000043e-02,1.1945035999999964e-02,1.5338148799999995e-01,2.4185235699999996e-01,7.4706869999999981e-02,7.4199218750000000e+01,1.4660156250000000e+02,7.4199218750000000e+01,1.4660156250000000e+02,4096,98304,98304,32768,32768,51200,50176,2048,6.2500000000000000e-02,589824,294912,294912,6.0000000000000000e+00,3.0000000000000000e+00,baseline
exp7_perf,r2,none,none,none,16,2,2,2,abc,2.9999999999999999e-01,2,1.9062500000000000e+01,9.4618176000000012e-02,1.3227048000000005e-02,1.5573604900000002e-01,2.6358127300000000e-01,7.5556802000000006e-02,7.4078125000000000e+01,1.4622265625000000e+02,7.4078125000000000e+01,1.4622265625000000e+02,4096,98304,98304,32768,32768,51200,50176,2048,6.2500000000000000e-02,589824,294912,294912,6.0000000000000000e+00,3.0000000000000000e+00,baseline
exp7_perf,r1,none,none,none,16,2,2,4,abc,2.9999999999999999e-01,2,1.8933593750000000e+01,1.6541720900000001e-01,4.1627456999999951e-02,9.1623925999999911e-02,2.9866859199999984e-01,4.4009329999999958e-02,4.9707031250000000e+01,1.9794921875000000e+02,4.9707031250000000e+01,1.9794921875000000e+02,4096,98304,98304,32768,32768,27312,26004,1031,6.2500000000000000e-02,589824,294912,294912,6.0000000000000000e+00,3.0000000000000000e+00,baseline
exp7_perf,r2,none,none,none,16,2,2,4,abc,2.9999999999999999e-01,2,1.9019531250000000e+01,8.7137047999999995e-02,9.1740160000000071e-03,7.7318957000000008e-02,1.7363002100000002e-01,3.8259754000000007e-02,4.9832031250000000e+01,1.9786718750000000e+02,4.9832031250000000e+01,1.9786718750000000e+02,4096,98304,98304,32768,32768,27312,26004,1031,6.2500000000000000e-02,589824,294912,294912,6.0000000000000000e+00,3.0000000000000000e+00,baseline
exp7_perf,r1,none,none,none,16,3,3,1,abc,2.9999999999999999e-01,2,1.8445312500000000e+01,1.6457900000000000e-01,5.0515834000000009e-02,1.8908689930000000e+00,2.1059638270000001e+00,9.2182132799999983e-01,3.6083203125000000e+02,3.6083203125000000e+02,3.6083203125000000e+02,3.6083203125000000e+02,4096,331776,331776,110592,110592,331776,331776,4096,6.2500000000000000e-02,2654208,1327104,1327104,8.0000000000000000e+00,4.0000000000000000e+00,baseline
exp7_perf,r2,none,none,none,16,3,3,1,abc,2.9999999999999999e-01,2,1.8718750000000000e+01,1.5032424400000000e-01,4.2754084000000026e-02,1.5808817890000002e+00,1.7739601170000001e+00,7.8045747400000010e-01,3.6094531250000000e+02,3.6094531250000000e+02,3.6094531250000000e+02,3.6094531250000000e+02,4096,331776,331776,110592,110592,331776,331776,4096,6.2500000000000000e-02,2654208,1327104,1327104,8.0000000000000000e+00,4.0000000000000000e+00,baseline
exp7_perf,r1,none,none,none,16,3,3,2,abc,2.9999999999999999e-01,2,1.9128906250000000e+01,1.2747169900000010e-01,2.9462029000000056e-02,8.5128051800000004e-01,1.0082142460000001e+00,4.3930046200000006e-01,1.9931640625000000e+02,3.9359375000000000e+02,1.9931640625000000e+02,3.9359375000000000e+02,4096,331776,331776,110592,110592,170496,168192,2048,6.2500000000000000e-02,2654208,1327104,1327104,8.0000000000000000e+00,4.0000000000000000e+00,baseline
exp7_perf,r2,none,none,none,16,3,3,2,abc,2.9999999999999999e-01,2,1.9093750000000000e+01,1.6605616700000000e-01,2.7033001000000001e-02,9.0944246200000001e-01,1.1025316300000001e+00,4.4850980600000012e-01,1.9973437500000000e+02,3.9350781250000000e+02,1.9973437500000000e+02,3.9350781250000000e+02,4096,331776,331776,110592,110592,170496,168192,2048,6.2500000000000000e-02,2654208,1327104,1327104,8.0000000000000000e+00,4.0000000000000000e+00,baseline
exp7_perf,r1,none,none,none,16,3,3,4,abc,2.9999999999999999e-01,2,1.8800781250000000e+01,1.0866587400000000e-01,1.4624183999999998e-02,4.8337380699999999e-01,6.0666386500000002e-01,2.4269679300000002e-01,1.1504296875000000e+02,4.4731250000000000e+02,1.1504296875000000e+02,4.4731250000000000e+02,4096,331776,331776,110592,110592,89253,86346,1031,6.2500000000000000e-02,2654208,1327104,1327104,8.0000000000000000e+00,4.0000000000000000e+00,baseline
exp7_perf,r2,none,none,none,16,3,3,4,abc,2.9999999999999999e-01,2,1.8953125000000000e+01,1.1286503500000000e-01,1.4349537000000009e-02,5.1980381899999994e-01,6.4701839100000003e-01,2.7407191399999997e-01,1.1521484375000000e+02,4.4794921875000000e+02,1.1521484375000000e+02,4.4794921875000000e+02,4096,331776,331776,110592,110592,89253,86346,1031,6.2500000000000000e-02,2654208,1327104,1327104,8.0000000000000000e+00,4.0000000000000000e+00,baseline
exp7_perf,r1,none,none,none,24,2,2,1,abc,2.9999999999999999e-01,2,1.8558593750000000e+01,2.8453939400000006e-01,6.5669026000000019e-02,8.8281090299999987e-01,1.2330193229999999e+00,4.2834582199999993e-01,3.5015234375000000e+02,3.5015234375000000e+02,3.5015234375000000e+02,3.5015234375000000e+02,13824,331776,331776,110592,110592,331776,331776,13824,4.1666666666666664e-02,1990656,995328,995328,6.0000000000000000e+00,3.0000000000000000e+00,baseline
exp7_perf,r2,none,none,none,24,2,2,1,abc,2.9999999999999999e-01,2,1.8933593750000000e+01,3.3788767099999995e-01,7.8693928999999940e-02,1.0447614850000000e+00,1.4613430849999998e+00,4.9537066200000013e-01,3.5031250000000000e+02,3.5031250000000000e+02,3.5031250000000000e+02,3.5031250000000000e+02,13824,331776,331776,110592,110592,331776,331776,13824,4.1666666666666664e-02,1990656,995328,995328,6.0000000000000000e+00,3.0000000000000000e+00,baseline
exp7_perf,r1,none,none,none,24,2,2,2,abc,2.9999999999999999e-01,2,1.8945312500000000e+01,3.0232005099999998e-01,4.2882680000000006e-02,4.9257219200000002e-01,8.3777492300000000e-01,2.3287269600000005e-01,1.9030078125000000e+02,3.8025390625000000e+02,1.9030078125000000e+02,3.8025390625000000e+02,13824,331776,331776,110592,110592,170880,168384,6912,4.1666666666666664e-02,1990656,995328,995328,6.0000000000000000e+00,3.0000000000000000e+00,baseline
exp7_perf,r2,none,none,none,24,2,2,2,abc,2.9999999999999999e-01,2,1.9136718750000000e+01,2.9552457499999996e-01,4.5835746999999982e-02,5.2458795800000002e-01,8.6594828000000001e-01,2.5405031000000000e-01,1.8992578125000000e+02,3.7985156250000000e+02,1.8992578125000000e+02,3.7985156250000000e+02,13824,331776,331776,110592,110592,170880,168384,6912,4.1666666666666664e-02,1990656,995328,995328,6.0000000000000000e+00,3.0000000000000000e+00,baseline
exp7_perf,r1,none,none,none,24,2,2,4,abc,2.9999999999999999e-01,2,1.9125000000000000e+01,2.6120061200000000e-01,2.3037253000000035e-02,2.6968088100000004e-01,5.5391874600000013e-01,1.3565316999999999e-01,1.1007421875000000e+02,4.3223828125000000e+02,1.1007421875000000e+02,4.3223828125000000e+02,13824,331776,331776,110592,110592,89352,86844,3516,4.1666666666666664e-02,1990656,995328,995328,6.0000000000000000e+00,3.0000000000000000e+00,baseline
exp7_perf,r2,none,none,none,24,2,2,4,abc,2.9999999999999999e-01,2,1.9050781250000000e+01,3.0030271399999997e-01,2.1528659999999977e-02,2.7047001799999998e-01,5.9230139199999998e-01,1.3910886899999997e-01,1.0999609375000000e+02,4.3213281250000000e+02,1.0999609375000000e+02,4.3213281250000000e+02,13824,331776,331776,110592,110592,89352,86844,3516,4.1666666666666664e-02,1990656,995328,995328,6.0000000000000000e+00,3.0000000000000000e+00,baseline
exp7_perf,r1,none,none,none,32,2,2,1,abc,2.9999999999999999e-01,2,1.8855468750000000e+01,7.9670778900000006e-01,1.6040527400000004e-01,2.5414927870000001e+00,3.4986058500000001e+00,1.2763429229999996e+00,7.9726562500000000e+02,7.9726562500000000e+02,7.9726562500000000e+02,7.9726562500000000e+02,32768,786432,786432,262144,262144,786432,786432,32768,3.1250000000000000e-02,4718592,2359296,2359296,6.0000000000000000e+00,3.0000000000000000e+00,baseline
exp7_perf,r2,none,none,none,32,2,2,1,abc,2.9999999999999999e-01,2,1.8832031250000000e+01,7.5859759300000007e-01,1.9166347600000000e-01,2.3494245469999999e+00,3.2996856160000001e+00,1.0582164060000001e+00,7.9713281250000000e+02,7.9713281250000000e+02,7.9713281250000000e+02,7.9713281250000000e+02,32768,786432,786432,262144,262144,786432,786432,32768,3.1250000000000000e-02,4718592,2359296,2359296,6.0000000000000000e+00,3.0000000000000000e+00,baseline
exp7_perf,r1,none,none,none,12,4,4,1,abc,2.9999999999999999e-01,2,1.8625000000000000e+01,1.1829883099999999e-01,5.6884919999999992e-02,3.0879946670000002e+00,3.2631784180000003e+00,1.5155105240000000e+00,4.0116406250000000e+02,4.0116406250000000e+02,4.0116406250000000e+02,4.0116406250000000e+02,1728,331776,331776,110592,110592,331776,331776,1728,8.3333333333333329e-02,3317760,1658880,1658880,1.0000000000000000e+01,5.0000000000000000e+00,baseline
exp7_perf,r2,none,none,none,12,4,4,1,abc,2.9999999999999999e-01,2,1.8652343750000000e+01,1.3010768699999997e-01,5.4497092999999996e-02,3.1455581790000000e+00,3.3301629589999999e+00,1.5105906869999999e+00,4.0114453125000000e+02,4.0114453125000000e+02,4.0114453125000000e+02,4.0114453125000000e+02,1728,331776,331776,110592,110592,331776,331776,1728,8.3333333333333329e-02,3317760,1658880,1658880,1.0000000000000000e+01,5.0000000000000000e+00,baseline
